# Shared country borders at 1:10m, Natural Earth.
# lon lat lon lat …  Longitudes may run past ±180; see Tools/make_mapdata.py
-124.759 48.494 -124.005 48.28 -123.585 48.213 -123.528 48.216 -123.273 48.267 -123.232 48.289 -123.119 48.415 -123.178 48.467 -123.213 48.533 -123.26 48.683 -123.005 48.757 -123.003 48.785 -123.005 48.815 -123.313 48.993
11.438 58.992 11.401 59.026 11.377 59.079 11.358 59.1 11.317 59.106 11.204 59.099 11.132 59.073 11.117 59.053 11.09 58.981 11.054 58.961 10.907 58.937
8.394 55.096 8.452 55.071 8.466 55.059 8.477 55.004 8.487 54.993 8.543 54.973 8.555 54.92 8.661 54.896
9.438 54.81 9.586 54.879 9.605 54.854 9.679 54.828 9.76 54.819 9.885 54.831 9.924 54.824 10.039 54.768
104.068 1.277 104.065 1.396 104.052 1.416 104.026 1.419 103.952 1.409 103.84 1.462 103.81 1.46 103.772 1.443 103.695 1.436 103.676 1.417 103.577 1.276 103.6 1.206
-58.2 -32.447 -58.207 -32.487 -58.176 -32.662 -58.162 -32.782 -58.141 -32.836 -58.111 -32.875 -58.097 -32.933 -58.1 -32.987 -58.11 -33.042 -58.153 -33.088 -58.184 -33.1 -58.223 -33.104 -58.364 -33.106 -58.383 -33.121 -58.394 -33.159 -58.397 -33.201 -58.38 -33.288 -58.385 -33.308 -58.431 -33.352 -58.451 -33.401 -58.451 -33.48 -58.481 -33.554 -58.483 -33.588 -58.461 -33.8 -58.425 -33.918
24.159 65.799 24.149 65.782 24.115 65.753 24.194 65.696 24.182 65.669 24.198 65.647 24.198 65.624 24.174 65.576 24.117 65.505
24.163 65.823 24.159 65.799
14.264 53.7 14.277 53.735 14.263 53.78 14.232 53.818 14.201 53.877
48.597 29.931 48.56 29.958 48.531 29.961
89.06 22.13 89.049 22.079 89.072 22.017 89.075 21.957 89.07 21.936 89.026 21.916 89.04 21.79 89.107 21.696 89.134 21.646
-88.304 18.481 -88.28 18.468 -88.275 18.43 -88.265 18.416 -88.039 18.416 -88.041 18.195 -88.033 18.184 -87.96 18.181 -87.928 18.166 -87.901 18.181 -87.886 18.212 -87.877 18.212 -87.87 18.207 -87.872 18.185 -87.867 18.181 -87.825 18.181
-68.642 -54.784 -68.642 -54.799
-68.654 -54.886 -68.664 -54.913 -68.259 -54.877 -68.055 -54.879 -67.728 -54.9 -67.406 -54.903 -67.203 -54.919 -66.853 -54.995 -66.521 -55.108 -66.429 -55.121
68.183 23.842 68.158 23.777 68.155 23.754 68.17 23.704 68.166 23.683 68.147 23.662 68.113 23.643
-130.02 55.908 -130.028 55.877 -130.057 55.845 -130.119 55.799 -130.145 55.766 -130.144 55.724 -130.117 55.683 -130.106 55.653 -130.124 55.575 -130.114 55.54 -130.051 55.459 -130.035 55.418 -130.021 55.346 -129.98 55.302 -129.972 55.287 -129.978 55.273 -130.064 55.219 -130.142 55.144 -130.222 55.027 -130.317 54.937 -130.39 54.881 -130.642 54.76 -130.64 54.743 -130.621 54.708
113.616 22.216 113.539 22.221 113.524 22.213 113.53 22.202 113.518 22.184 113.541 22.139 113.541 22.103 113.575 22.099 113.633 22.12
-123.028 48.993 -122.753 48.993
-123.313 48.993 -123.09 48.993
20.989 55.273 21.209 55.241 21.267 55.249
13.184 -5.856 13.116 -5.874 13.004 -5.878 12.954 -5.907 12.914 -5.918 12.866 -5.951 12.767 -6.002 12.714 -6.012 12.64 -6.015 12.527 -6.053 12.449 -6.071 12.422 -6.067 12.277 -6.004
8.594 4.815 8.579 4.815 8.566 4.806 8.559 4.791 8.551 4.718 8.535 4.69 8.511 4.672
117.567 4.16 117.582 4.151 117.61 4.148 117.65 4.165 117.704 4.163
117.907 4.157 117.969 4.154 118.018 4.132
-69.51 -17.507 -69.506 -17.585 -69.497 -17.621 -69.476 -17.652 -69.395 -17.721 -69.359 -17.759 -69.334 -17.806 -69.328 -17.842 -69.327 -17.915 -69.318 -17.952 -69.302 -17.976 -69.29 -17.977
-69.262 -17.964 -69.235 -17.993 -69.141 -18.031
-69.29 -17.977 -69.262 -17.964
-69.092 -18.023 -69.082 -18.04 -69.089 -18.083 -69.155 -18.14 -69.141 -18.187 -69.1 -18.234 -69.096 -18.277 -69.079 -18.328 -69.078 -18.399 -69.034 -18.478 -69.043 -18.6 -69.034 -18.649 -69.003 -18.703 -69.003 -18.73 -69.011 -18.745 -68.951 -18.867 -68.952 -18.889 -68.96 -18.908 -68.99 -18.946 -68.962 -18.969 -68.909 -19.068 -68.847 -19.092 -68.815 -19.113 -68.698 -19.216 -68.663 -19.274 -68.6 -19.303 -68.493 -19.377 -68.455 -19.415 -68.448 -19.435 -68.496 -19.458 -68.51 -19.472 -68.631 -19.642 -68.69 -19.695 -68.703 -19.716 -68.705 -19.734 -68.698 -19.746 -68.65 -19.782 -68.619 -19.813 -68.561 -19.844 -68.554 -19.858 -68.552 -19.894 -68.542 -19.92 -68.545 -19.935 -68.565 -19.981 -68.575 -20.035 -68.588 -20.056 -68.597 -20.057
-69.141 -18.031 -69.092 -18.023
-68.597 -20.057 -68.622 -20.051
-68.622 -20.051 -68.653 -20.054 -68.776 -20.09 -68.793 -20.107 -68.789 -20.126 -68.759 -20.144 -68.726 -20.151 -68.729 -20.229 -68.718 -20.262 -68.679 -20.329 -68.735 -20.348 -68.758 -20.364 -68.769 -20.391 -68.765 -20.421 -68.73 -20.479 -68.686 -20.517 -68.583 -20.563 -68.51 -20.602 -68.481 -20.625 -68.482 -20.643 -68.55 -20.699 -68.573 -20.743 -68.572 -20.872 -68.555 -20.914 -68.51 -20.94 -68.496 -20.942
-68.454 -20.94 -68.432 -20.945 -68.416 -20.96 -68.208 -21.284 -68.194 -21.328 -68.198 -21.572 -68.191 -21.606 -68.128 -21.712 -68.108 -21.79 -68.092 -21.968 -67.99 -22.058 -67.961 -22.103 -67.957 -22.125 -67.977 -22.16 -67.945 -22.208 -67.935 -22.252 -67.952 -22.314 -67.952 -22.334 -67.907 -22.42 -67.89 -22.491 -67.859 -22.547 -67.859 -22.567 -67.891 -22.716 -67.891 -22.793 -67.887 -22.819 -67.876 -22.834 -67.838 -22.841
-68.496 -20.942 -68.454 -20.94
-67.617 -22.897 -67.547 -22.893 -67.194 -22.822
-67.833 -22.84 -67.804 -22.879 -67.771 -22.889 -67.617 -22.897
-67.838 -22.841 -67.833 -22.84
-69.51 -17.507 -69.638 -17.626 -69.684 -17.656 -69.729 -17.663 -69.776 -17.657 -69.818 -17.659 -69.85 -17.692 -69.858 -17.734 -69.829 -17.804 -69.813 -17.888 -69.782 -17.944 -69.783 -17.982 -69.844 -18.113 -69.865 -18.145 -69.923 -18.196 -69.97 -18.251 -70.01 -18.273 -70.063 -18.281 -70.134 -18.319 -70.159 -18.326 -70.211 -18.331 -70.318 -18.321 -70.369 -18.325 -70.395 -18.338
-67.285 -23.834 -67.02 -23.032 -67.014 -23.001 -67.194 -22.822
33.778 34.985 33.766 34.99
33.766 34.99 33.759 34.989 33.771 34.98
33.782 34.976 33.794 34.978 33.786 34.985
33.786 34.985 33.778 34.985
33.776 34.98 33.781 34.976
33.771 34.98 33.776 34.98
33.746 35.015 33.752 35.014 33.752 35.004 33.743 35.001
33.743 35.001 33.739 35.005 33.746 35.015
77.8 35.495 77.834 35.452 77.857 35.437 77.883 35.431
77.986 35.494 78.044 35.492 78.056 35.453 78.038 35.398 78.01 35.347 78.001 35.269 78.036 35.194 78.13 35.055 78.148 34.943 78.162 34.909 78.202 34.866 78.211 34.848 78.273 34.659 78.296 34.625 78.335 34.594 78.379 34.579 78.607 34.546 78.665 34.526 78.751 34.471 78.802 34.415 78.839 34.397 78.922 34.372 78.951 34.349 78.976 34.309 78.988 34.263 78.976 34.217 78.903 34.158 78.806 34.123 78.73 34.079 78.721 33.994 78.77 33.872 78.787 33.808 78.794 33.744 78.781 33.553 78.801 33.494 78.824 33.461 78.918 33.386
77.883 35.431 77.913 35.441 77.958 35.482 77.986 35.494
34.248 31.211 34.316 31.257 34.351 31.289 34.354 31.306 34.346 31.358 34.367 31.393 34.556 31.54 34.481 31.583
35.561 32.385 35.407 32.415 35.402 32.471 35.393 32.494 35.363 32.51 35.27 32.51 35.209 32.543 35.191 32.542 35.152 32.508 35.064 32.463 35.045 32.434 35.022 32.345 35.001 32.336 34.997 32.323 34.99 32.278 35.009 32.268 35.008 32.244 35 32.232 34.961 32.202 34.958 32.186 34.987 32.124 34.984 32.09 35.007 32.021 34.997 32.011 34.998 31.979 34.987 31.967
35.561 33.282 35.598 33.244
35.345 33.056 35.449 33.085 35.48 33.087 35.512 33.147 35.52 33.222 35.528 33.244 35.549 33.281 35.561 33.282
35.598 33.244 35.604 33.24
35.284 33.101 35.306 33.089 35.332 33.057 35.345 33.056
35.234 33.091 35.284 33.101
35.207 33.095 35.234 33.091
35.185 33.084 35.207 33.095
35.105 33.089 35.185 33.084
35.321 5.349 35.302 5.357 35.287 5.374 35.251 5.435 35.252 5.447 35.274 5.48 35.269 5.492
35.598 5.369 35.574 5.375 35.508 5.423 35.469 5.431
35.469 5.431 35.43 5.427 35.408 5.413 35.367 5.368 35.345 5.352 35.321 5.349
35.921 4.619 35.785 4.764 35.76 4.806 35.752 4.854 35.756 5.063 35.807 5.145 35.807 5.165 35.778 5.227 35.775 5.247 35.782 5.27 35.809 5.309 35.804 5.318 35.749 5.339 35.684 5.38 35.658 5.386
35.658 5.386 35.598 5.369
47.979 7.997 46.424 6.497 45.936 5.997 44.942 4.911 44.913 4.899
44.913 4.899 43.969 4.954
43.969 4.954 43.845 4.914 43.528 4.842 43.119 4.648 42.96 4.517 42.932 4.463 42.915 4.393 42.9 4.361 42.869 4.327 42.832 4.302 42.79 4.286 42.297 4.202 42.135 4.2 42.103 4.192 42.068 4.175 41.923 4.071 41.917 4.051 41.917 4.02 41.885 3.977
35.739 4.681 35.778 4.678 35.781 4.62
34.013 -9.477 34.047 -9.49 34.08 -9.511 34.162 -9.594 34.191 -9.607 34.288 -9.708 34.318 -9.719 34.332 -9.769 34.382 -9.82 34.483 -9.946 34.525 -10.009 34.538 -10.054 34.525 -10.095 34.532 -10.129 34.566 -10.203 34.586 -10.29 34.565 -10.41 34.593 -10.482 34.581 -10.514 34.581 -10.54 34.592 -10.567 34.609 -10.582
33.912 -9.718 33.928 -9.693 33.951 -9.674 33.955 -9.661 33.964 -9.595 33.946 -9.55 33.961 -9.525 34.013 -9.477
34.618 -10.581 34.624 -10.583 34.629 -10.62 34.66 -10.665 34.661 -10.687 34.648 -10.708 34.672 -10.739 34.675 -10.752 34.657 -10.77 34.661 -10.796 34.648 -10.859 34.645 -10.913 34.627 -10.954 34.598 -10.991 34.593 -11.016 34.621 -11.12 34.669 -11.16 34.682 -11.185 34.708 -11.195 34.729 -11.254 34.757 -11.278 34.757 -11.284 34.737 -11.297 34.766 -11.345
34.609 -10.582 34.618 -10.581
34.792 -11.331 34.844 -11.346 34.887 -11.375 34.898 -11.404 34.917 -11.419 34.926 -11.446 34.944 -11.464 34.961 -11.499 34.965 -11.574
34.766 -11.345 34.792 -11.331
96.295 28.992 96.367 29.037 96.458 28.995 96.452 28.97 96.492 28.948 96.511 28.886 96.577 28.809 96.593 28.758 96.598 28.71 96.501 28.688 96.502 28.644 96.409 28.559 96.336 28.48 96.302 28.421 96.37 28.378 96.441 28.395 96.562 28.447 96.717 28.437 96.934 28.337 96.966 28.33 96.997 28.337 97.078 28.375 97.116 28.367 97.183 28.315 97.211 28.308 97.23 28.275 97.285 28.236 97.323 28.217
91.628 27.853 91.68 27.85 91.73 27.804 91.827 27.808 91.856 27.765 91.865 27.73 91.909 27.732 91.952 27.725 91.989 27.769 92.065 27.762 92.106 27.786 92.126 27.813 92.24 27.865 92.249 27.863 92.289 27.793 92.304 27.786 92.329 27.833 92.35 27.803 92.368 27.804 92.381 27.842 92.393 27.856 92.404 27.854 92.428 27.821 92.475 27.847 92.518 27.839 92.575 27.848 92.593 27.868 92.636 27.895 92.684 27.91 92.736 27.986 92.701 28.025 92.701 28.038 92.689 28.048 92.639 28.057 92.637 28.072 92.655 28.106 92.679 28.133 92.779 28.196 92.79 28.179 92.835 28.184 92.865 28.205 92.904 28.25 92.96 28.27 92.975 28.282 93.13 28.326 93.208 28.341 93.218 28.395 93.186 28.432 93.287 28.521 93.317 28.603 93.446 28.672 93.552 28.679 93.626 28.672 93.665 28.69 93.722 28.697 93.782 28.681 93.863 28.705 93.928 28.683 93.982 28.768 93.993 28.802 93.992 28.845 94.027 28.864 94.135 28.898 94.174 28.93 94.25 28.933 94.347 29.024 94.271 29.098 94.288 29.148 94.336 29.15 94.373 29.196 94.396 29.207 94.475 29.211 94.515 29.221 94.6 29.317 94.63 29.319 94.668 29.307 94.704 29.285 94.768 29.214 94.761 29.175 94.777 29.167 94.854 29.17 94.891 29.16 94.989 29.154 95.048 29.141 95.117 29.108 95.2 29.094 95.225 29.059 95.367 29.036 95.43 29.047 95.488 29.069 95.511 29.132 95.521 29.138 95.523 29.161 95.512 29.198 95.515 29.209 95.55 29.212 95.554 29.239 95.564 29.246 95.592 29.25 95.647 29.228 95.717 29.218 95.747 29.274 95.745 29.34 95.796 29.353 95.863 29.324 95.954 29.359 96.075 29.369 96.142 29.368 96.176 29.286 96.205 29.257 96.235 29.241 96.268 29.242 96.337 29.28 96.366 29.257 96.367 29.244 96.327 29.18 96.316 29.172 96.21 29.146 96.194 29.137 96.175 29.109 96.176 29.017 96.195 28.941 96.249 28.945 96.297 28.995
35.821 33.407 35.81 33.36 35.764 33.334 35.802 33.312 35.769 33.273 35.804 33.248 35.808 33.202 35.83 33.19 35.833 33.161 35.811 33.127 35.811 33.112 35.849 33.099 35.846 33.085 35.859 32.99 35.888 32.945 35.85 32.896 35.838 32.866 35.842 32.854 35.834 32.828 35.758 32.744
47.979 7.997 48.939 9.451 48.939 11.249
-54.211 3.127 -54.177 3.201 -54.114 3.285 -54.08 3.31
-54.551 2.338 -54.532 2.34 -54.52 2.349 -54.493 2.417 -54.473 2.429 -54.423 2.436 -54.376 2.484 -54.359 2.508 -54.285 2.678 -54.213 2.776 -54.189 2.838 -54.17 2.853 -54.191 2.877 -54.163 2.956 -54.163 2.97 -54.18 2.984 -54.185 2.998 -54.169 3.011 -54.177 3.049 -54.191 3.059 -54.177 3.073 -54.175 3.094 -54.177 3.117 -54.188 3.131
-54.188 3.131 -54.211 3.127
-54.585 2.348 -54.551 2.338
-54.615 2.326 -54.599 2.346 -54.585 2.348
-57.265 3.133 -57.286 3.142 -57.275 3.169 -57.288 3.203 -57.28 3.248 -57.292 3.276 -57.283 3.295 -57.28 3.33 -57.308 3.395
-57.308 3.395 -57.34 3.37 -57.367 3.366
-57.367 3.366 -57.425 3.387
-57.425 3.387 -57.424 3.369 -57.431 3.361 -57.459 3.353 -57.476 3.339
-57.476 3.339 -57.488 3.352 -57.535 3.368
-57.535 3.368 -57.545 3.348 -57.554 3.347
-57.554 3.347 -57.596 3.367
-57.209 3.024 -57.207 3.036 -57.222 3.078 -57.249 3.112 -57.233 3.142 -57.239 3.148
-57.239 3.148 -57.265 3.133
-57.223 3.025 -57.209 3.024
-57.175 2.819 -57.187 2.823 -57.194 2.842 -57.202 2.846 -57.22 2.908 -57.184 2.945 -57.189 2.96 -57.222 2.963 -57.235 2.97 -57.221 2.993 -57.223 3.025
-57.137 2.771 -57.144 2.79 -57.126 2.826 -57.133 2.833
-57.133 2.833 -57.175 2.819
-57.048 2.636 -57.056 2.642 -57.062 2.682 -57.103 2.74 -57.09 2.774 -57.1 2.779
-57.1 2.779 -57.137 2.771
-56.994 2.505 -57.001 2.514 -56.997 2.555 -57.027 2.594 -57.02 2.635 -57.027 2.648
-57.027 2.648 -57.048 2.636
-56.482 1.942 -56.5 1.97 -56.521 1.977 -56.542 1.997 -56.58 2.017 -56.678 2.018 -56.705 2.03 -56.801 2.166 -56.826 2.262 -56.839 2.281 -56.88 2.295 -56.884 2.34 -56.895 2.362 -56.931 2.393 -56.938 2.411 -56.93 2.436 -56.956 2.47 -56.96 2.484 -56.951 2.515 -56.96 2.525
-56.96 2.525 -56.994 2.505
127.972 38.3 128.04 38.304 128.108 38.324 128.172 38.356 128.226 38.4 128.268 38.454 128.281 38.484 128.285 38.52 128.275 38.571 128.281 38.584 128.365 38.624
127.754 38.325 127.787 38.297 127.801 38.294
127.472 38.296 127.561 38.312 127.754 38.325
127.377 38.319 127.472 38.296
127.254 38.31 127.377 38.319
127.222 38.313 127.254 38.31
126.667 37.828 126.661 37.914 126.666 37.938 126.722 37.954 126.762 37.979 126.847 38.082 126.92 38.135 126.954 38.201 126.972 38.219 127.09 38.286 127.157 38.307 127.222 38.313
127.867 38.305 127.972 38.3
127.801 38.294 127.867 38.305
-8.817 27.661 -8.813 27.613 -8.784 27.53 -8.773 27.46 -8.802 27.36 -8.796 27.308 -8.753 27.19 -8.753 27.15 -8.794 27.12 -9.001 27.09 -9.083 27.09
-9.083 27.09 -9.207 27.1
-9.207 27.1 -9.352 27.098 -9.412 27.088 -9.486 27.05 -9.734 26.86 -9.817 26.85 -9.899 26.85
-10.25 26.86 -10.354 26.9 -10.55 26.99 -10.653 27 -10.757 27.02
-10.757 27.02 -10.829 27.01 -10.922 27.01 -11.149 26.941 -11.392 26.883 -11.36 26.793 -11.316 26.744 -11.316 26.684 -11.337 26.633 -11.47 26.52 -11.511 26.47 -11.552 26.4 -11.636 26.295 -11.684 26.213 -11.717 26.104 -11.754 26.086 -11.88 26.07 -12.03 26.03 -12.06 25.99 -12.08 25.92 -12.08 25.87 -12.1 25.83 -12.13 25.731 -12.17 25.64 -12.31 25.11 -12.36 24.97 -12.4 24.88 -12.43 24.83 -12.5 24.77 -12.63 24.68 -12.99 24.47 -13.06 24.4 -13.12 24.3 -13.23 24.09 -13.31 23.981 -13.39 23.941 -13.48 23.91 -13.58 23.87 -13.66 23.83 -13.77 23.79 -13.84 23.75 -13.89 23.69 -13.98 23.52 -14.02 23.41 -14.1 23.1 -14.12 22.96 -14.17 22.76 -14.19 22.59 -14.19 22.45 -14.22 22.31 -14.31 22.191 -14.38 22.12 -14.44 22.08 -14.46 22.04 -14.52 21.99 -14.58 21.91 -14.63 21.86 -14.61 21.75 -14.67 21.6 -14.75 21.5 -14.84 21.45 -14.97 21.441 -15.15 21.441
-9.899 26.85 -10.032 26.91
-10.032 26.91 -10.066 26.908 -10.122 26.88 -10.188 26.86 -10.25 26.86
-15.46 21.45 -15.75 21.49 -15.92 21.5
-15.92 21.5 -16.04 21.5 -16.19 21.481 -16.58 21.481 -16.73 21.47 -17.014 21.42
-15.15 21.441 -15.29 21.45
-15.29 21.45 -15.46 21.45
-84.355 10.995 -84.346 10.99 -84.342 10.96 -84.311 10.919 -84.264 10.902 -84.208 10.861 -84.205 10.837 -84.227 10.819 -84.192 10.782
18.626 3.477 18.635 3.449 18.642 3.324 18.631 3.179 18.613 3.128 18.541 3.083 18.528 3.065 18.472 2.909 18.425 2.822 18.418 2.782 18.393 2.714 18.314 2.576 18.304 2.573 18.233 2.503 18.199 2.389 18.164 2.321 18.147 2.316 18.111 2.265 18.072 2.16 18.081 2.084 18.076 1.988 18.082 1.942 18.066 1.859 18.071 1.551 18.012 1.422 18.002 1.366 17.967 1.254 17.963 1.191 17.956 1.172 17.915 1.102 17.892 1.077 17.867 1.017 17.878 0.947 17.878 0.868 17.908 0.74 17.893 0.608 17.918 0.535 17.933 0.527 17.95 0.491 17.945 0.377 17.94 0.361 17.854 0.241 17.775 0.026 17.757 -0.009 17.716 -0.196 17.716 -0.246 17.741 -0.346 17.75 -0.523 17.728 -0.553 17.664 -0.613 17.651 -0.646 17.602 -0.689 17.411 -0.918 17.365 -0.967 17.33 -0.987 17.308 -1.015 17.245 -1.036 17.175 -1.048 17.109 -1.076 17.023 -1.097 17.006 -1.107 16.909 -1.211 16.833 -1.269 16.726 -1.48 16.693 -1.523 16.636 -1.621 16.624 -1.654 16.617 -1.729 16.604 -1.754 16.523 -1.862 16.514 -1.887 16.47 -1.913 16.383 -2.002 16.231 -2.129 16.195 -2.182 16.187 -2.205 16.19 -2.242 16.175 -2.303 16.192 -2.347 16.192 -2.395 16.226 -2.635 16.205 -2.783 16.177 -2.882 16.188 -2.976 16.186 -3.136 16.199 -3.172 16.193 -3.238 16.199 -3.259 16.227 -3.29 16.226 -3.313 16.208 -3.362 16.158 -3.447 16.116 -3.544 16.053 -3.62 16.005 -3.725 15.991 -3.739 15.974 -3.786 15.93 -3.859 15.912 -3.917 15.883 -3.945 15.844 -3.966 15.8 -3.979 15.711 -3.992 15.567 -4.038 15.534 -4.058 15.521 -4.077 15.49 -4.175 15.459 -4.214 15.387 -4.244 15.204 -4.339 15.188 -4.372 15.098 -4.5 15.076 -4.52 15.023 -4.547 15.008 -4.571 14.931 -4.647 14.831 -4.815 14.702 -4.89 14.673 -4.9 14.634 -4.904
14.401 -4.886 14.396 -4.856 14.413 -4.778 14.399 -4.738 14.411 -4.701 14.407 -4.676 14.366 -4.627 14.351 -4.559 14.375 -4.53 14.413 -4.515 14.425 -4.502 14.467 -4.448 14.47 -4.429 14.429 -4.4 14.393 -4.353 14.386 -4.333 14.395 -4.29 14.387 -4.277
14.387 -4.277 14.369 -4.278 14.325 -4.302 14.28 -4.313 14.222 -4.36 14.185 -4.377 14.146 -4.39 14.058 -4.401 14.021 -4.415 13.99 -4.458 13.955 -4.492 13.935 -4.498
13.876 -4.492 13.856 -4.48 13.833 -4.441 13.81 -4.427 13.79 -4.425
13.79 -4.425 13.727 -4.447 13.715 -4.453 13.711 -4.464 13.722 -4.561 13.699 -4.643 13.712 -4.686 13.706 -4.694
13.935 -4.498 13.904 -4.49
13.904 -4.49 13.876 -4.492
13.393 -4.885 13.371 -4.842 13.359 -4.795 13.335 -4.778 13.274 -4.756 13.182 -4.686 13.134 -4.602 13.112 -4.577
13.112 -4.577 13.088 -4.58 13.072 -4.602 13.074 -4.635
13.706 -4.694 13.69 -4.691
13.69 -4.691 13.678 -4.706 13.681 -4.725 13.667 -4.733
13.667 -4.733 13.634 -4.726
13.634 -4.726 13.613 -4.739 13.591 -4.779 13.571 -4.786
13.571 -4.786 13.526 -4.754
13.526 -4.754 13.482 -4.775 13.496 -4.792 13.494 -4.8 13.431 -4.843 13.393 -4.885
14.532 -4.856 14.52 -4.841 14.501 -4.841
14.501 -4.841 14.47 -4.852 14.437 -4.88 14.401 -4.886
14.634 -4.904 14.575 -4.874 14.562 -4.856 14.554 -4.855
14.554 -4.855 14.532 -4.856
91.628 27.853 91.653 27.917 91.638 27.94 91.601 27.959 91.537 27.969 91.497 27.984 91.461 27.984 91.419 27.995 91.341 28.031 91.31 28.056 91.29 28.091 91.27 28.073 91.195 28.071 91.093 27.972 91.052 27.963 91.009 27.967 90.975 27.982 90.91 28.033 90.851 28.044 90.789 28.047 90.727 28.062 90.684 28.087 90.667 28.09 90.622 28.073 90.575 28.066 90.51 28.074 90.475 28.072
31.475 52.118 31.65 52.097
31.229 52.038 31.252 52.044 31.304 52.097 31.383 52.117 31.475 52.118
31.65 52.097 31.764 52.101
31.096 52.08 31.135 52.077 31.229 52.038
30.915 51.993 30.941 51.994 30.95 52.007 30.941 52.02 30.911 52.023 30.925 52.042 30.919 52.059 30.934 52.07 31.096 52.08
30.903 52 30.915 51.993
30.779 51.898 30.811 51.918 30.803 51.939 30.858 51.958 30.879 51.974 30.881 51.988 30.903 52
25.183 51.95 25.352 51.921 25.683 51.918
24.722 51.882 25.003 51.91 25.093 51.94 25.138 51.949 25.183 51.95
25.768 51.929 25.981 51.903
25.683 51.918 25.768 51.929
26.051 51.905 26.081 51.901 26.145 51.865 26.175 51.857 26.408 51.851 26.42 51.847 26.419 51.821 26.446 51.806 26.666 51.801 26.855 51.749 26.921 51.743
25.981 51.903 26.051 51.905
30.75 51.9 30.779 51.898
30.618 51.46 30.618 51.467 30.589 51.482 30.585 51.509 30.563 51.522 30.584 51.542 30.534 51.553 30.523 51.563 30.523 51.569 30.543 51.576 30.543 51.583 30.515 51.596 30.515 51.604 30.557 51.624 30.55 51.637 30.57 51.651 30.564 51.665 30.576 51.686 30.57 51.7 30.625 51.706 30.635 51.74 30.646 51.747 30.646 51.755 30.618 51.761 30.671 51.791 30.662 51.819 30.714 51.867 30.735 51.874 30.738 51.892 30.75 51.9
24.64 51.892 24.722 51.882
23.941 51.582 23.981 51.586 24.131 51.67 24.244 51.718 24.272 51.743 24.296 51.808 24.312 51.828 24.37 51.875 24.64 51.892
27.022 51.765 27.11 51.762 27.178 51.747 27.184 51.731 27.181 51.683 27.189 51.664 27.204 51.655 27.224 51.654
26.921 51.743 27.022 51.765
27.248 51.656 27.277 51.651 27.254 51.595 27.267 51.587
27.224 51.654 27.248 51.656
28.21 51.652 28.23 51.651 28.245 51.641 28.249 51.613 28.258 51.602 28.311 51.574 28.334 51.528 28.347 51.525
28.071 51.558 28.114 51.576 28.166 51.633 28.21 51.652
23.726 51.645 23.885 51.62 23.941 51.582
23.615 51.513 23.624 51.516 23.629 51.531 23.593 51.597 23.594 51.605 23.629 51.629 23.726 51.645
29.084 51.631 29.124 51.625 29.148 51.616 29.16 51.603 29.181 51.567 29.227 51.519 29.23 51.493 29.221 51.467 29.228 51.456 29.265 51.433 29.297 51.374 29.32 51.366
28.729 51.401 28.747 51.414 28.752 51.429 28.752 51.484 28.772 51.511 28.8 51.533 28.864 51.559 28.981 51.569 29 51.582 29.024 51.614 29.044 51.626 29.084 51.631
27.477 51.624 27.512 51.623 27.621 51.596 27.677 51.595 27.693 51.589 27.705 51.568 27.697 51.543 27.664 51.493 27.684 51.476 27.714 51.464
27.388 51.591 27.431 51.598 27.477 51.624
27.854 51.615 27.955 51.561 28.071 51.558
27.714 51.464 27.741 51.471 27.787 51.511 27.797 51.531 27.793 51.565 27.8 51.585 27.813 51.602 27.831 51.613 27.854 51.615
27.329 51.597 27.388 51.591
27.267 51.587 27.329 51.597
28.488 51.572 28.604 51.554 28.613 51.54 28.637 51.45 28.647 51.439 28.664 51.434
28.347 51.525 28.435 51.566 28.488 51.572
23.606 51.517 23.615 51.513
29.661 51.493 29.7 51.484 29.738 51.439 29.829 51.43
29.446 51.385 29.466 51.385 29.505 51.437 29.568 51.45 29.618 51.486 29.661 51.493
30.149 51.484 30.205 51.466 30.257 51.425 30.32 51.402 30.329 51.389 30.33 51.37 30.317 51.341 30.355 51.305 30.384 51.294
29.913 51.457 30.009 51.482 30.149 51.484
29.886 51.465 29.913 51.457
29.829 51.43 29.847 51.433 29.886 51.465
30.605 51.461 30.618 51.46
30.54 51.235 30.555 51.243 30.557 51.267 30.577 51.289 30.58 51.304 30.638 51.336 30.632 51.364 30.646 51.367 30.645 51.373 30.632 51.384 30.618 51.419 30.588 51.427 30.584 51.439 30.586 51.452 30.605 51.461
28.691 51.443 28.704 51.443 28.729 51.401
28.664 51.434 28.691 51.443
29.403 51.396 29.446 51.385
29.32 51.366 29.403 51.396
30.414 51.294 30.428 51.292 30.465 51.262 30.481 51.259
30.384 51.294 30.414 51.294
30.495 51.26 30.521 51.252 30.54 51.235
30.481 51.259 30.495 51.26
17.245 -28.237 17.213 -28.232 17.192 -28.209 17.19 -28.117 17.181 -28.099 17.136 -28.085 17.098 -28.031 17.076 -28.027
17.076 -28.027 17.045 -28.036 17.012 -28.058
17.012 -28.058 16.985 -28.052
16.985 -28.052 16.948 -28.073
16.948 -28.073 16.92 -28.058
16.92 -28.058 16.893 -28.083 16.886 -28.162 16.878 -28.172
16.852 -28.168 16.844 -28.164
16.844 -28.164 16.836 -28.174 16.856 -28.207 16.841 -28.21
16.878 -28.172 16.869 -28.168
16.869 -28.168 16.852 -28.168
16.841 -28.21 16.82 -28.21
16.82 -28.21 16.81 -28.223 16.827 -28.252 16.825 -28.265 16.815 -28.271
17.441 -28.71 17.404 -28.704 17.402 -28.674 17.421 -28.593 17.41 -28.571 17.373 -28.559 17.359 -28.52 17.324 -28.471 17.328 -28.456 17.341 -28.443 17.391 -28.419 17.402 -28.368 17.4 -28.346 17.372 -28.306 17.346 -28.228 17.334 -28.223
17.334 -28.223 17.245 -28.237
16.815 -28.271 16.786 -28.258
16.786 -28.258 16.769 -28.265 16.764 -28.283 16.776 -28.319 16.804 -28.366 16.779 -28.383 16.769 -28.443 16.74 -28.481 16.72 -28.496
19.982 -28.422 19.94 -28.43
19.94 -28.43 19.908 -28.426
19.908 -28.426 19.87 -28.441 19.826 -28.477 19.748 -28.487 19.688 -28.516 19.579 -28.525 19.548 -28.556 19.534 -28.582 19.512 -28.598 19.483 -28.678 19.472 -28.693 19.435 -28.713 19.339 -28.737
16.72 -28.496 16.704 -28.494 16.692 -28.461 16.683 -28.456
16.683 -28.456 16.597 -28.526 16.559 -28.537 16.487 -28.573
17.661 -28.772 17.607 -28.756 17.598 -28.69 17.583 -28.68
17.583 -28.68 17.441 -28.71
19.339 -28.737 19.304 -28.719
19.304 -28.719 19.29 -28.72 19.266 -28.743 19.249 -28.772 19.245 -28.792 19.252 -28.814 19.289 -28.871 19.288 -28.883 19.277 -28.89 19.244 -28.892 19.218 -28.919 19.162 -28.945 19.12 -28.958 19.082 -28.959
18.185 -28.902 18.166 -28.902 18.082 -28.876 18.044 -28.858 17.95 -28.795 17.913 -28.781 17.746 -28.749
17.746 -28.749 17.714 -28.751 17.674 -28.772 17.661 -28.772
19.082 -28.959 19.06 -28.936 19.007 -28.926 18.955 -28.867 18.746 -28.84
18.746 -28.84 18.554 -28.865 18.496 -28.888
18.496 -28.888 18.475 -28.874
18.475 -28.874 18.398 -28.899
18.398 -28.899 18.309 -28.88
18.309 -28.88 18.221 -28.891 18.185 -28.902
35.821 33.407 35.769 33.343 35.716 33.327
35.87 33.431 35.821 33.407
36.309 34.688 36.324 34.679 36.347 34.644 36.368 34.629 36.391 34.622
36.201 34.624 36.272 34.631 36.284 34.648 36.288 34.676 36.309 34.688
35.983 34.65 36.016 34.634 36.061 34.628
35.97 34.65 35.983 34.65
36.178 34.635 36.201 34.624
36.156 34.627 36.178 34.635
36.087 34.631 36.156 34.627
36.061 34.628 36.087 34.631
36.44 34.629 36.436 34.598 36.429 34.593
36.391 34.622 36.44 34.629
36.429 34.593 36.404 34.604
36.404 34.604 36.389 34.596 36.384 34.554 36.32 34.514 36.338 34.493
36.392 34.5 36.433 34.494 36.45 34.465 36.502 34.43
36.338 34.493 36.392 34.5
36.509 34.432 36.531 34.414 36.526 34.387 36.517 34.37 36.519 34.354 36.545 34.321 36.563 34.309
36.502 34.43 36.509 34.432
36.57 34.309 36.582 34.3 36.58 34.287 36.563 34.263 36.568 34.244 36.574 34.23 36.604 34.199 36.576 34.173 36.553 34.141 36.488 34.089 36.475 34.054 36.445 34.046
36.563 34.309 36.57 34.309
36.445 34.046 36.412 34.054
36.412 34.054 36.391 34.045 36.358 34.01 36.318 33.981 36.267 33.91 36.282 33.891 36.311 33.872 36.35 33.866 36.368 33.858 36.37 33.837 36.358 33.824 36.338 33.821
36.338 33.821 36.232 33.853
36.232 33.853 36.187 33.83 36.166 33.83
36.166 33.83 36.138 33.851
36.138 33.851 36.102 33.832 36.05 33.816 36.027 33.784 35.994 33.761 35.974 33.732 35.948 33.709 35.947 33.673 35.925 33.662 35.922 33.64 36.013 33.608 36.038 33.586 36.035 33.568 36.02 33.553 35.98 33.534
35.98 33.534 35.957 33.534
35.957 33.534 35.933 33.528 35.922 33.515 35.935 33.494 35.919 33.462 35.87 33.431
-63.018 18.033 -63.107 18.062
56.236 25.211 56.293 25.246 56.344 25.267 56.349 25.294 56.309 25.301 56.291 25.328 56.261 25.331
56.261 25.331 56.234 25.313 56.245 25.278 56.208 25.255 56.208 25.221 56.236 25.211
34.694 -12 34.738 -12.009 34.754 -12.02 34.762 -12.04 34.759 -12.066 34.732 -12.109 34.712 -12.121 34.689 -12.125
34.689 -12.125 34.669 -12.118 34.656 -12.097 34.656 -12.076 34.681 -12.009 34.694 -12
34.562 -11.979 34.563 -11.978
71.742 39.901 71.757 39.903 71.767 39.915 71.79 39.979 71.786 39.99
71.786 39.99 71.761 39.984 71.707 39.956 71.682 39.955 71.666 39.94 71.675 39.926 71.697 39.914 71.742 39.901
87.116 49.13 87.324 49.085
86.975 49.092 87.116 49.13
86.887 49.107 86.975 49.092
86.431 48.486 86.546 48.517 86.565 48.527 86.606 48.59 86.669 48.634 86.745 48.704 86.752 48.729 86.739 48.784 86.789 48.839 86.774 48.859 86.742 48.879 86.718 48.913 86.709 48.954 86.714 48.97 86.744 49.008 86.816 49.058 86.838 49.094 86.859 49.105 86.887 49.107
86.334 48.49 86.431 48.486
86.192 48.418 86.247 48.437 86.307 48.483 86.334 48.49
86.006 48.43 86.192 48.418
85.499 47.052 85.517 47.1 85.539 47.128 85.557 47.179 85.602 47.194 85.647 47.198 85.66 47.207 85.679 47.275 85.667 47.326 85.679 47.364 85.67 47.384 85.6 47.463 85.585 47.493 85.58 47.524 85.596 47.591 85.595 47.624 85.515 47.92 85.518 47.945 85.547 47.993 85.562 48.031 85.586 48.141 85.719 48.359 85.747 48.39 85.784 48.408 86.006 48.43
83.099 47.22 83.15 47.212 83.222 47.172 83.314 47.158 83.353 47.145 83.524 47.067 83.905 46.974
82.327 45.493 82.291 45.533 82.305 45.583 82.336 45.635 82.372 45.734 82.448 45.825 82.489 45.902 82.516 45.993 82.542 46.132 82.568 46.197 82.608 46.255 82.674 46.331 82.689 46.363 82.708 46.434 82.747 46.493 82.839 46.732 82.986 46.943 82.993 46.976 82.986 47.013 83.005 47.07 82.998 47.11 83.015 47.154 83.014 47.195 83.021 47.206 83.047 47.215 83.099 47.22
85.432 47.053 85.499 47.052
85.304 47.039 85.432 47.053
85.246 47.044 85.304 47.039
84.74 46.815 84.916 46.851 84.937 46.861 84.959 46.891 84.976 46.902 85.048 46.921 85.077 46.943 85.167 46.993 85.205 47.034 85.246 47.044
84.266 47 84.389 46.993
84.07 46.964 84.094 46.967 84.158 46.993 84.266 47
84.406 46.994 84.476 46.975 84.521 46.97
84.389 46.993 84.406 46.994
84.616 46.986 84.664 46.984 84.699 46.97 84.732 46.948 84.752 46.918 84.75 46.882 84.716 46.835 84.72 46.821 84.74 46.815
84.521 46.97 84.616 46.986
83.999 46.974 84.07 46.964
83.905 46.974 83.999 46.974
82.476 45.116 82.54 45.124 82.585 45.177 82.615 45.249 82.634 45.339 82.632 45.416 82.616 45.435 82.513 45.466 82.363 45.481 82.328 45.493
82.328 45.493 82.327 45.493
81.665 45.348 81.739 45.338 81.765 45.308 81.781 45.267 81.794 45.196 81.807 45.189 81.875 45.181 81.91 45.158 81.95 45.144
80.828 45.126 80.854 45.126 80.976 45.161 81.022 45.162 81.144 45.205 81.542 45.293 81.623 45.334 81.665 45.348
82.245 45.232 82.295 45.228 82.342 45.205 82.427 45.137 82.476 45.116
81.95 45.144 82 45.154 82.192 45.222 82.245 45.232
80.746 45.144 80.828 45.126
80.537 45.101 80.697 45.144 80.746 45.144
80.468 45.106 80.537 45.101
80.365 45.043 80.39 45.046 80.406 45.057 80.425 45.092 80.445 45.104 80.468 45.106
80.291 45.046 80.365 45.043
80.219 45.026 80.291 45.046
80.148 45.034 80.219 45.026
80.039 44.79 79.992 44.794 79.869 44.849 79.843 44.873 79.858 44.904 79.925 44.932 80.062 45.019 80.103 45.032 80.148 45.034
80.732 43.101 80.773 43.113 80.788 43.128 80.793 43.149 80.788 43.168 80.765 43.2 80.756 43.258 80.735 43.289 80.658 43.311 80.643 43.326 80.694 43.395 80.71 43.426 80.713 43.459 80.476 43.91 80.423 43.972 80.413 43.993 80.404 44.049 80.392 44.065 80.345 44.103 80.339 44.121 80.346 44.159 80.373 44.231 80.373 44.27 80.333 44.417 80.33 44.453 80.338 44.494 80.365 44.57 80.384 44.603 80.359 44.633 80.356 44.653 80.376 44.671 80.476 44.694 80.492 44.702 80.497 44.715 80.492 44.728 80.476 44.735 80.315 44.78 80.263 44.809 80.218 44.818
80.218 44.818 80.039 44.79
80.618 43.134 80.66 43.133 80.711 43.105 80.732 43.101
80.317 42.816 80.476 42.864 80.527 42.868 80.549 42.878 80.554 42.899 80.543 42.917 80.522 42.925 80.476 42.93 80.408 42.955 80.374 42.975 80.355 43.001 80.368 43.028 80.41 43.049 80.498 43.076 80.576 43.119 80.618 43.134
80.265 42.824 80.317 42.816
80.21 42.19 80.249 42.205 80.268 42.238 80.249 42.31 80.219 42.355 80.196 42.435 80.195 42.446 80.212 42.479 80.211 42.491 80.162 42.552 80.14 42.623 80.152 42.66 80.189 42.702 80.205 42.731 80.227 42.791 80.248 42.816 80.265 42.824
70.645 40.935 70.643 40.952 70.617 40.994 70.593 41.009 70.566 41.018
70.566 41.018 70.55 41.015 70.561 40.995 70.625 40.939 70.645 40.935
26.542 55.308 26.466 55.321 26.45 55.327 26.445 55.338 26.486 55.391 26.508 55.439 26.543 55.46 26.546 55.471 26.528 55.492 26.532 55.516 26.596 55.568 26.608 55.616 26.595 55.667
26.579 55.119 26.601 55.121 26.616 55.135 26.634 55.192 26.657 55.215 26.701 55.237 26.766 55.247 26.79 55.257 26.801 55.273 26.792 55.29 26.769 55.3 26.603 55.317
26.603 55.317 26.542 55.308
26.473 55.146 26.579 55.119
26.42 55.128 26.473 55.146
26.309 55.145 26.42 55.128
25.981 54.943 26.103 54.957 26.139 54.969 26.188 55.009 26.225 55.055 26.233 55.112 26.264 55.14 26.309 55.145
25.908 54.948 25.981 54.943
25.564 54.303 25.542 54.308 25.529 54.321 25.53 54.346 25.613 54.422 25.62 54.488 25.631 54.508 25.646 54.52 25.707 54.542 25.74 54.569 25.746 54.588 25.74 54.608 25.708 54.663 25.725 54.716 25.724 54.78 25.757 54.8 25.778 54.805 25.782 54.822 25.772 54.851 25.783 54.87 25.847 54.906 25.858 54.933 25.908 54.948
25.723 54.281 25.715 54.285 25.696 54.321 25.682 54.326
25.682 54.326 25.607 54.305 25.564 54.303
25.459 54.299 25.479 54.293 25.554 54.231 25.546 54.227
25.288 54.245 25.37 54.248 25.394 54.257 25.434 54.292 25.459 54.299
25.728 54.145 25.763 54.156 25.771 54.172 25.772 54.218 25.789 54.236 25.758 54.269 25.735 54.283
25.735 54.283 25.723 54.281
25.224 54.259 25.288 54.245
25.027 54.128 25.072 54.132 25.116 54.149 25.157 54.176 25.173 54.197 25.194 54.244 25.206 54.257 25.224 54.259
25.546 54.227 25.522 54.229
25.522 54.229 25.502 54.222 25.499 54.212 25.523 54.204 25.529 54.196 25.486 54.175 25.493 54.158 25.543 54.137 25.632 54.128
24.902 54.15 24.948 54.146 25.027 54.128
24.724 53.963 24.806 53.975 24.819 53.993 24.821 54.02 24.787 54.078 24.784 54.096 24.818 54.11 24.822 54.135 24.856 54.147 24.902 54.15
25.691 54.148 25.728 54.145
25.632 54.128 25.654 54.129 25.691 54.148
24.671 53.994 24.706 53.964 24.724 53.963
24.378 53.887 24.414 53.898 24.529 53.958 24.579 53.976 24.643 53.983 24.671 53.994
24.17 53.959 24.201 53.952 24.229 53.932 24.257 53.894 24.276 53.892
23.981 53.93 24.045 53.931 24.17 53.959
23.92 53.948 23.981 53.93
23.821 53.919 23.92 53.948
23.486 53.939 23.52 53.934 23.627 53.898
23.787 53.928 23.821 53.919
23.627 53.898 23.754 53.917 23.787 53.928
24.31 53.893 24.378 53.887
24.276 53.892 24.31 53.893
-57.511 -30.277 -57.536 -30.274 -57.567 -30.256 -57.587 -30.204 -57.603 -30.191
116.684 49.823 116.038 48.87 116.034 48.852 116.048 48.818 116.048 48.8 116.028 48.767 115.8 48.53 115.787 48.493 115.809 48.274 115.8 48.242 115.771 48.224 115.536 48.149 115.514 48.132 115.562 47.933 115.576 47.91 115.853 47.706 115.915 47.684
87.908 48.759 87.821 48.788 87.806 48.801 87.796 48.84 87.738 48.869 87.736 48.887 87.757 48.92 87.836 48.946 87.873 48.968 87.872 49.004 87.822 49.029 87.816 49.051 87.836 49.101 87.816 49.166
88.028 48.54 87.983 48.552 87.952 48.575 87.943 48.599 87.99 48.624 88.01 48.653 88.055 48.673 88.064 48.683 88.059 48.708 88.034 48.729 87.952 48.761
87.952 48.761 87.908 48.759
88.183 48.493 88.148 48.499 88.072 48.539 88.052 48.543
88.052 48.543 88.028 48.54
88.44 48.394 88.417 48.394 88.383 48.409 88.332 48.454 88.305 48.469 88.218 48.495
88.218 48.495 88.183 48.493
88.655 48.171 88.636 48.176 88.581 48.212 88.559 48.288 88.573 48.325 88.565 48.343 88.503 48.393 88.479 48.4
88.479 48.4 88.44 48.394
88.831 48.105 88.805 48.106 88.709 48.166 88.681 48.173
88.681 48.173 88.655 48.171
89.046 47.993 88.932 48.097 88.889 48.111
88.889 48.111 88.831 48.105
89.425 48.022 89.354 48.039
89.354 48.039 89.244 47.98 89.219 47.977
89.784 47.819 89.751 47.824 89.74 47.836 89.723 47.878 89.707 47.889 89.655 47.9 89.627 47.944 89.583 47.962 89.576 47.976 89.572 48.02 89.542 48.031
89.542 48.031 89.425 48.022
118.182 48.028 118.28 47.998 118.473 47.989 118.542 47.966 118.605 47.915 118.713 47.794 118.767 47.756 119.06 47.673 119.083 47.662 119.104 47.628 119.117 47.556 119.122 47.539 119.134 47.528 119.31 47.476 119.318 47.462 119.282 47.415 119.321 47.407 119.476 47.309 119.525 47.251 119.587 47.238 119.629 47.216 119.7 47.16 119.754 47.094 119.761 47.075 119.762 47.015 119.77 46.993 119.832 46.942 119.852 46.911 119.893 46.906 119.896 46.899 119.881 46.873 119.883 46.855 119.903 46.842 119.899 46.802 119.883 46.753 119.907 46.718 119.873 46.673 119.834 46.651
117.973 47.998 118.064 48.02 118.182 48.028
117.815 48.005 117.973 47.998
117.361 47.651 117.4 47.686 117.436 47.73 117.527 47.786 117.742 47.978 117.767 47.993 117.815 48.005
89.219 47.977 89.167 47.984 89.075 47.984 89.046 47.993
90.782 46.986 90.742 46.992 90.712 47.015 90.469 47.309 90.469 47.324 90.486 47.345 90.487 47.378 90.475 47.391 90.448 47.404 90.442 47.431 90.441 47.493 90.382 47.538 90.327 47.623 90.35 47.648 90.345 47.659 90.302 47.679 90.163 47.71 90.12 47.73 90.083 47.756 90.059 47.79 90.052 47.811 90.064 47.851 90.06 47.869 90.045 47.88 89.963 47.889
89.963 47.889 89.947 47.883 89.934 47.844 89.921 47.832 89.889 47.824 89.784 47.819
116.822 47.876 116.853 47.872 117.07 47.81 117.317 47.654 117.361 47.651
116.429 47.835 116.5 47.836 116.752 47.874 116.822 47.876
116.244 47.863 116.429 47.835
115.915 47.684 115.973 47.709 116.084 47.807 116.182 47.85 116.244 47.863
90.905 45.186 90.873 45.186 90.858 45.215 90.867 45.254 90.854 45.271 90.797 45.293 90.79 45.338 90.753 45.421 90.738 45.442 90.672 45.476 90.651 45.493 90.697 45.73 90.711 45.752 90.919 45.95 90.986 45.993 91.002 46.022 91.005 46.068 90.996 46.114 90.949 46.168 90.899 46.282 90.896 46.302 90.936 46.344 90.986 46.435 91.001 46.475 91.036 46.529 91.047 46.566 91.033 46.58 90.996 46.595 91.016 46.703 91.005 46.74 90.975 46.774 90.925 46.813 90.92 46.834 90.934 46.857 90.933 46.875 90.91 46.892 90.885 46.945 90.87 46.96 90.828 46.982 90.806 46.987
90.806 46.987 90.782 46.986
118.907 46.709 118.891 46.714 118.867 46.758 118.847 46.765
118.847 46.765 118.816 46.758 118.754 46.691 118.72 46.677
119.317 46.612 119.037 46.669 119.014 46.683 118.967 46.74
118.967 46.74 118.947 46.737 118.907 46.709
118.473 46.686 118.435 46.691 118.336 46.722 118.301 46.725
118.301 46.725 118.238 46.715 118.156 46.675 118.084 46.668 118.006 46.627 117.901 46.608 117.859 46.58 117.817 46.527 117.798 46.52 117.696 46.512
118.72 46.677 118.609 46.706
118.609 46.706 118.552 46.686 118.473 46.686
119.834 46.651 119.796 46.659
119.796 46.659 119.782 46.656 119.74 46.613 119.68 46.592
119.576 46.619 119.501 46.628
119.501 46.628 119.317 46.612
119.68 46.592 119.659 46.596 119.623 46.616 119.602 46.62
119.602 46.62 119.576 46.619
117.696 46.512 117.625 46.536 117.568 46.604
117.568 46.604 117.502 46.577
117.502 46.577 117.473 46.585
117.473 46.585 117.394 46.571 117.413 46.525 117.369 46.476 117.358 46.448 117.353 46.379 117.337 46.357 117.302 46.35
117.302 46.35 116.958 46.366 116.815 46.387
116.815 46.387 116.722 46.329 116.604 46.309 116.568 46.291 116.525 46.227 116.357 46.106 116.213 45.908 116.207 45.881 116.252 45.803 116.23 45.77 116.17 45.709 116.095 45.677 116.063 45.673
116.063 45.673 116.012 45.679
116.012 45.679 115.767 45.53 115.692 45.469 115.638 45.444 115.473 45.413 115.337 45.395 115.126 45.394 114.939 45.374
114.939 45.374 114.905 45.378 114.737 45.425 114.703 45.427
114.703 45.427 114.669 45.423 114.524 45.38 114.502 45.303 114.473 45.259 114.419 45.201 114.212 45.062 114.149 45.03 114.089 44.962 114.055 44.941 114.017 44.927 113.889 44.908 113.838 44.868 113.736 44.816 113.672 44.768 113.635 44.746 113.605 44.74
91.347 45.114 91.249 45.13 91.184 45.154 91.135 45.198 91.101 45.211 91.011 45.219
91.011 45.219 90.975 45.215 90.905 45.186
91.534 45.071 91.456 45.137 91.438 45.146
91.438 45.146 91.417 45.146 91.367 45.114 91.347 45.114
112.108 45.067 112.011 45.087
112.011 45.087 111.958 45.085 111.927 45.061 111.843 45.04 111.786 45.009 111.739 44.966 111.551 44.693 111.541 44.668 111.544 44.618 111.538 44.583 111.484 44.506 111.424 44.448 111.397 44.387 111.396 44.347 111.411 44.326 111.473 44.299 111.491 44.283 111.504 44.226 111.519 44.189 111.544 44.157 111.634 44.066 111.668 44.041 111.781 43.986 111.811 43.964 111.839 43.939 111.931 43.82 111.944 43.786 111.948 43.757 111.945 43.724 111.933 43.697 111.846 43.667
91.663 45.06 91.564 45.077
91.564 45.077 91.534 45.071
92.219 45.01 92.194 45.015 92.076 45.069 92.009 45.076
92.009 45.076 91.919 45.066
91.919 45.066 91.747 45.072
91.747 45.072 91.663 45.06
113.605 44.74 113.532 44.745 113.473 44.771 113.105 44.794 113.017 44.821 112.973 44.821 112.748 44.865 112.614 44.909 112.586 44.924 112.524 44.993 112.441 45.052 112.413 45.066 112.38 45.071
112.38 45.071 112.108 45.067
92.975 45.005 92.945 45.006 92.848 45.039
92.848 45.039 92.799 45.033
92.799 45.033 92.753 45.038
92.753 45.038 92.639 45.016 92.572 45.013 92.475 44.997
92.347 45.008 92.285 45.02
92.285 45.02 92.219 45.01
92.475 44.997 92.396 45.013
92.396 45.013 92.347 45.008
93.269 44.98 93.244 44.982 93.166 45.008 93.139 45.01
93.139 45.01 93.052 45.003
93.052 45.003 93.014 45.009
93.014 45.009 92.975 45.005
94.059 44.651 93.975 44.66 93.927 44.673 93.875 44.714 93.714 44.875 93.688 44.891 93.525 44.951 93.421 44.955 93.341 44.985 93.317 44.986
93.317 44.986 93.269 44.98
94.366 44.504 94.338 44.512 94.277 44.59 94.195 44.654 94.149 44.667
94.149 44.667 94.104 44.652 94.059 44.651
95.037 44.255 94.994 44.259 94.906 44.294 94.698 44.343 94.657 44.389 94.588 44.436 94.43 44.504
94.43 44.504 94.366 44.504
96.379 42.721 96.358 42.724 96.351 42.741 96.337 42.866 96.319 42.91 96.294 42.933 95.908 43.215 95.874 43.247 95.855 43.285 95.833 43.409 95.692 43.631 95.589 43.869 95.535 43.958 95.51 43.979 95.328 44.007 95.319 44.017 95.328 44.098 95.323 44.158 95.341 44.188 95.347 44.215 95.389 44.261 95.398 44.281 95.379 44.287
95.379 44.287 95.037 44.255
111.846 43.667 111.773 43.669
111.773 43.669 111.754 43.663 111.568 43.503 111.535 43.491 111.429 43.484 111.401 43.476 111.339 43.438 111.096 43.367 110.973 43.316 110.934 43.288 110.797 43.149 110.68 43.058 110.641 42.988 110.608 42.945 110.567 42.911 110.449 42.837 110.425 42.785 110.407 42.769 110.14 42.683 110.075 42.644 110.043 42.636
99.474 42.564 97.193 42.787
97.193 42.787 96.379 42.721
101.219 42.53 100.017 42.677
100.017 42.677 99.972 42.676 99.474 42.564
110.043 42.636 109.987 42.636
109.987 42.636 109.913 42.629 109.667 42.549 109.51 42.465
103.104 41.994 103.073 42.005 102.034 42.185 101.974 42.208 101.886 42.278 101.735 42.461 101.638 42.515 101.525 42.537 101.411 42.545
101.411 42.545 101.219 42.53
109.51 42.465 109.505 42.465
109.505 42.465 109.485 42.449 109.329 42.44 109.253 42.426
108.32 42.433 108.235 42.45 108.177 42.454
108.177 42.454 106.768 42.287 105.869 41.993 105.403 41.812 105.358 41.786 105.274 41.755 105.201 41.743 105.015 41.596 104.974 41.586
109.253 42.426 108.994 42.45
108.994 42.45 108.961 42.448 108.863 42.409 108.797 42.398
108.797 42.398 108.536 42.435
108.536 42.435 108.32 42.433
103.721 41.756 103.691 41.759 103.104 41.994
104.974 41.586 104.914 41.638 104.892 41.645 104.601 41.645 104.505 41.657 104.498 41.666 104.501 41.871
104.501 41.871 103.721 41.756
87.514 49.12 87.716 49.159 87.816 49.166
87.506 49.121 87.514 49.12
87.4 49.071 87.438 49.075 87.476 49.088 87.506 49.121
87.324 49.085 87.4 49.071
14.319 51.04 14.357 51.032 14.376 51.017 14.398 51.013
14.347 50.88 14.376 50.896 14.382 50.921 14.318 50.938 14.293 50.953 14.294 50.964 14.304 50.97 14.238 50.982 14.264 51.021 14.288 51.037 14.319 51.04
14.482 51.037 14.503 51.009 14.542 50.999 14.574 50.975 14.576 50.951 14.55 50.912 14.562 50.906
14.462 51.02 14.473 51.023 14.482 51.037
14.426 51.021 14.462 51.02
14.398 51.013 14.426 51.021
14.617 50.921 14.629 50.921 14.635 50.909 14.612 50.871 14.608 50.853 14.613 50.846 14.648 50.839 14.7 50.816 14.759 50.81
14.562 50.906 14.617 50.921
14.268 50.884 14.347 50.88
14.016 50.802 14.035 50.803 14.191 50.848 14.232 50.879 14.268 50.884
14.759 50.81 14.785 50.82 14.81 50.858
13.979 50.805 14.016 50.802
13.911 50.779 13.934 50.785 13.96 50.802 13.979 50.805
13.901 50.781 13.911 50.779
13.817 50.721 13.875 50.737 13.882 50.743 13.883 50.773 13.901 50.781
13.771 50.725 13.817 50.721
13.692 50.712 13.771 50.725
13.602 50.712 13.692 50.712
13.429 50.594 13.448 50.597 13.498 50.629 13.493 50.643 13.523 50.662 13.527 50.676 13.516 50.691 13.557 50.707 13.602 50.712
13.369 50.628 13.381 50.625 13.407 50.601 13.429 50.594
13.285 50.569 13.306 50.576 13.322 50.602 13.369 50.628
13.232 50.582 13.285 50.569
13.16 50.497 13.185 50.509 13.199 50.525 13.232 50.582
13.107 50.499 13.16 50.497
13.06 50.491 13.107 50.499
13.026 50.498 13.06 50.491
12.953 50.404 12.997 50.434 13.01 50.493 13.026 50.498
12.817 50.443 12.918 50.405 12.953 50.404
12.788 50.434 12.817 50.443
12.77 50.436 12.788 50.434
12.679 50.394 12.703 50.402 12.738 50.432 12.77 50.436
12.625 50.4 12.679 50.394
12.463 50.34 12.475 50.369 12.51 50.389 12.625 50.4
12.454 50.341 12.463 50.34
12.3 50.161 12.314 50.167 12.306 50.199 12.309 50.217 12.334 50.243 12.336 50.259 12.367 50.279 12.398 50.315 12.454 50.341
12.076 50.315 12.149 50.312 12.169 50.303 12.178 50.269 12.204 50.26 12.24 50.257 12.242 50.248 12.23 50.235 12.254 50.217 12.273 50.172 12.283 50.162 12.3 50.161
12.398 49.993 12.247 50.045 12.241 50.071 12.233 50.081 12.188 50.103 12.179 50.118 12.186 50.156 12.175 50.183 12.139 50.211 12.09 50.231 12.08 50.243 12.109 50.264 12.111 50.277 12.107 50.291 12.076 50.315
12.483 49.827 12.513 49.87 12.524 49.905 12.518 49.912 12.463 49.931 12.471 49.956 12.468 49.97 12.451 49.981 12.415 49.983 12.399 49.993
12.399 49.993 12.398 49.993
12.462 49.831 12.483 49.827
12.605 49.513 12.575 49.53 12.547 49.596 12.502 49.62 12.507 49.63 12.497 49.634 12.505 49.646 12.505 49.659 12.496 49.67 12.42 49.7 12.384 49.743 12.395 49.758 12.437 49.769 12.453 49.78 12.462 49.831
12.857 49.322 12.778 49.333 12.762 49.343 12.729 49.391 12.709 49.405 12.644 49.429 12.632 49.444 12.623 49.51 12.616 49.514
12.616 49.514 12.605 49.513
13.482 48.938 13.399 48.978 13.384 48.993 13.384 49.021 13.372 49.039 13.3 49.094 13.267 49.106 13.207 49.107 13.179 49.118 13.149 49.155 13.056 49.238 13.011 49.268 13 49.295 12.94 49.327 12.885 49.34
12.885 49.34 12.871 49.337 12.875 49.324 12.857 49.322
13.59 48.945 13.539 48.967 13.516 48.97
13.516 48.97 13.502 48.966 13.482 48.938
13.816 48.766 13.796 48.78 13.725 48.867 13.673 48.876 13.637 48.893 13.611 48.927 13.609 48.946
13.609 48.946 13.59 48.945
25.334 58.032 25.318 58.041 25.3 58.066 25.264 58.075
25.264 58.075 25.251 58.068 25.25 58.051 25.278 58.024 25.284 58.008 25.265 57.994 25.217 57.985
25.217 57.985 25.202 57.992 25.167 58.059 25.141 58.068
25.141 58.068 25.071 58.064 24.949 58.006 24.873 58 24.817 57.977
25.625 57.91 25.579 57.919 25.558 57.934 25.542 57.963 25.457 57.984 25.397 58.023 25.357 58.035
25.357 58.035 25.334 58.032
24.817 57.977 24.734 57.992
24.734 57.992 24.719 57.982 24.7 57.954 24.685 57.948 24.624 57.944
24.624 57.944 24.554 57.947
24.554 57.947 24.534 57.945 24.481 57.919 24.442 57.908 24.402 57.866 24.35 57.859
26.5 57.516 26.431 57.562 26.339 57.583 26.297 57.599 26.263 57.621 26.169 57.704 26.025 57.774 26.016 57.787 26.013 57.807 26.025 57.828 26.015 57.843 25.793 57.856 25.768 57.869 25.745 57.909 25.73 57.923 25.715 57.923
25.715 57.923 25.625 57.91
24.35 57.859 24.306 57.868
26.912 57.613 26.873 57.627
26.873 57.627 26.854 57.623 26.839 57.61 26.816 57.581 26.778 57.568
27.32 57.516 27.166 57.547 27.085 57.549 27.062 57.556 27.005 57.599 26.981 57.609 26.929 57.616
26.929 57.616 26.912 57.613
26.778 57.568 26.7 57.571
26.7 57.571 26.634 57.554 26.605 57.54 26.59 57.52 26.58 57.518
26.58 57.518 26.542 57.528
26.542 57.528 26.5 57.516
27.353 57.528 27.32 57.516
27.528 57.528 27.526 57.468 27.511 57.43 27.536 57.416 27.641 57.389 27.708 57.348 27.828 57.305 27.84 57.291 27.846 57.267 27.841 57.211 27.824 57.159 27.794 57.143 27.701 57.119 27.682 57.104 27.696 57.085 27.745 57.068 27.751 57.042 27.723 56.999 27.715 56.957 27.649 56.879 27.628 56.844 27.661 56.839
27.353 57.528 27.528 57.528
27.786 56.871 27.831 56.864 27.914 56.82 27.919 56.806 27.865 56.743 27.883 56.725 27.981 56.687 27.991 56.67 27.997 56.604 28.011 56.588 28.029 56.577 28.126 56.548 28.132 56.536 28.099 56.513 28.093 56.502 28.105 56.483 28.164 56.438 28.167 56.37 28.217 56.271 28.215 56.256 28.193 56.231 28.169 56.162 28.149 56.142
27.661 56.839 27.744 56.865 27.786 56.871
24.871 56.443 24.892 56.439 24.91 56.422 24.973 56.301 25.026 56.26 25.044 56.228 25.073 56.198 25.109 56.183 25.455 56.15
24.838 56.404 24.852 56.414 24.857 56.435 24.871 56.443
22.094 56.417 22.139 56.416 22.215 56.39
21.053 56.073 21.19 56.084 21.205 56.103 21.23 56.163 21.255 56.185 21.328 56.224 21.358 56.233 21.419 56.237 21.596 56.308 21.684 56.31 22.094 56.417
22.925 56.412 22.957 56.402 23.017 56.324 23.062 56.304
22.666 56.349 22.823 56.383 22.889 56.408 22.925 56.412
24.816 56.409 24.838 56.404
24.447 56.261 24.539 56.288 24.639 56.36 24.679 56.377 24.816 56.409
22.512 56.396 22.605 56.379 22.666 56.349
22.215 56.39 22.512 56.396
23.288 56.373 23.482 56.33 23.518 56.329
23.062 56.304 23.113 56.311 23.163 56.341 23.154 56.351 23.173 56.358 23.288 56.373
23.707 56.354 23.724 56.346 23.725 56.329 23.756 56.326
23.679 56.352 23.707 56.354
23.61 56.354 23.679 56.352
23.518 56.329 23.61 56.354
23.825 56.335 23.858 56.334 23.981 56.312 24.075 56.271 24.139 56.257
23.756 56.326 23.825 56.335
24.319 56.299 24.414 56.266 24.447 56.261
24.139 56.257 24.319 56.299
25.523 56.157 25.59 56.141
25.455 56.15 25.523 56.157
25.65 56.144 25.662 56.141 25.688 56.098 25.709 56.081 25.766 56.059 25.871 55.992 26.018 55.937 26.079 55.898 26.179 55.85 26.28 55.743 26.342 55.716 26.481 55.678 26.595 55.667
25.59 56.141 25.65 56.144
20.623 69.036 20.102 69.022 20.341 68.91 20.349 68.893 20.357 68.805 20.352 68.786 20.237 68.659 20.152 68.607 19.962 68.541 20.246 68.477 20.01 68.364 19.971 68.351 19.931 68.35
18.7 68.496 18.645 68.501 18.436 68.574
18.436 68.574 18.172 68.536 18.162 68.53 18.137 68.426 18.136 68.396 18.189 68.199 18.167 68.158 17.951 67.991 17.921 67.973 17.895 67.97
19.931 68.35 19.482 68.424 19.038 68.506
19.038 68.506 18.7 68.496
17.895 67.97 17.321 68.105
17.321 68.105 17.3 68.098 17.22 68.04 16.808 67.911 16.783 67.897 16.762 67.877 16.609 67.647 16.587 67.626 16.483 67.558 16.429 67.534 16.367 67.522 16.2 67.508 16.181 67.496 16.127 67.423 16.438 67.2 16.444 67.183 16.416 67.053 16.4 67.036 16.311 67.01 16.126 66.934 16.039 66.888 15.669 66.599 15.426 66.491 15.43 66.464 15.482 66.341 15.492 66.288 15.482 66.275 15.053 66.153 14.541 66.125 14.644 65.843 14.649 65.802 14.637 65.781 14.561 65.701 14.51 65.465 14.518 65.365 14.514 65.318 14.482 65.289 14.4 65.255 14.38 65.24 14.366 65.216 14.338 65.123 14.311 65.084 14.173 64.992 13.643 64.584 13.94 64.491 14.061 64.477 14.097 64.465 14.116 64.441 14.161 64.205 14.161 64.187 14.148 64.169 13.982 64.02 13.964 64.01 13.939 64.01
13.939 64.01 13.234 64.091
13.234 64.091 12.982 64.059 12.755 63.991 12.682 63.956 12.483 63.809 12.293 63.657 12.17 63.598 12.219 63.497 12.22 63.474 12.205 63.455 11.992 63.289 12.223 63.001 12.104 62.923 12.093 62.907 12.156 62.734 12.154 62.711 12.09 62.606 12.091 62.586 12.286 62.335 12.314 62.286 12.317 62.234 12.162 61.725 12.176 61.712 12.291 61.651 12.338 61.633 12.416 61.582 12.483 61.569 12.551 61.567 12.583 61.561 12.614 61.547 12.887 61.362 12.888 61.35 12.84 61.227 12.82 61.205 12.747 61.151 12.733 61.129 12.714 61.061 12.704 61.046 12.683 61.04
12.683 61.04 12.57 61.051
12.57 61.051 12.512 61.049 12.281 61.015 12.253 61.002 12.256 60.981 12.295 60.935 12.313 60.902 12.35 60.793 12.377 60.754 12.483 60.657 12.594 60.515 12.609 60.486 12.613 60.455 12.594 60.395 12.559 60.36 12.505 60.326 12.492 60.312 12.487 60.296 12.522 60.198 12.525 60.162 12.511 60.118 12.483 60.081 12.447 60.051 12.291 59.959 12.144 59.898 12.103 59.894
12.103 59.894 11.942 59.902
11.942 59.902 11.89 59.893 11.85 59.872 11.843 59.838 11.902 59.785 11.897 59.714 11.892 59.706 11.828 59.66 11.694 59.622 11.675 59.607 11.671 59.581 11.677 59.559 11.784 59.361 11.807 59.294 11.812 59.25 11.776 59.203 11.749 59.14 11.745 59.092 11.664 58.92 11.612 58.893 11.547 58.885
11.547 58.885 11.483 58.887 11.452 58.896 11.453 58.96 11.438 58.992
27.867 70.075 27.897 70.071 27.927 70.053 27.981 70.01 28.167 69.894 28.189 69.886 28.381 69.856 28.38 69.822 28.405 69.802 28.443 69.791 29.131 69.674 29.147 69.664 29.203 69.586 29.345 69.464 29.229 69.377 28.865 69.217 28.852 69.204 28.827 69.107 28.828 69.091 28.954 69.027
27.792 70.059 27.867 70.075
27.665 70.068 27.792 70.059
27.1 69.902 27.312 69.929 27.352 69.949 27.323 69.96 27.335 69.969 27.381 69.974 27.445 70.003 27.563 70.024 27.571 70.041 27.613 70.062 27.665 70.068
26.865 69.938 26.951 69.92
26.772 69.928 26.865 69.938
26.707 69.935 26.772 69.928
25.602 68.872 25.652 68.883 25.678 68.913 25.737 68.953 25.754 68.978 25.796 68.993 25.805 69.006 25.801 69.013 25.766 69.031 25.765 69.043 25.75 69.059 25.759 69.082 25.76 69.115 25.771 69.135 25.734 69.191 25.737 69.218 25.775 69.299 25.787 69.313 25.877 69.371 25.841 69.418 25.887 69.455 25.886 69.479 25.906 69.502 25.887 69.521 25.9 69.532 25.96 69.549 25.986 69.565 26.004 69.587 26.005 69.611 25.964 69.643 25.962 69.653 25.969 69.663 26.005 69.689 26.032 69.697 26.198 69.715 26.317 69.795 26.419 69.836 26.448 69.856 26.436 69.874 26.481 69.899 26.501 69.918 26.534 69.925 26.707 69.935
26.981 69.923 27.1 69.902
26.951 69.92 26.981 69.923
21.314 69.291 21.639 69.271 21.663 69.263 22.023 69.012 22.161 68.956 22.2 68.908 22.277 68.857 22.357 68.833 22.371 68.823 22.397 68.732 22.409 68.713 22.429 68.71
21.072 69.037 21.099 69.044 21.156 69.088 21.034 69.181 21.063 69.215 21.098 69.239 21.314 69.291
20.744 69.104 21.072 69.037
20.623 69.036 20.717 69.099 20.744 69.104
25.481 68.888 25.602 68.872
25.007 68.615 25.118 68.638 25.132 68.648 25.144 68.668 25.132 68.677 25.143 68.696 25.15 68.765 25.163 68.785 25.201 68.813 25.387 68.875 25.481 68.888
23.853 68.817 23.929 68.816 24.131 68.776 24.187 68.745 24.332 68.709 24.663 68.666 24.754 68.638 24.83 68.594 24.861 68.563 24.879 68.555
23.198 68.618 23.482 68.686 23.642 68.695 23.735 68.715 23.768 68.756 23.787 68.8 23.853 68.817
22.57 68.727 22.852 68.676
22.429 68.71 22.57 68.727
23.019 68.687 23.071 68.681 23.175 68.622 23.198 68.618
22.852 68.676 23.019 68.687
24.981 68.615 25.007 68.615
24.879 68.555 24.905 68.557 24.927 68.57 24.952 68.605 24.981 68.615
107.424 14.419 107.456 14.434 107.477 14.475 107.486 14.51 107.505 14.541 107.504 14.602 107.532 14.678 107.52 14.705
107.408 14.433 107.424 14.419
107.372 13.996 107.355 14.002 107.343 14.021 107.345 14.081 107.32 14.12 107.359 14.239 107.364 14.283 107.35 14.322 107.352 14.342 107.387 14.422 107.408 14.433
107.393 12.253 107.416 12.254 107.45 12.299 107.5 12.326 107.514 12.344 107.557 12.473 107.557 12.496 107.55 12.509 107.563 12.544 107.565 12.606 107.54 12.717 107.536 12.8 107.522 12.827 107.487 12.871 107.466 12.952 107.481 12.989 107.463 13.007 107.46 13.022 107.607 13.37 107.611 13.4 107.597 13.535 107.514 13.693 107.443 13.783 107.438 13.798 107.446 13.839 107.435 13.87 107.448 13.909 107.431 13.956 107.431 13.984 107.424 13.994 107.409 14
107.409 14 107.372 13.996
107.32 12.329 107.344 12.315 107.374 12.269 107.393 12.253
106.879 12.063 106.916 12.067 106.978 12.097 107.078 12.203 107.116 12.232 107.153 12.277 107.212 12.306 107.276 12.325 107.32 12.329
106.803 12.068 106.879 12.063
106.68 11.965 106.702 11.971 106.749 12.052 106.772 12.066 106.803 12.068
106.429 11.977 106.451 11.968 106.461 11.953 106.474 11.952
106.413 11.662 106.426 11.662 106.435 11.677 106.399 11.746 106.398 11.762 106.418 11.803 106.421 11.838 106.439 11.864 106.433 11.888 106.394 11.97 106.429 11.977
106.631 11.976 106.68 11.965
106.639 11.961 106.631 11.976
106.505 11.973 106.639 11.961
106.474 11.952 106.505 11.973
106.015 11.77 106.113 11.747 106.155 11.746 106.224 11.725 106.243 11.715 106.274 11.677 106.287 11.675
105.934 11.643 105.955 11.678 105.983 11.707 105.992 11.746 106.015 11.77
106.354 11.69 106.378 11.684 106.413 11.662
106.287 11.675 106.354 11.69
105.858 11.662 105.906 11.644 105.934 11.643
106.087 11.056 106.077 11.077 106.013 11.139 105.989 11.177 105.974 11.19 105.92 11.203 105.9 11.219 105.887 11.268 105.844 11.29 105.874 11.428 105.857 11.496 105.858 11.536 105.842 11.555 105.803 11.566 105.79 11.587 105.793 11.607 105.805 11.625 105.841 11.658 105.858 11.662
106.181 10.97 106.188 10.976 106.16 11.054 106.131 11.084 106.114 11.087
106.114 11.087 106.098 11.078 106.087 11.056
105.726 11.018 105.753 11.016 105.77 10.996 105.821 10.92 105.848 10.855 105.879 10.828
105.474 10.941 105.632 10.974 105.697 11.01 105.726 11.018
106.149 10.971 106.181 10.97
106.177 10.767 106.152 10.863 106.122 10.925 106.122 10.956 106.128 10.966 106.149 10.971
105.41 10.963 105.474 10.941
105.318 10.839 105.357 10.908 105.41 10.963
105.078 10.947 105.098 10.914 105.253 10.884 105.303 10.844 105.318 10.839
104.774 10.515 104.819 10.517 104.854 10.531 104.931 10.631 105.042 10.691 105.067 10.714 105.066 10.746 105.015 10.849 105.011 10.884 105.029 10.914 105.078 10.947
105.931 10.896 106.018 10.82 106.072 10.797 106.155 10.785 106.177 10.767
105.879 10.828 105.899 10.828 105.909 10.838 105.93 10.88 105.931 10.896
104.626 10.533 104.774 10.515
104.47 10.416 104.484 10.418 104.494 10.428 104.554 10.518 104.567 10.528 104.626 10.533
104.451 10.42 104.47 10.416
-69.51 -17.505 -69.51 -17.507
6.101 50.063 6.117 50.12
6.162 49.942 6.117 50.004 6.114 50.036 6.096 50.049 6.107 50.064
6.107 50.064 6.101 50.063
6.311 49.834 6.303 49.835 6.287 49.861 6.223 49.887 6.173 49.956
6.173 49.956 6.162 49.942
6.415 49.805 6.326 49.84
6.326 49.84 6.311 49.834
6.503 49.796 6.462 49.805
6.462 49.805 6.415 49.805
6.502 49.796 6.503 49.796
6.5 49.712 6.486 49.734 6.486 49.743 6.496 49.748 6.494 49.764 6.502 49.796
6.491 49.714 6.5 49.712
6.345 49.455 6.342 49.493 6.356 49.578 6.418 49.639 6.403 49.656 6.418 49.67 6.492 49.701 6.483 49.708 6.491 49.714
56.151 26.075 56.163 26.074 56.183 26.015 56.175 25.967 56.171 25.877 56.14 25.823 56.144 25.806 56.172 25.765 56.141 25.733 56.145 25.671 56.151 25.659 56.189 25.645 56.206 25.618 56.222 25.614
56.077 26.061 56.151 26.075
56.222 25.614 56.279 25.627
2.522 51.088 2.537 51.065 2.557 51.001 2.608 50.961 2.612 50.941 2.577 50.912 2.597 50.868 2.587 50.845 2.607 50.835 2.62 50.816 2.651 50.812
2.669 50.814 2.692 50.809 2.707 50.789 2.744 50.766 2.768 50.733 2.887 50.697
2.651 50.812 2.669 50.814
3.103 50.784 3.146 50.769 3.189 50.715 3.224 50.705 3.232 50.696 3.244 50.672 3.23 50.655 3.264 50.57 3.271 50.527 3.3 50.507 3.361 50.49
2.887 50.697 2.948 50.749 3.103 50.784
3.477 50.52 3.498 50.512 3.487 50.493 3.499 50.487 3.586 50.483 3.628 50.464 3.644 50.446 3.662 50.319 3.697 50.298
3.361 50.49 3.429 50.502 3.463 50.519 3.477 50.52
3.799 50.348 3.84 50.345 3.896 50.325
3.704 50.304 3.742 50.343 3.799 50.348
4.003 50.344 4.098 50.295 4.125 50.257 4.144 50.252
3.896 50.325 4.003 50.344
3.702 50.305 3.704 50.304
3.697 50.298 3.702 50.305
4.163 50.273 4.204 50.252 4.201 50.242 4.168 50.222 4.153 50.205 4.128 50.146 4.126 50.128 4.14 50.124
4.144 50.252 4.151 50.256 4.15 50.27 4.163 50.273
4.816 50.161 4.82 50.146 4.831 50.143
4.435 49.932 4.465 49.936 4.604 49.98 4.657 49.989 4.673 50.016 4.681 50.048 4.673 50.066 4.682 50.084 4.789 50.153 4.816 50.161
4.863 50.148 4.872 50.14 4.863 50.084
4.831 50.143 4.863 50.148
4.171 50.13 4.181 50.127 4.21 50.06 4.137 50.025 4.128 50.006 4.133 50.004 4.14 49.975
4.14 50.124 4.171 50.13
4.863 50.084 4.852 50.092
4.852 50.092 4.827 50.064 4.827 50.036 4.784 49.958 4.797 49.944 4.845 49.932 4.86 49.913 4.859 49.892 4.835 49.853 4.849 49.832 4.849 49.794 4.858 49.787 4.884 49.784
4.14 49.975 4.132 49.975
4.132 49.975 4.201 49.953
4.278 49.96 4.435 49.932
4.201 49.953 4.278 49.96
4.971 49.797 5.026 49.767 5.082 49.753 5.136 49.705 5.169 49.687 5.192 49.683
4.884 49.784 4.971 49.797
5.259 49.691 5.299 49.662 5.306 49.648 5.294 49.641 5.293 49.617 5.315 49.611
5.192 49.683 5.259 49.691
5.335 49.626 5.383 49.613 5.402 49.602 5.45 49.546 5.454 49.537 5.45 49.508 5.456 49.499 5.478 49.495
5.315 49.611 5.335 49.626
5.746 49.549 5.791 49.538
5.71 49.531 5.746 49.549
5.645 49.544 5.71 49.531
5.587 49.512 5.602 49.514 5.62 49.536 5.645 49.544
5.548 49.523 5.587 49.512
5.478 49.495 5.548 49.523
6.039 50.148 6.014 50.154 5.998 50.175
5.998 50.175 5.962 50.166 5.941 50.128 5.872 50.097 5.864 50.067 5.838 50.047 5.836 50.019 5.803 50.002 5.802 49.989 5.813 49.978 5.802 49.964 5.764 49.947 5.719 49.891 5.715 49.882 5.758 49.858
6.117 50.12 6.103 50.125 6.097 50.151 6.084 50.159
6.084 50.159 6.039 50.148
5.758 49.858 5.732 49.86
5.732 49.86 5.727 49.845 5.737 49.839 5.725 49.834 5.72 49.825 5.728 49.8 5.738 49.789 5.778 49.773 5.802 49.743 5.805 49.722 5.837 49.713
5.844 49.714 5.85 49.714 5.857 49.7 5.842 49.674 5.846 49.667 5.88 49.658 5.885 49.644 5.83 49.583 5.847 49.577 5.837 49.561 5.814 49.545 5.791 49.538
5.837 49.713 5.844 49.714
40.52 43.505 40.48 43.509 40.233 43.576 40.164 43.576
40.164 43.576 40.097 43.563 40.073 43.551 40.059 43.535 39.986 43.389
41.042 43.37 41.012 43.375 40.875 43.456 40.843 43.469 40.74 43.495 40.652 43.539
40.652 43.539 40.616 43.536 40.52 43.505
41.279 43.333 41.181 43.375 41.147 43.38
41.147 43.38 41.042 43.37
41.614 43.213 41.578 43.215 41.551 43.226 41.506 43.26 41.428 43.283 41.413 43.291 41.381 43.335 41.35 43.343
41.35 43.343 41.279 43.333
42.615 43.137 42.535 43.165 42.423 43.229 42.355 43.236
42.355 43.236 42.185 43.225 42.075 43.185 42.043 43.181
41.82 43.201 41.687 43.22
41.687 43.22 41.614 43.213
42.043 43.181 42.011 43.182 41.948 43.2 41.89 43.207
41.89 43.207 41.82 43.201
43.94 42.552 43.885 42.579 43.751 42.599 43.723 42.625 43.726 42.654 43.789 42.693 43.812 42.717 43.801 42.746 43.756 42.763 43.663 42.78 43.586 42.836 43.517 42.86 43.194 42.927 43.156 42.942 43.048 43.017 42.999 43.042 42.99 43.053 43 43.099 42.915 43.122 42.83 43.169 42.752 43.177
42.752 43.177 42.674 43.166 42.615 43.137
45.048 42.686 45.012 42.695 44.903 42.753 44.859 42.76
44.859 42.76 44.834 42.734 44.798 42.672 44.782 42.617 44.773 42.61
44.773 42.61 44.761 42.619 44.736 42.678 44.695 42.714 44.642 42.739 44.558 42.753
44.558 42.753 44.479 42.744 44.361 42.704 44.272 42.702 44.249 42.682 44.23 42.654 44.197 42.629 44.151 42.619 44.055 42.615 44.012 42.6 43.973 42.564 43.958 42.554 43.94 42.552
45.356 42.52 45.323 42.53 45.283 42.586 45.184 42.675 45.155 42.693 45.123 42.702
45.123 42.702 45.048 42.686
45.966 42.022 45.934 42.028 45.895 42.092 45.881 42.102 45.812 42.115 45.702 42.173 45.631 42.201 45.621 42.224 45.736 42.448 45.74 42.471 45.699 42.508 45.621 42.53 45.479 42.542
45.479 42.542 45.356 42.52
46.027 42.017 45.995 42.033
45.995 42.033 45.966 42.022
46.13 41.984 46.099 41.985 46.075 41.993 46.068 42.015 46.058 42.02
46.058 42.02 46.027 42.017
46.431 41.89 46.407 41.915 46.382 41.925 46.323 41.929 46.294 41.939 46.25 41.978 46.224 41.993 46.206 41.996
46.206 41.996 46.13 41.984
20.496 41.338 20.523 41.357 20.54 41.387 20.54 41.401 20.522 41.426 20.491 41.436 20.484 41.465 20.471 41.484 20.452 41.494 20.445 41.508 20.444 41.55 20.507 41.562 20.529 41.575 20.535 41.585 20.508 41.662 20.5 41.734 20.511 41.758 20.551 41.794 20.54 41.839 20.542 41.862 20.567 41.873
20.482 41.341 20.496 41.338
20.619 41.082 20.577 41.094 20.57 41.107 20.565 41.147 20.513 41.21 20.483 41.289 20.478 41.32 20.482 41.341
20.766 40.894 20.741 40.898 20.717 40.913 20.703 40.936 20.664 41.059 20.654 41.075 20.632 41.083
20.632 41.083 20.619 41.082
20.965 40.849 20.965 40.876 20.957 40.895 20.94 40.907 20.837 40.924
20.837 40.924 20.817 40.92 20.766 40.894
44.979 41.082 45.019 41.075 45.03 41.046 45.016 41.023
45.016 41.023 44.979 41.033 44.967 41.045 44.961 41.06 44.964 41.074 44.979 41.082
20.152 42.494 20.136 42.51 20.086 42.53 20.065 42.547
20.25 42.319 20.23 42.327 20.221 42.343 20.219 42.371 20.193 42.394 20.205 42.42 20.181 42.443 20.153 42.494
20.153 42.494 20.152 42.494
20.567 41.873 20.562 41.9 20.567 41.912 20.589 41.93 20.599 41.948 20.599 41.961 20.552 42.074 20.549 42.123 20.539 42.15 20.501 42.211 20.457 42.25 20.333 42.318 20.318 42.32
20.318 42.32 20.25 42.319
42.661 41.588 42.801 41.579 42.82 41.572 42.803 41.534 42.767 41.504 42.811 41.477 42.83 41.473
42.438 41.431 42.463 41.432 42.484 41.442 42.536 41.493 42.565 41.567 42.611 41.585 42.661 41.588
41.521 41.514 41.64 41.479
41.948 41.506 42.02 41.485
41.813 41.422 41.863 41.452 41.894 41.486 41.948 41.506
42.143 41.5 42.158 41.5 42.189 41.482 42.213 41.48
42.112 41.493 42.143 41.5
42.868 41.5 42.889 41.47 42.926 41.459 42.958 41.437 43.002 41.383 43.124 41.313 43.184 41.299 43.185 41.294 43.157 41.27 43.103 41.249 43.13 41.242
42.83 41.473 42.868 41.5
42.083 41.5 42.112 41.493
42.02 41.485 42.083 41.5
41.695 41.489 41.703 41.489 41.707 41.463 41.761 41.454 41.813 41.422
41.64 41.479 41.695 41.489
42.262 41.482 42.438 41.431
42.213 41.48 42.262 41.482
43.152 41.244 43.172 41.242 43.192 41.225 43.216 41.181 43.231 41.173
43.13 41.242 43.152 41.244
43.352 41.194 43.383 41.187 43.438 41.156 43.452 41.133 43.44 41.107
43.231 41.173 43.352 41.194
6.354 49.455 6.345 49.455
5.961 49.441 5.947 49.47 5.928 49.482 5.84 49.5 5.791 49.538
6.345 49.455 6.299 49.466 6.249 49.49 6.194 49.499
6.194 49.499 6.136 49.495 6.143 49.486 6.107 49.483 6.1 49.465 6.078 49.452 5.961 49.441
-5.341 35.847 -5.378 35.882 -5.399 35.925
101.751 22.496 101.785 22.472 101.818 22.406 101.843 22.383 101.868 22.379
101.588 22.271 101.606 22.285 101.624 22.347 101.644 22.365 101.645 22.424 101.655 22.446 101.689 22.479 101.713 22.492 101.751 22.496
101.995 22.447 102.086 22.429 102.095 22.423 102.107 22.398
101.868 22.379 101.892 22.43 101.995 22.447
102.107 22.398 102.119 22.398
101.564 22.277 101.588 22.271
101.796 21.203 101.819 21.216 101.82 21.247 101.789 21.274 101.737 21.292 101.723 21.304 101.715 21.321 101.726 21.375 101.73 21.474 101.744 21.496 101.748 21.515 101.735 21.554 101.736 21.571 101.751 21.58 101.794 21.588 101.806 21.606 101.804 21.626 101.756 21.649 101.755 21.69 101.729 21.718 101.732 21.751 101.751 21.816 101.721 21.844 101.686 21.899 101.674 21.931 101.638 21.941 101.616 21.954 101.607 21.968 101.592 22.028 101.555 22.09 101.555 22.112 101.567 22.149 101.562 22.176 101.518 22.228 101.516 22.245 101.541 22.271 101.564 22.277
101.159 21.553 101.175 21.552 101.187 21.535 101.188 21.506 101.168 21.425 101.171 21.403 101.226 21.371
101.231 21.372 101.235 21.364 101.207 21.315 101.22 21.296 101.209 21.246 101.244 21.193 101.275 21.174
101.226 21.371 101.231 21.372
101.495 21.243 101.58 21.228 101.588 21.213 101.577 21.185 101.582 21.176 101.597 21.173
101.275 21.174 101.314 21.185 101.381 21.222 101.495 21.243
101.774 21.207 101.796 21.203
101.718 21.134 101.767 21.151 101.77 21.17 101.76 21.196 101.774 21.207
101.636 21.189 101.655 21.189 101.67 21.177 101.688 21.146 101.704 21.135 101.718 21.134
101.597 21.173 101.636 21.189
80.182 42.021 80.231 42.034 80.258 42.065 80.257 42.084 80.225 42.126 80.21 42.19
79.931 42.023 80.182 42.021
79.703 41.875 79.748 41.88 79.783 41.905 79.804 41.96 79.827 41.992 79.879 42.013 79.931 42.023
79.656 41.876 79.703 41.875
79.367 41.772 79.411 41.779 79.49 41.819 79.555 41.838 79.611 41.868 79.656 41.876
79.304 41.788 79.367 41.772
78.057 41.034 78.075 41.04 78.176 41.106 78.204 41.134 78.275 41.229 78.349 41.27 78.36 41.287 78.339 41.344 78.343 41.362 78.36 41.378 78.418 41.4 78.51 41.454 78.584 41.466 78.619 41.478 78.645 41.524 78.658 41.532 78.807 41.578 78.916 41.633 78.976 41.642 79.089 41.703 79.196 41.73 79.265 41.775 79.304 41.788
77.867 41.064 77.998 41.05 78.057 41.034
77.632 40.996 77.666 41.001 77.798 41.055 77.867 41.064
77.008 41.044 77.119 41.012 77.243 41.006
76.314 40.343 76.449 40.416 76.476 40.436 76.499 40.465 76.531 40.535 76.556 40.566 76.609 40.597 76.621 40.611 76.631 40.729 76.648 40.765 76.674 40.795 76.762 40.847 76.771 40.867 76.757 40.926 76.767 40.945 76.821 40.978 76.861 41.013 76.9 41.026 77.008 41.044
77.333 41.021 77.389 41.012 77.475 40.982 77.504 40.981
77.243 41.006 77.333 41.021
77.581 40.998 77.632 40.996
77.504 40.981 77.581 40.998
75.524 40.633 75.56 40.633 75.588 40.612 75.606 40.569 75.618 40.494 75.667 40.45 75.669 40.432 75.646 40.405 75.638 40.386 75.656 40.323 75.665 40.306 75.682 40.292
75.194 40.441 75.212 40.445 75.229 40.47 75.263 40.48 75.482 40.614 75.524 40.633
74.856 40.513 74.966 40.459 75.039 40.441
74.831 40.32 74.862 40.326 74.854 40.359 74.795 40.406 74.787 40.421 74.82 40.494 74.835 40.512 74.856 40.513
75.138 40.464 75.194 40.441
75.039 40.441 75.138 40.464
76.244 40.441 76.273 40.434 76.283 40.417 76.299 40.356 76.314 40.343
76.151 40.368 76.185 40.384 76.244 40.441
76.076 40.392 76.151 40.368
75.88 40.295 75.921 40.309 75.962 40.357 76.052 40.39 76.076 40.392
74.725 40.338 74.831 40.32
74.303 40.09 74.37 40.106 74.477 40.172 74.565 40.247 74.638 40.282 74.706 40.331 74.725 40.338
75.772 40.31 75.88 40.295
75.682 40.292 75.772 40.31
74.203 40.11 74.303 40.09
73.633 39.448 73.821 39.468 73.838 39.476 73.87 39.547 73.883 39.561 73.922 39.582 73.927 39.593 73.904 39.646 73.894 39.71 73.879 39.728 73.83 39.747 73.82 39.767 73.819 39.786 73.832 39.824 73.881 39.865 73.893 39.918 73.944 39.97 73.958 40.021 73.977 40.044 74.004 40.061 74.07 40.068 74.168 40.106 74.203 40.11
44.917 41.262 44.955 41.263 45.002 41.29
44.821 41.273 44.917 41.262
44.822 41.206 44.848 41.209 44.858 41.219 44.847 41.231 44.81 41.244 44.801 41.259 44.821 41.273
44.191 41.23 44.285 41.191
44.104 41.175 44.144 41.186 44.16 41.198 44.168 41.224 44.191 41.23
44.613 41.223 44.675 41.208 44.822 41.206
44.552 41.177 44.591 41.216 44.613 41.223
44.345 41.213 44.411 41.188 44.455 41.18
44.285 41.191 44.308 41.194 44.345 41.213
44.517 41.207 44.531 41.181 44.552 41.177
44.455 41.18 44.479 41.186 44.506 41.207 44.517 41.207
44.061 41.184 44.104 41.175
43.73 41.107 43.774 41.114 43.82 41.145 43.863 41.159 43.956 41.16 44.061 41.184
43.567 41.124 43.73 41.107
43.46 41.105 43.524 41.123 43.567 41.124
43.44 41.107 43.46 41.105
75.205 42.845 75.179 42.85 75.066 42.903 74.977 42.926 74.949 42.945 74.863 42.976 74.749 42.99 74.714 43 74.611 43.058 74.558 43.115 74.498 43.131 74.463 43.149 74.421 43.152 74.401 43.16 74.349 43.191 74.259 43.216 74.208 43.25 74.179 43.262
74.179 43.262 74.217 43.217 74.214 43.203 74.197 43.196 74.04 43.182
74.04 43.182 73.965 43.217
73.965 43.217 73.935 43.2 73.902 43.131 73.864 43.116
73.864 43.116 73.823 43.117
73.823 43.117 73.634 43.062 73.571 43.032 73.522 42.936 73.493 42.895 73.489 42.878 73.504 42.828 73.504 42.794 73.424 42.663 73.413 42.627 73.41 42.59 73.418 42.556 73.433 42.525 73.506 42.421 73.505 42.403 73.477 42.399
77.328 42.898 77.179 42.913 77.124 42.959 76.957 42.989
76.957 42.989 76.898 42.975 76.833 42.972 76.78 42.939
76.78 42.939 76.761 42.942
76.761 42.942 76.746 42.929 76.689 42.91
75.999 42.918 75.859 42.94
75.859 42.94 75.782 42.933 75.771 42.926 75.728 42.849 75.675 42.815 75.62 42.805
76.164 42.921 76.091 42.934
76.091 42.934 76.065 42.934 75.999 42.918
77.462 42.914 77.419 42.922
77.419 42.922 77.328 42.898
76.34 42.902 76.254 42.921
76.254 42.921 76.164 42.921
76.585 42.895 76.481 42.917
76.481 42.917 76.432 42.89 76.414 42.885
77.574 42.888 77.558 42.888 77.502 42.915
77.502 42.915 77.462 42.914
76.689 42.91 76.644 42.911
76.644 42.911 76.585 42.895
76.414 42.885 76.383 42.91
76.383 42.91 76.34 42.902
77.81 42.871 77.781 42.896 77.714 42.908 77.648 42.91
77.648 42.91 77.574 42.888
78.031 42.855 77.986 42.86 77.929 42.885 77.884 42.893
77.884 42.893 77.861 42.891 77.81 42.871
79.031 42.756 78.993 42.757 78.954 42.768 78.888 42.771 78.808 42.796 78.687 42.805 78.594 42.85 78.496 42.876 78.43 42.881
78.43 42.881 78.386 42.878 78.311 42.851
78.311 42.851 78.23 42.865
78.23 42.865 78.184 42.86
78.184 42.86 78.138 42.862
78.138 42.862 78.031 42.855
75.497 42.824 75.271 42.846
75.271 42.846 75.205 42.845
72.105 42.75 72.073 42.757 71.957 42.805 71.895 42.816 71.848 42.834
71.848 42.834 71.797 42.822 71.726 42.82 71.694 42.812 71.584 42.76 71.566 42.757
75.62 42.805 75.536 42.827
75.536 42.827 75.497 42.824
71.477 42.784 71.429 42.796
71.429 42.796 71.405 42.795 71.363 42.754 71.33 42.737
79.572 42.45 79.476 42.454 79.426 42.47 79.398 42.497 79.353 42.577 79.321 42.602 79.242 42.63 79.206 42.656 79.182 42.694 79.176 42.714 79.181 42.776 79.173 42.786 79.148 42.791
79.148 42.791 79.109 42.785 79.031 42.756
71.566 42.757 71.504 42.79
71.504 42.79 71.477 42.784
72.512 42.678 72.477 42.683 72.358 42.741 72.292 42.761 72.164 42.765
72.164 42.765 72.105 42.75
71.33 42.737 71.263 42.754
71.263 42.754 71.245 42.747 71.211 42.705 71.158 42.688 71.149 42.678 71.148 42.617 71.143 42.603 71.127 42.591 71.041 42.581 71.003 42.564 71.013 42.526 71.058 42.493
72.942 42.536 72.908 42.537 72.841 42.556 72.815 42.573 72.781 42.62 72.757 42.64 72.726 42.653 72.584 42.678
72.584 42.678 72.512 42.678
73.477 42.399 73.417 42.417 73.326 42.429 73.314 42.442 73.317 42.494 73.301 42.507 73.207 42.517 73.115 42.551 73.071 42.552
73.071 42.552 72.942 42.536
71.058 42.493 71.066 42.482 71.064 42.47 71.041 42.455
71.041 42.455 71.025 42.456 70.977 42.479
70.977 42.479 70.962 42.468 70.936 42.432 70.93 42.412 70.94 42.388 70.933 42.376 70.853 42.306 70.858 42.291 70.898 42.262 70.948 42.248
80.21 42.19 80.167 42.209 80.077 42.306 80.012 42.35 79.96 42.404 79.918 42.424 79.696 42.46 79.653 42.461
79.653 42.461 79.572 42.45
-60.177 5.227 -60.191 5.24 -60.2 5.263 -60.213 5.267
-60.213 5.267 -60.274 5.247 -60.333 5.194 -60.355 5.193
-60.112 4.502 -60.149 4.513 -60.165 4.546 -60.162 4.565 -60.135 4.594 -60.106 4.595 -60.088 4.608 -60.076 4.65 -60.038 4.708 -60.03 4.744 -60.035 4.788 -60.02 4.832 -60.018 4.892 -60 4.958 -59.999 4.997 -59.982 5.057 -59.983 5.086 -60.055 5.125 -60.091 5.158 -60.132 5.243
-60.132 5.243 -60.177 5.227
-60.554 5.188 -60.602 5.207 -60.673 5.213
-60.673 5.213 -60.74 5.202
-60.355 5.193 -60.399 5.208
-60.399 5.208 -60.42 5.207 -60.449 5.174
-60.449 5.174 -60.477 5.192 -60.497 5.196
-60.497 5.196 -60.554 5.188
-60.056 4.492 -60.066 4.494 -60.077 4.52 -60.099 4.526
-60.099 4.526 -60.112 4.502
-59.915 4.474 -59.934 4.498 -59.965 4.506
-59.965 4.506 -59.975 4.504 -59.985 4.489
-59.985 4.489 -60.021 4.499
-60.021 4.499 -60.056 4.492
-59.863 4.461 -59.872 4.468 -59.869 4.481 -59.886 4.485
-59.886 4.485 -59.915 4.474
-59.59 3.967 -59.596 3.971 -59.595 3.996 -59.62 4.033 -59.663 4.08 -59.66 4.103 -59.646 4.134 -59.667 4.151 -59.71 4.164 -59.727 4.176 -59.738 4.203 -59.738 4.24 -59.724 4.264 -59.738 4.287 -59.694 4.341 -59.687 4.381 -59.714 4.389 -59.738 4.416 -59.796 4.448 -59.81 4.466
-59.81 4.466 -59.826 4.455
-59.826 4.455 -59.852 4.461
-59.852 4.461 -59.863 4.461
-59.841 3.425 -59.821 3.484 -59.83 3.51 -59.863 3.552 -59.863 3.582 -59.838 3.609 -59.756 3.638 -59.718 3.673 -59.686 3.69 -59.672 3.756 -59.599 3.802 -59.595 3.817 -59.603 3.856 -59.596 3.876 -59.563 3.918 -59.535 3.927 -59.528 3.94 -59.537 3.958 -59.58 3.967
-59.58 3.967 -59.59 3.967
-59.738 1.851 -59.75 1.851 -59.759 1.862 -59.765 1.905 -59.761 1.932 -59.744 1.962 -59.745 1.997 -59.737 2.03 -59.753 2.075 -59.735 2.114 -59.745 2.154 -59.742 2.264 -59.763 2.288 -59.801 2.293 -59.903 2.36 -59.913 2.379 -59.902 2.405 -59.907 2.459 -59.936 2.524 -59.941 2.563 -59.953 2.584 -59.971 2.593 -59.965 2.613 -59.996 2.675 -60 2.694 -59.994 2.857 -59.973 2.939 -59.969 3.043 -59.933 3.11 -59.912 3.126 -59.922 3.15 -59.903 3.159 -59.917 3.181 -59.917 3.194 -59.898 3.217 -59.884 3.263 -59.854 3.315 -59.843 3.349 -59.822 3.357 -59.828 3.383 -59.824 3.432
-59.824 3.432 -59.841 3.425
-56.977 1.915 -57.011 1.919 -57.037 1.932 -57.056 1.948 -57.068 1.969 -57.074 1.997 -57.104 2.021
-57.104 2.021 -57.153 2.002 -57.238 1.949
-57.238 1.949 -57.259 1.952 -57.295 1.975 -57.319 1.977
-57.319 1.977 -57.341 1.969 -57.385 1.925 -57.429 1.9 -57.465 1.816 -57.531 1.732 -57.561 1.709 -57.608 1.697 -57.639 1.696
-56.482 1.942 -56.559 1.907 -56.575 1.905
-56.575 1.905 -56.62 1.935 -56.64 1.937
-56.64 1.937 -56.684 1.912
-56.793 1.874 -56.878 1.886 -56.891 1.89 -56.922 1.918 -56.944 1.918
-56.944 1.918 -56.977 1.915
-56.684 1.912 -56.724 1.916
-56.724 1.916 -56.738 1.913 -56.793 1.874
-59.655 1.84 -59.717 1.858
-59.717 1.858 -59.738 1.851
-59.628 1.719 -59.659 1.734 -59.682 1.766 -59.645 1.828 -59.649 1.841
-59.649 1.841 -59.655 1.84
-59.368 1.52 -59.38 1.523 -59.395 1.549 -59.417 1.555 -59.446 1.601 -59.503 1.658 -59.531 1.703 -59.551 1.721 -59.573 1.727
-59.573 1.727 -59.628 1.719
-57.639 1.696 -57.759 1.713
-57.759 1.713 -57.791 1.705 -57.922 1.642
-57.922 1.642 -57.985 1.658
-57.985 1.658 -57.991 1.65 -57.984 1.604 -57.987 1.587 -58.011 1.536 -58.027 1.517 -58.069 1.509
-58.22 1.556 -58.282 1.567 -58.299 1.575 -58.32 1.601
-58.32 1.601 -58.332 1.593 -58.351 1.553 -58.39 1.531 -58.386 1.49 -58.413 1.472 -58.499 1.457 -58.514 1.439 -58.488 1.379 -58.481 1.334 -58.519 1.267 -58.527 1.267
-58.069 1.509 -58.116 1.511 -58.149 1.519 -58.163 1.549 -58.187 1.568
-58.187 1.568 -58.22 1.556
-58.834 1.186 -58.872 1.197 -58.898 1.218 -58.912 1.26 -58.927 1.284 -58.966 1.31 -59.011 1.328 -59.178 1.357 -59.26 1.387 -59.294 1.452 -59.32 1.474 -59.327 1.51 -59.339 1.525 -59.348 1.526
-59.348 1.526 -59.368 1.52
-58.527 1.267 -58.557 1.287
-58.557 1.287 -58.581 1.273
-58.581 1.273 -58.683 1.282
-58.683 1.282 -58.698 1.281 -58.709 1.272 -58.737 1.232 -58.772 1.201 -58.834 1.186
8.824 54.906 9.195 54.85 9.212 54.842 9.226 54.806 9.317 54.802
8.733 54.889 8.824 54.906
8.661 54.896 8.733 54.889
9.385 54.819 9.405 54.808 9.422 54.807
9.317 54.802 9.385 54.819
9.422 54.807 9.438 54.81
-69.596 -10.952 -69.578 -10.952
10.684 31.957 10.703 31.962 10.773 32.005 10.806 32.032 10.846 32.112 10.873 32.137 11.444 32.368 11.514 32.408 11.546 32.434 11.564 32.465 11.561 32.508 11.537 32.544 11.47 32.599 11.45 32.638 11.449 32.693 11.464 32.798 11.457 32.902 11.474 32.97 11.477 33.041 11.506 33.136 11.505 33.181
10.628 31.974 10.684 31.957
10.428 31.715 10.483 31.733 10.499 31.744 10.526 31.772 10.542 31.807 10.585 31.84 10.598 31.874 10.606 31.954 10.628 31.974
10.315 31.716 10.428 31.715
9.52 30.229 9.743 30.331 9.846 30.342 9.871 30.355 9.996 30.495 10.101 30.642 10.192 30.731 10.254 30.842 10.27 30.882 10.27 30.916 10.245 30.986 10.241 31.021 10.245 31.078 10.213 31.135 10.183 31.241 10.108 31.412 10.106 31.429 10.117 31.494 10.133 31.518 10.196 31.579 10.264 31.68 10.315 31.716
45.002 41.29 45.039 41.231 45.029 41.21 45.035 41.198 45.134 41.188 45.187 41.157 45.2 41.143 45.201 41.127 45.167 41.108
45.167 41.108 45.068 41.111
45.068 41.111 45.057 41.079 45.07 41.062 45.092 41.051 45.111 41.05
45.12 41.08 45.222 41.014 45.269 41.01 45.335 40.994
45.111 41.05 45.12 41.08
45.419 41.017 45.425 40.994 45.416 40.961 45.479 40.93 45.538 40.876 45.599 40.863 45.601 40.841 45.582 40.799 45.556 40.777 45.438 40.733 45.399 40.709 45.374 40.675 45.374 40.633 45.388 40.61 45.445 40.566 45.455 40.524 45.485 40.505 45.526 40.441 45.585 40.399 45.818 40.298 45.862 40.261 45.882 40.26
45.335 40.994 45.392 41.015 45.419 41.017
45.925 40.266 45.954 40.25 45.981 40.218 45.963 40.142 45.951 40.117 45.91 40.083 45.887 40.018 45.874 40.01 45.804 40.004
45.882 40.26 45.925 40.266
45.804 40.004 45.64 40.025
45.64 40.025 45.576 39.994 45.579 39.97 45.611 39.959 45.715 39.951 45.743 39.941 45.764 39.922 45.817 39.839 45.862 39.805 45.916 39.783 45.979 39.768 46.007 39.748 46.045 39.688 46.077 39.668 46.132 39.652 46.17 39.604 46.184 39.593 46.206 39.588
46.31 39.621 46.344 39.619 46.381 39.585 46.416 39.574
46.206 39.588 46.241 39.594 46.31 39.621
46.479 39.579 46.512 39.568 46.524 39.555 46.527 39.538 46.518 39.525 46.492 39.51 46.498 39.474 46.479 39.462 46.406 39.451 46.374 39.436 46.361 39.41 46.375 39.379 46.407 39.359 46.495 39.324 46.518 39.279 46.591 39.231 46.603 39.215 46.573 39.212 46.514 39.184
46.416 39.574 46.479 39.579
46.514 39.184 46.453 39.208 46.418 39.212
46.418 39.212 46.395 39.195 46.396 39.164 46.479 39.115 46.492 39.082 46.498 39.054 46.495 39.026 46.476 38.976 46.475 38.951 46.514 38.882
45.034 39.77 45.068 39.757 45.141 39.684 45.156 39.649 45.144 39.59 45.148 39.575 45.168 39.566
44.893 39.718 44.927 39.725 44.996 39.76 45.034 39.77
44.849 39.719 44.893 39.718
44.775 39.703 44.849 39.719
45.26 39.6 45.313 39.534 45.375 39.526 45.424 39.494 45.446 39.488
45.168 39.566 45.205 39.572 45.233 39.593 45.26 39.6
45.738 39.57 45.788 39.549 45.797 39.536 45.794 39.494 45.803 39.448 45.799 39.432 45.765 39.389 45.759 39.369 45.767 39.354 45.824 39.343 45.887 39.3 45.959 39.272 45.986 39.249 45.986 39.235 45.955 39.203 45.949 39.178 45.958 39.152 46.025 39.064 46.078 38.95 46.136 38.864
45.446 39.488 45.586 39.545 45.738 39.57
22.563 47.757 22.638 47.772 22.704 47.817 22.752 47.828 22.76 47.839 22.753 47.861 22.764 47.875 22.836 47.902 22.878 47.947
22.454 47.787 22.528 47.761 22.563 47.757
22.368 47.731 22.407 47.743 22.424 47.783 22.454 47.787
22.322 47.736 22.368 47.731
21.374 46.618 21.396 46.626 21.436 46.674 21.484 46.685 21.502 46.704 21.505 46.723 21.47 46.743 21.503 46.805 21.537 46.835 21.583 46.848 21.592 46.861 21.59 46.909 21.649 46.943 21.671 46.993 21.662 47.006 21.637 47.014 21.633 47.023 21.694 47.069 21.764 47.105 21.78 47.141 21.82 47.173 21.826 47.185 21.824 47.215 21.845 47.25 21.862 47.297 21.919 47.35 21.982 47.366 22.002 47.394 21.989 47.493 22.008 47.517 22.037 47.539 22.1 47.571 22.162 47.586 22.173 47.615 22.198 47.639 22.208 47.674 22.273 47.724 22.322 47.736
21.338 46.62 21.374 46.618
21.135 46.279 21.156 46.299 21.165 46.318 21.169 46.363 21.179 46.384 21.196 46.398 21.258 46.404 21.281 46.416 21.274 46.438 21.245 46.477 21.248 46.497 21.291 46.547 21.301 46.604 21.316 46.617 21.338 46.62
21.106 46.279 21.135 46.279
21.033 46.231 21.051 46.236 21.106 46.279
20.82 46.272 20.84 46.271 20.875 46.254
20.737 46.187 20.745 46.192 20.736 46.223 20.739 46.237 20.779 46.26 20.82 46.272
20.907 46.262 20.962 46.248
20.875 46.254 20.907 46.262
20.999 46.252 21.033 46.231
20.962 46.248 20.999 46.252
20.718 46.19 20.737 46.187
20.608 46.129 20.684 46.145 20.699 46.156 20.705 46.181 20.718 46.19
20.469 46.174 20.549 46.156 20.588 46.133 20.608 46.129
20.243 46.108 20.283 46.144 20.444 46.147 20.469 46.174
70.936 42.037 70.977 42.044 71.118 42.123 71.201 42.141 71.238 42.16 71.253 42.198 71.218 42.206 71.078 42.281 71.046 42.291
71.046 42.291 71.014 42.288 70.948 42.248
70.887 42.038 70.936 42.037
70.477 41.405 70.453 41.405 70.438 41.416 70.399 41.465 70.344 41.494 70.203 41.506 70.167 41.52 70.148 41.552 70.169 41.578 70.331 41.65 70.391 41.685 70.454 41.712 70.506 41.786 70.55 41.824 70.649 41.887 70.68 41.901 70.779 41.91 70.814 41.92 70.825 41.936 70.828 41.994 70.845 42.03 70.887 42.038
71.681 41.423 71.672 41.425 71.671 41.438 71.69 41.494 71.689 41.515 71.684 41.534 71.671 41.547 71.65 41.55
71.65 41.55 71.627 41.543 71.615 41.532 71.595 41.494 71.634 41.45 71.637 41.431 71.619 41.378 71.586 41.324 71.558 41.302 71.524 41.297
70.77 41.239 70.758 41.252 70.756 41.27 70.771 41.331 70.769 41.352 70.704 41.445 70.668 41.471
70.668 41.471 70.634 41.467 70.477 41.405
71.898 41.185 71.872 41.194 71.869 41.279 71.863 41.312 71.847 41.342 71.753 41.447 71.737 41.455
71.737 41.455 71.73 41.451 71.73 41.43 71.722 41.425
71.722 41.425 71.712 41.428 71.707 41.444 71.696 41.447
71.696 41.447 71.681 41.423
71.524 41.297 71.481 41.311 71.432 41.345 71.419 41.347
71.419 41.347 71.413 41.335 71.421 41.162 71.416 41.127 71.394 41.113
70.934 41.191 70.914 41.193 70.866 41.233 70.829 41.249
70.829 41.249 70.77 41.239
72.165 40.999 72.186 41.041 72.175 41.141 72.17 41.169 72.158 41.188 72.133 41.199
72.133 41.199 72.108 41.196 72.034 41.157
71.18 41.108 71.164 41.116 71.139 41.148 71.123 41.158 71.086 41.162 71.025 41.19 70.977 41.196
70.977 41.196 70.934 41.191
72.034 41.157 71.977 41.195
71.977 41.195 71.898 41.185
71.276 41.113 71.254 41.137 71.242 41.175 71.23 41.187 71.206 41.189
71.206 41.189 71.186 41.18 71.19 41.127 71.18 41.108
71.394 41.113 71.325 41.157
71.325 41.157 71.289 41.114 71.276 41.113
72.701 40.863 72.658 40.867 72.619 40.88 72.588 40.906 72.546 40.957 72.483 40.971 72.482 41.009 72.395 41.022 72.374 41.032 72.346 41.066 72.332 41.073
72.332 41.073 72.314 41.062 72.29 41.024 72.165 40.999
72.87 40.818 72.869 40.864 72.83 40.872
72.83 40.872 72.701 40.863
73.054 40.836 73.003 40.87
73.003 40.87 72.87 40.818
72.719 40.565 72.748 40.575 72.76 40.642 72.784 40.67 72.891 40.695 72.977 40.736 73.071 40.762 73.118 40.783 73.149 40.814 73.143 40.834 73.112 40.839
73.112 40.839 73.054 40.836
72.382 40.612 72.448 40.56 72.477 40.55 72.515 40.546 72.586 40.509
72.37 40.386 72.394 40.389 72.414 40.411 72.425 40.436 72.426 40.459 72.416 40.479 72.363 40.512 72.37 40.558 72.348 40.585 72.352 40.602 72.382 40.612
72.664 40.578 72.682 40.578 72.719 40.565
72.586 40.509 72.625 40.511 72.641 40.52 72.65 40.532 72.664 40.578
72.236 40.46 72.264 40.453 72.26 40.442 72.217 40.435 72.212 40.426 72.224 40.422
72.005 40.237 72.019 40.24 72.025 40.251 72.02 40.259 71.958 40.287 71.951 40.302 71.957 40.316 72.043 40.349 72.07 40.369 72.099 40.426 72.166 40.454 72.236 40.46
72.27 40.424 72.37 40.386
72.224 40.422 72.27 40.424
71.254 40.324 71.283 40.298 71.314 40.293
71.169 40.261 71.201 40.264 71.24 40.321 71.254 40.324
71.345 40.295 71.365 40.294 71.397 40.272 71.441 40.261 71.459 40.234 71.498 40.211 71.568 40.197
71.314 40.293 71.345 40.295
71.053 40.274 71.169 40.261
70.959 40.238 70.995 40.267 71.053 40.274
71.628 40.259 71.646 40.247 71.66 40.224 71.673 40.148 71.693 40.141
71.568 40.197 71.593 40.198 71.602 40.21 71.61 40.246 71.628 40.259
71.873 40.251 71.952 40.241
71.693 40.141 71.776 40.18 71.805 40.225 71.836 40.249 71.873 40.251
71.969 40.244 72.005 40.237
71.952 40.241 71.969 40.244
19.443 49.602 19.457 49.598 19.474 49.579 19.505 49.563 19.557 49.454 19.595 49.442 19.635 49.441 19.627 49.402 19.706 49.388
19.315 49.524 19.347 49.533 19.443 49.602
19.284 49.524 19.315 49.524
19.117 49.391 19.173 49.402 19.189 49.442 19.209 49.445 19.211 49.452 19.204 49.461 19.22 49.493 19.249 49.516 19.284 49.524
18.833 49.51 18.932 49.504 18.961 49.493 18.952 49.476 18.961 49.433 18.957 49.4 18.962 49.389 18.982 49.387
21.261 49.449 21.33 49.428 21.428 49.41
21.173 49.398 21.194 49.401 21.242 49.441 21.261 49.449
21.601 49.426 21.666 49.402
21.496 49.412 21.53 49.421 21.601 49.426
21.109 49.425 21.125 49.424 21.173 49.398
20.919 49.29 20.964 49.308 21.017 49.352 21.073 49.357 21.081 49.366 21.069 49.381 21.033 49.4 21.054 49.414 21.109 49.425
21.482 49.415 21.496 49.412
21.428 49.41 21.482 49.415
19.068 49.406 19.117 49.391
18.982 49.387 19.007 49.388 19.068 49.406
21.682 49.404 21.709 49.391 21.758 49.349
21.666 49.402 21.682 49.404
20.438 49.403 20.544 49.371
20.37 49.382 20.422 49.383 20.422 49.4 20.438 49.403
20.674 49.402 20.69 49.401 20.778 49.331 20.817 49.321
20.636 49.398 20.674 49.402
20.614 49.4 20.636 49.398
20.544 49.371 20.568 49.376 20.595 49.396 20.614 49.4
19.76 49.398 19.769 49.393 19.784 49.358 19.79 49.309 19.78 49.293 19.809 49.271 19.79 49.259 19.752 49.219 19.748 49.206 19.761 49.194 19.786 49.188 19.832 49.186
19.706 49.388 19.76 49.398
20.33 49.392 20.37 49.382
20.16 49.306 20.207 49.334 20.284 49.339 20.307 49.387 20.33 49.392
21.82 49.377 21.875 49.348 21.928 49.331 21.964 49.309 21.993 49.278 22.012 49.211 22.041 49.197 22.112 49.189 22.166 49.171
21.758 49.349 21.799 49.375 21.82 49.377
20.834 49.322 20.849 49.321 20.901 49.293 20.919 49.29
20.817 49.321 20.834 49.322
20.136 49.309 20.16 49.306
20.05 49.173 20.07 49.183 20.086 49.243 20.136 49.309
19.938 49.225 19.966 49.216 20.017 49.184 20.05 49.173
19.832 49.186 19.854 49.191 19.906 49.223 19.938 49.225
22.19 49.173 22.209 49.164 22.208 49.144 22.263 49.131
22.166 49.171 22.19 49.173
22.318 49.132 22.339 49.126 22.39 49.093 22.427 49.086 22.505 49.083 22.54 49.072
22.263 49.131 22.318 49.132
-7.247 55.069 -7.267 55.065 -7.291 55.047 -7.355 55.041 -7.405 55.004 -7.401 54.995 -7.413 54.985 -7.409 54.951 -7.445 54.932 -7.445 54.884 -7.455 54.863 -7.471 54.845 -7.543 54.793 -7.552 54.755 -7.543 54.742 -7.556 54.738
-7.615 54.739 -7.65 54.745
-7.65 54.745 -7.737 54.707 -7.771 54.706
-7.556 54.738 -7.585 54.745
-7.585 54.745 -7.615 54.739
-7.771 54.706 -7.846 54.731
-7.846 54.731 -7.88 54.711 -7.93 54.697 -7.907 54.687 -7.915 54.672 -7.907 54.661 -7.864 54.649 -7.854 54.636 -7.838 54.631
-7.815 54.639 -7.754 54.614
-7.838 54.631 -7.815 54.639
-7.721 54.626 -7.711 54.624 -7.708 54.604 -7.749 54.596 -7.849 54.541 -7.887 54.532
-7.754 54.614 -7.721 54.626
-7.887 54.532 -8.002 54.543
-8.002 54.543 -8.072 54.487 -8.174 54.462 -8.161 54.455 -8.146 54.431 -8.056 54.366 -8.031 54.358 -8.002 54.358 -7.981 54.327 -7.951 54.301 -7.88 54.287 -7.87 54.227 -7.856 54.211 -7.837 54.204 -7.782 54.2
-7.018 54.413 -6.922 54.373 -6.906 54.349 -6.88 54.342 -6.858 54.307 -6.857 54.293 -6.865 54.283 -6.882 54.277 -6.838 54.261 -6.824 54.232 -6.788 54.203 -6.733 54.184
-7.168 54.335 -7.127 54.35 -7.079 54.395 -7.049 54.412 -7.018 54.413
-7.186 54.337 -7.168 54.335
-7.192 54.307 -7.185 54.317 -7.194 54.33 -7.186 54.337
-7.194 54.308 -7.192 54.307
-7.199 54.303 -7.194 54.308
-7.207 54.305 -7.199 54.303
-7.294 54.122 -7.264 54.141 -7.265 54.161 -7.246 54.167 -7.261 54.181 -7.249 54.197 -7.23 54.208 -7.153 54.224 -7.16 54.241 -7.146 54.252 -7.181 54.27 -7.176 54.284 -7.209 54.293 -7.211 54.304 -7.207 54.305
-7.723 54.202 -7.705 54.2 -7.633 54.169 -7.621 54.145 -7.609 54.14 -7.502 54.125
-7.782 54.2 -7.723 54.202
-6.707 54.199 -6.684 54.194 -6.64 54.168 -6.635 54.15 -6.644 54.132 -6.666 54.115 -6.656 54.103 -6.657 54.092 -6.673 54.068 -6.616 54.037
-6.733 54.184 -6.707 54.199
-7.296 54.165 -7.294 54.122
-7.327 54.114 -7.31 54.115 -7.333 54.149 -7.296 54.165
-7.44 54.147 -7.415 54.146 -7.422 54.135
-7.502 54.125 -7.481 54.128 -7.44 54.147
-7.412 54.136 -7.39 54.121
-7.422 54.135 -7.412 54.136
-7.375 54.123 -7.327 54.114
-7.39 54.121 -7.375 54.123
-6.355 54.111 -6.327 54.098
-6.434 54.055 -6.371 54.067 -6.368 54.097 -6.355 54.111
-6.285 54.105 -6.27 54.098
-6.327 54.098 -6.285 54.105
-6.451 54.068 -6.434 54.055
-6.564 54.049 -6.451 54.068
-6.587 54.053 -6.564 54.049
-6.616 54.037 -6.587 54.053
15.108 50.981 15.074 51.003 15.023 51.01 15.004 51.021
15.004 51.021 14.997 51.008 14.961 50.993 14.965 50.981 14.997 50.959 14.998 50.93 14.981 50.909 14.982 50.859
15.37 50.773 15.356 50.775 15.35 50.784 15.353 50.813 15.341 50.832 15.288 50.855 15.265 50.882 15.253 50.914 15.27 50.953 15.254 50.969 15.227 50.977 15.17 50.978 15.156 51.008 15.144 51.012
15.144 51.012 15.132 51.006 15.119 50.982 15.108 50.981
14.982 50.859 14.868 50.864
14.868 50.864 14.832 50.858
14.832 50.858 14.81 50.858
15.684 50.731 15.642 50.756 15.442 50.8
15.442 50.8 15.4 50.798 15.37 50.773
15.855 50.674 15.798 50.73 15.792 50.743 15.767 50.744
15.767 50.744 15.684 50.731
15.982 50.604 15.982 50.616 15.996 50.624 15.993 50.649 15.971 50.679 15.941 50.688
15.941 50.688 15.882 50.674 15.855 50.674
16.388 50.521 16.398 50.548 16.394 50.559 16.426 50.568 16.417 50.587 16.332 50.644 16.301 50.655 16.232 50.661
16.232 50.661 16.219 50.659 16.192 50.627 16.175 50.624
16.175 50.624 16.129 50.644 16.086 50.647
16.086 50.647 16.024 50.609 15.982 50.604
16.335 50.49 16.353 50.493 16.391 50.522
16.391 50.522 16.388 50.521
16.303 50.496 16.335 50.49
16.218 50.437 16.211 50.451 16.265 50.472 16.28 50.48 16.288 50.493 16.303 50.496
16.198 50.44 16.218 50.437
16.262 50.364 16.245 50.377 16.232 50.403 16.2 50.406 16.19 50.424 16.198 50.44
16.959 50.415 16.916 50.431 16.893 50.433
16.893 50.433 16.866 50.422 16.866 50.408 16.898 50.378 16.927 50.319 16.988 50.285 16.998 50.267 17 50.243 17.013 50.232 17.015 50.218 17.008 50.21
17.145 50.377 17.119 50.381 17.085 50.398 16.982 50.416
16.982 50.416 16.959 50.415
17.27 50.318 17.211 50.336 17.195 50.352 17.188 50.378 17.176 50.381
17.176 50.381 17.145 50.377
16.661 50.093 16.619 50.107 16.567 50.142 16.535 50.208 16.505 50.228 16.438 50.298 16.371 50.318 16.353 50.334 16.351 50.361 16.334 50.372
16.334 50.372 16.289 50.372 16.262 50.364
17.355 50.253 17.335 50.27 17.334 50.296 17.319 50.308 17.337 50.313 17.317 50.319
17.317 50.319 17.27 50.318
17.648 50.102 17.633 50.106 17.582 50.153 17.6 50.167 17.675 50.175 17.738 50.202 17.748 50.218 17.721 50.243 17.719 50.253 17.734 50.289 17.708 50.311 17.691 50.315
17.691 50.315 17.647 50.271 17.606 50.258
17.43 50.24 17.419 50.243 17.41 50.261 17.388 50.273
17.388 50.273 17.366 50.272 17.355 50.253
17.606 50.258 17.517 50.268
17.517 50.268 17.469 50.266 17.43 50.24
17.008 50.21 16.996 50.213 16.981 50.229 16.96 50.232
16.96 50.232 16.955 50.213 16.946 50.213
16.946 50.213 16.928 50.217
16.928 50.217 16.907 50.212 16.881 50.192 16.858 50.188
16.858 50.188 16.838 50.189
16.838 50.189 16.818 50.187 16.795 50.174 16.754 50.132 16.732 50.122 16.701 50.095 16.661 50.093
17.876 49.969 17.839 49.974 17.775 50.015 17.743 50.061 17.719 50.081 17.732 50.095 17.678 50.108
17.678 50.108 17.648 50.102
18.292 49.908 18.273 49.918 18.256 49.946 18.209 49.958 18.162 49.981 18.098 49.989 18.085 49.999 18.092 50.017 18.033 50.042 18.002 50.047
18.002 50.047 18.007 50.024 18.012 50.023
18.02 50.024 18.036 50.017 18.032 50.003 17.942 49.993 17.912 49.976 17.876 49.969
18.012 50.023 18.02 50.024
18.482 49.897 18.369 49.932
18.369 49.932 18.329 49.929
18.331 49.929 18.335 49.925 18.292 49.908
18.329 49.929 18.331 49.929
18.728 49.669 18.682 49.696 18.637 49.7 18.618 49.714 18.608 49.743 18.567 49.805 18.566 49.832 18.594 49.852 18.567 49.861 18.559 49.907 18.544 49.913
18.544 49.913 18.505 49.897 18.482 49.897
18.833 49.51 18.835 49.548 18.82 49.59 18.799 49.626 18.788 49.669 18.773 49.676
18.773 49.676 18.728 49.669
70.959 40.238 70.98 40.214 70.963 40.19 70.929 40.171 70.899 40.163
70.169 40.132 70.147 40.137 70.005 40.209 69.97 40.212
69.97 40.212 69.559 40.102
70.899 40.163 70.845 40.172
70.845 40.172 70.807 40.156
70.807 40.156 70.798 40.162
70.798 40.162 70.743 40.127 70.666 40.104 70.639 40.085 70.636 40.029 70.627 39.994 70.614 39.976 70.577 39.952 70.501 39.941 70.477 39.901
70.477 39.901 70.456 39.907 70.448 39.92 70.451 39.937 70.473 39.97 70.521 39.994 70.536 40.016 70.525 40.034 70.477 40.052 70.398 40.061 70.36 40.074 70.324 40.078 70.306 40.085 70.263 40.124 70.219 40.134
70.219 40.134 70.169 40.132
69.559 40.102 69.543 40.103 69.518 40.125
69.518 40.125 69.506 40.097 69.47 40.051 69.463 40.025 69.477 39.968 69.5 39.936 69.502 39.922 69.405 39.896
69.405 39.896 69.357 39.959 69.328 39.985 69.314 39.987
69.314 39.987 69.241 39.829 69.226 39.751 69.233 39.733 69.28 39.694 69.288 39.678 69.286 39.54 69.3 39.516
70.201 39.619 70.21 39.61 70.215 39.591 70.206 39.524 70.223 39.519
70.132 39.55 70.149 39.554 70.185 39.61 70.201 39.619
71.46 39.612 71.511 39.584 71.531 39.553 71.492 39.494 71.513 39.459 71.554 39.444 71.603 39.442
71.249 39.514 71.292 39.549 71.369 39.591 71.46 39.612
70.477 39.601 70.526 39.576 70.544 39.574
70.384 39.571 70.401 39.585 70.477 39.601
70.58 39.58 70.598 39.578 70.622 39.564 70.656 39.494 70.7 39.472 70.705 39.459 70.698 39.419 70.713 39.398 70.74 39.386 70.77 39.382
70.544 39.574 70.58 39.58
69.669 39.578 69.71 39.574 69.83 39.536
69.477 39.53 69.514 39.538 69.582 39.574 69.669 39.578
70.343 39.577 70.384 39.571
70.223 39.519 70.241 39.522 70.343 39.577
70.04 39.574 70.083 39.57 70.132 39.55
69.979 39.534 70.02 39.569 70.04 39.574
69.362 39.553 69.391 39.531 69.412 39.525
69.3 39.516 69.34 39.528 69.352 39.55 69.362 39.553
69.908 39.548 69.949 39.545 69.979 39.534
69.83 39.536 69.908 39.548
69.455 39.53 69.477 39.53
69.412 39.525 69.455 39.53
71.18 39.523 71.249 39.514
70.977 39.395 71.009 39.408 71.063 39.496 71.096 39.512 71.18 39.523
73.512 39.467 73.604 39.46 73.633 39.448
73.136 39.353 73.168 39.355 73.269 39.383 73.326 39.391 73.343 39.431 73.368 39.444 73.512 39.467
71.724 39.459 71.74 39.448 71.752 39.4 71.748 39.38 71.713 39.342 71.711 39.321 71.718 39.301 71.733 39.285 71.77 39.27
71.603 39.442 71.724 39.459
70.903 39.421 70.977 39.395
70.864 39.401 70.903 39.421
70.855 39.402 70.864 39.401
70.77 39.382 70.855 39.402
72.634 39.394 72.835 39.356
72.576 39.359 72.616 39.39 72.634 39.394
72.519 39.376 72.559 39.36 72.576 39.359
72.46 39.344 72.477 39.346 72.519 39.376
73.071 39.371 73.136 39.353
72.994 39.348 73.071 39.371
72.05 39.369 72.067 39.358 72.078 39.337 72.086 39.29 72.095 39.275 72.159 39.263 72.203 39.241 72.209 39.217 72.229 39.189
71.77 39.27 71.807 39.273 71.844 39.285 71.942 39.339 72.05 39.369
72.894 39.364 72.994 39.348
72.835 39.356 72.894 39.364
72.411 39.351 72.46 39.344
72.229 39.189 72.24 39.19 72.316 39.329 72.411 39.351
20.912 40.46 20.946 40.483 20.958 40.515 20.981 40.523 21.014 40.549 21.037 40.64 21.035 40.659 21.019 40.691 20.964 40.736 20.953 40.759 20.944 40.765 20.961 40.781 20.967 40.802 20.965 40.849
20.867 40.472 20.912 40.46
20.553 40.065 20.578 40.067 20.648 40.094 20.668 40.138 20.66 40.179 20.685 40.191 20.696 40.215 20.699 40.278 20.737 40.304 20.77 40.363 20.771 40.422 20.809 40.437 20.827 40.465 20.84 40.472 20.867 40.472
20.5 40.071 20.553 40.065
20.466 40.061 20.5 40.071
20.433 40.064 20.466 40.061
20.372 39.784 20.389 39.798 20.397 39.818 20.393 39.835 20.347 39.894 20.318 39.918 20.298 39.987 20.376 39.994 20.4 40.045 20.433 40.064
20.288 39.807 20.372 39.784
20.246 39.663 20.249 39.685 20.296 39.717 20.299 39.728 20.276 39.76 20.285 39.78 20.273 39.796 20.288 39.807
20.016 39.701 20.089 39.683 20.184 39.637
20 39.693 20.016 39.701
20.229 39.669 20.246 39.663
20.184 39.637 20.2 39.64 20.204 39.66 20.212 39.667 20.229 39.669
71.177 40.042 71.079 40.079 71.062 40.095 71.031 40.147 71.009 40.158
71.009 40.158 70.977 40.145 70.96 40.113 70.953 40.079 70.995 40.009 71.046 39.992 71.05 39.963 71.008 39.911 71.009 39.886 71.022 39.881
71.114 39.874 71.195 39.885 71.208 39.889 71.219 39.901 71.221 39.932 71.177 39.968 71.175 39.994 71.237 40.031 71.244 40.047 71.236 40.056 71.224 40.058
71.224 40.058 71.177 40.042
71.061 39.904 71.08 39.903 71.087 39.884 71.114 39.874
71.022 39.881 71.061 39.904
32.938 -9.488 32.923 -9.466 32.921 -9.408
33 -9.633 32.987 -9.628 32.975 -9.601 32.992 -9.529 32.992 -9.502 32.962 -9.48
32.962 -9.48 32.938 -9.488
33.434 -10.808 33.465 -10.784 33.501 -10.769 33.528 -10.712 33.577 -10.658 33.658 -10.601 33.674 -10.577 33.665 -10.515 33.638 -10.512 33.623 -10.494 33.603 -10.449 33.559 -10.404 33.533 -10.343 33.529 -10.319 33.533 -10.231 33.481 -10.177 33.455 -10.168 33.399 -10.118 33.318 -10.082 33.304 -10.064 33.31 -10.013 33.366 -9.899 33.343 -9.831 33.337 -9.824 33.288 -9.804 33.253 -9.754 33.217 -9.727 33.205 -9.698 33.216 -9.67 33.214 -9.655 33.195 -9.616 33.175 -9.602 33.121 -9.6 33.098 -9.588
33.098 -9.588 33.089 -9.644 33.08 -9.662
33.08 -9.662 33.058 -9.654 33.047 -9.622 33.036 -9.617
33.036 -9.617 33 -9.633
33.386 -10.801 33.434 -10.808
33.273 -10.866 33.288 -10.857 33.319 -10.818 33.386 -10.801
33.251 -10.862 33.273 -10.866
33.24 -10.903 33.232 -10.898 33.233 -10.883 33.241 -10.866 33.251 -10.862
33.265 -11.423 33.274 -11.409 33.274 -11.37 33.299 -11.353 33.298 -11.329 33.368 -11.223 33.391 -11.165 33.359 -11.109 33.337 -11.087 33.304 -11.035 33.28 -10.913 33.266 -10.901
33.266 -10.901 33.24 -10.903
33.24 -11.402 33.265 -11.423
33.249 -11.578 33.216 -11.572 33.213 -11.564 33.234 -11.514 33.23 -11.417 33.24 -11.402
33.385 -12.34 33.349 -12.328 33.33 -12.298 33.3 -12.196 33.26 -12.156 33.253 -12.14 33.255 -12.073 33.294 -11.981 33.313 -11.899 33.297 -11.863 33.314 -11.772 33.303 -11.61 33.283 -11.578 33.267 -11.576
33.267 -11.576 33.249 -11.578
33.497 -12.332 33.458 -12.318
33.458 -12.318 33.385 -12.34
33.328 -12.538 33.35 -12.533 33.373 -12.519 33.421 -12.465 33.451 -12.453 33.46 -12.441 33.465 -12.409 33.481 -12.406 33.488 -12.39 33.518 -12.372 33.527 -12.356 33.526 -12.335 33.514 -12.331
33.514 -12.331 33.497 -12.332
33.29 -12.524 33.328 -12.538
33.163 -12.62 33.173 -12.62 33.187 -12.602 33.227 -12.579 33.255 -12.532 33.29 -12.524
33.058 -12.583 33.081 -12.605
32.71 -13.575 32.723 -13.573 32.763 -13.542 32.8 -13.537 32.813 -13.528 32.819 -13.472 32.827 -13.461 32.874 -13.443 32.892 -13.405 32.92 -13.295 32.938 -13.256 32.963 -13.225 32.993 -13.216 32.998 -13.202 32.971 -13.151 32.966 -13.117 32.982 -13.006 33.009 -12.945 33.014 -12.917 33.005 -12.893 32.954 -12.854 32.947 -12.843 32.941 -12.77 32.958 -12.725 32.994 -12.673 33.025 -12.613 33.058 -12.583
33.13 -12.584 33.147 -12.593 33.163 -12.62
33.081 -12.605 33.107 -12.589 33.13 -12.584
32.677 -13.568 32.71 -13.575
32.944 -13.933 32.936 -13.926 32.924 -13.88 32.874 -13.821 32.859 -13.808 32.763 -13.777 32.757 -13.75 32.768 -13.739 32.805 -13.722 32.813 -13.711 32.77 -13.647 32.743 -13.635 32.675 -13.628 32.663 -13.596 32.668 -13.576 32.677 -13.568
33.203 -14.014 33.155 -13.937 33.14 -13.925
33.14 -13.925 33.13 -13.931 33.112 -13.965 33.063 -13.982 33.018 -14.046 33 -14.05
33 -14.05 32.971 -14.006 32.976 -13.945 32.963 -13.932
32.963 -13.932 32.944 -13.933
22.133 48.405 22.134 48.477 22.148 48.509 22.137 48.549 22.139 48.57 22.154 48.586 22.219 48.621 22.243 48.651 22.294 48.668 22.31 48.682 22.329 48.722 22.331 48.756 22.356 48.776 22.366 48.794 22.362 48.836 22.369 48.856 22.412 48.888 22.415 48.912 22.449 48.971 22.521 48.993 22.525 49.033 22.54 49.072
34.598 -11.971 34.627 -11.987 34.641 -12.018 34.632 -12.052 34.611 -12.073
34.563 -11.978 34.598 -11.971
34.611 -12.073 34.596 -12.072 34.544 -12.011 34.542 -11.995 34.562 -11.979
-11.273 9.996 -11.2 9.982 -11.189 9.973 -11.16 9.873 -11.086 9.826 -11.045 9.787 -11.01 9.743 -10.968 9.654 -10.94 9.64 -10.929 9.606 -10.886 9.568 -10.878 9.533 -10.853 9.512 -10.859 9.473 -10.855 9.455 -10.811 9.408 -10.832 9.392 -10.802 9.387
-12.141 9.875 -11.922 9.922 -11.915 9.931 -11.91 9.993 -11.273 9.996
-12.277 9.929 -12.254 9.928 -12.194 9.886 -12.141 9.875
-12.526 9.732 -12.514 9.851 -12.508 9.86 -12.472 9.881 -12.427 9.898 -12.277 9.929
-12.531 9.733 -12.526 9.732
-12.615 9.6 -12.607 9.601 -12.603 9.609 -12.602 9.652 -12.582 9.683 -12.539 9.712 -12.538 9.728 -12.531 9.733
-12.625 9.601 -12.615 9.6
-12.723 9.392 -12.702 9.42 -12.668 9.529 -12.669 9.542 -12.65 9.552 -12.639 9.589 -12.625 9.601
-12.737 9.397 -12.723 9.392
-12.857 9.279 -12.836 9.282 -12.819 9.296 -12.795 9.335 -12.764 9.348 -12.768 9.372 -12.737 9.397
-10.795 9.389 -10.785 9.387
-10.802 9.387 -10.795 9.389
-10.775 9.387 -10.765 9.385 -10.742 9.357 -10.675 9.306 -10.674 9.294 -10.688 9.259 -10.685 9.225 -10.693 9.213 -10.725 9.195 -10.743 9.163 -10.753 9.12 -10.746 9.084 -10.71 9.073
-10.785 9.387 -10.775 9.387
-12.937 9.287 -12.918 9.267
-13.131 9.041 -13.116 9.044 -13.029 9.096 -12.984 9.172 -12.959 9.178 -12.978 9.213 -12.974 9.242 -12.958 9.272 -12.937 9.287
-12.876 9.28 -12.857 9.279
-12.918 9.267 -12.896 9.279 -12.876 9.28
-13.208 9.077 -13.131 9.041
-13.301 9.041 -13.277 9.059 -13.208 9.077
-10.669 9.074 -10.629 9.07 -10.594 9.054 -10.592 9.039 -10.612 8.945 -10.61 8.872 -10.6 8.815 -10.53 8.739 -10.482 8.672 -10.503 8.632 -10.522 8.619 -10.565 8.613 -10.585 8.597 -10.632 8.532 -10.644 8.487 -10.655 8.486 -10.669 8.399 -10.725 8.32 -10.735 8.287 -10.715 8.27
-10.71 9.073 -10.669 9.074
-10.344 8.499 -10.294 8.483
-10.573 8.305 -10.519 8.335 -10.46 8.392 -10.424 8.457 -10.402 8.481 -10.375 8.495 -10.344 8.499
-10.294 8.483 -10.282 8.485
-10.66 8.333 -10.627 8.332 -10.573 8.305
-10.715 8.27 -10.708 8.303 -10.688 8.324 -10.66 8.333
-11.476 6.919 -11.437 6.939 -11.435 6.981 -11.407 6.996 -11.398 7.013 -11.39 7.074 -11.368 7.076 -11.355 7.084 -11.356 7.105 -11.373 7.139 -11.352 7.159 -11.317 7.214 -11.218 7.254 -11.126 7.368 -10.978 7.485 -10.937 7.508 -10.899 7.516 -10.875 7.531 -10.731 7.705 -10.693 7.738 -10.645 7.763 -10.615 7.769 -10.618 8.011 -10.612 8.032 -10.567 8.063 -10.529 8.124 -10.486 8.139 -10.385 8.142 -10.346 8.159 -10.321 8.183 -10.318 8.202 -10.333 8.25 -10.331 8.272 -10.314 8.31 -10.283 8.433 -10.282 8.485
22.861 10.919 22.863 10.892 23.006 10.687 23.109 10.614 23.291 10.44 23.624 9.908 23.645 9.863 23.674 9.69 23.669 9.652 23.606 9.537 23.619 9.488 23.617 9.457 23.628 9.435
23.635 9.435 23.647 9.418 23.621 9.323 23.632 9.278 23.549 9.185 23.522 9.175
23.628 9.435 23.635 9.435
23.522 9.175 23.489 9.177
23.489 9.177 23.474 9.171 23.458 9.146 23.436 9.019 23.438 8.995 23.451 8.974 23.478 8.959
23.543 8.997 23.56 8.996 23.567 8.975 23.554 8.883 23.495 8.809 23.482 8.783 23.482 8.759 23.49 8.733 23.505 8.711 23.526 8.701
23.478 8.959 23.505 8.961 23.543 8.997
23.596 8.734 23.613 8.732 23.657 8.71
23.526 8.701 23.541 8.705 23.578 8.73 23.596 8.734
23.803 8.722 23.867 8.708
23.721 8.702 23.769 8.721 23.803 8.722
23.922 8.713 23.981 8.694
23.867 8.708 23.922 8.713
23.689 8.711 23.721 8.702
23.657 8.71 23.689 8.711
24.01 8.699 24.114 8.682
23.981 8.694 24.01 8.699
24.114 8.682 24.17 8.689
24.218 8.692 24.236 8.682 24.211 8.627 24.251 8.58 24.193 8.532 24.137 8.439 24.122 8.372 24.131 8.343 24.18 8.298 24.222 8.277 24.281 8.267
24.17 8.689 24.218 8.692
24.431 8.271 24.472 8.229 24.513 8.207 24.545 8.206
24.332 8.246 24.397 8.268 24.431 8.271
24.295 8.267 24.332 8.246
24.281 8.267 24.295 8.267
24.615 8.217 24.711 8.204 24.742 8.187 24.8 8.18 24.832 8.166 24.918 8.087 24.928 8.071 24.93 8.035 24.951 8.014 24.958 7.989 24.981 7.972 25.029 7.919 25.059 7.896 25.09 7.885
24.545 8.206 24.615 8.217
25.149 7.893 25.173 7.889 25.23 7.852 25.27 7.761 25.267 7.703 25.279 7.659 25.275 7.642 25.253 7.622 25.187 7.6 25.165 7.58 25.169 7.551 25.19 7.501 25.25 7.47 25.285 7.432 25.316 7.417 25.336 7.36 25.347 7.345 25.481 7.266
25.09 7.885 25.149 7.893
25.5 7.273 25.532 7.261 25.592 7.211 25.654 7.195 25.705 7.166
25.481 7.266 25.5 7.273
25.725 7.167 25.75 7.147 25.786 7.143 25.801 7.105 25.877 7.088 25.889 7.052 25.92 7.034 25.96 7.024 25.969 7.004 26.026 6.997 26.036 6.922 26.051 6.897
25.705 7.166 25.725 7.167
26.069 6.899 26.077 6.853 26.091 6.83 26.148 6.805 26.179 6.766 26.236 6.72 26.33 6.681 26.378 6.653 26.38 6.62 26.324 6.537 26.305 6.497 26.277 6.477 26.27 6.466 26.289 6.459 26.283 6.408 26.29 6.387 26.335 6.361 26.376 6.313 26.395 6.301 26.436 6.292 26.452 6.28 26.456 6.23 26.465 6.224
26.051 6.897 26.069 6.899
26.48 6.225 26.496 6.221 26.509 6.205 26.509 6.186 26.5 6.168 26.429 6.113 26.421 6.094 26.425 6.072
26.465 6.224 26.48 6.225
26.481 6.105 26.499 6.1 26.528 6.043 26.544 6.031 26.602 6.011 26.634 6.006
26.425 6.072 26.481 6.105
26.705 6.01 26.794 5.97 26.805 5.957 26.811 5.912 26.819 5.895 26.842 5.884
26.634 6.006 26.705 6.01
26.882 5.892 26.894 5.89 26.916 5.85 26.937 5.849
26.842 5.884 26.882 5.892
26.981 5.859 27.003 5.819 27.022 5.805 27.03 5.79 27.045 5.785
26.937 5.849 26.981 5.859
27.073 5.791 27.124 5.769 27.136 5.734 27.17 5.72 27.182 5.707 27.196 5.661 27.218 5.645 27.211 5.602 27.223 5.584
27.045 5.785 27.073 5.791
27.248 5.593 27.261 5.578 27.261 5.55 27.218 5.426 27.238 5.323 27.264 5.26 27.301 5.205 27.386 5.144 27.402 5.104 27.441 5.071
27.223 5.584 27.248 5.593
27.441 5.071 27.436 5.013 27.501 4.963 27.515 4.922 27.553 4.901 27.641 4.891 27.659 4.88 27.672 4.856 27.686 4.798 27.699 4.787
27.735 4.793 27.753 4.778 27.763 4.757 27.767 4.735 27.759 4.677 27.761 4.636 27.772 4.596 27.809 4.588 27.838 4.56 27.857 4.552
27.699 4.787 27.735 4.793
29.473 4.672 29.494 4.668 29.513 4.652
29.287 4.384 29.304 4.387 29.339 4.45 29.39 4.494 29.403 4.512 29.417 4.555 29.443 4.583 29.449 4.657 29.458 4.67 29.473 4.672
29.535 4.661 29.577 4.644 29.619 4.642 29.66 4.622 29.701 4.588 29.723 4.578
29.513 4.652 29.535 4.661
29.745 4.584 29.797 4.556 29.778 4.524 29.787 4.49 29.777 4.449 29.776 4.406 29.788 4.369 29.815 4.347
29.723 4.578 29.745 4.584
27.929 4.57 27.951 4.556
27.908 4.549 27.929 4.57
27.963 4.557 28.014 4.55 28.011 4.48 28.05 4.419
27.951 4.556 27.963 4.557
27.886 4.557 27.908 4.549
27.857 4.552 27.886 4.557
28.755 4.554 28.769 4.55 28.784 4.53 28.79 4.489 28.815 4.478
28.548 4.371 28.564 4.383 28.571 4.405 28.639 4.432 28.695 4.533 28.725 4.534 28.755 4.554
28.986 4.496 29.053 4.451 29.056 4.436
28.904 4.479 28.986 4.496
28.856 4.482 28.904 4.479
28.815 4.478 28.856 4.482
28.086 4.443 28.102 4.442 28.112 4.415 28.159 4.361 28.178 4.347 28.217 4.342
28.05 4.419 28.06 4.42 28.086 4.443
29.059 4.438 29.11 4.412 29.173 4.348 29.196 4.337
29.056 4.436 29.059 4.438
29.267 4.388 29.287 4.384
29.196 4.337 29.221 4.341 29.232 4.376 29.243 4.387 29.267 4.388
28.519 4.374 28.548 4.371
28.382 4.275 28.404 4.278 28.425 4.291 28.482 4.359 28.519 4.374
28.303 4.352 28.337 4.327 28.357 4.283 28.382 4.275
28.217 4.342 28.303 4.352
29.861 4.347 29.883 4.344 29.93 4.309 29.94 4.288 29.923 4.258 29.924 4.246 29.943 4.234
29.815 4.347 29.861 4.347
29.954 4.234 29.989 4.218 30.043 4.133 30.123 4.102 30.147 4.037 30.178 3.997 30.182 3.966 30.189 3.956 30.206 3.95 30.271 3.949 30.338 3.928 30.419 3.88 30.457 3.868 30.486 3.866
29.943 4.234 29.954 4.234
30.516 3.871 30.525 3.868 30.539 3.842 30.563 3.695 30.555 3.636 30.543 3.613 30.573 3.601
30.486 3.866 30.516 3.871
30.747 3.675 30.765 3.662 30.779 3.603 30.823 3.58 30.838 3.563 30.828 3.511 30.84 3.49
30.693 3.632 30.715 3.644 30.747 3.675
30.665 3.632 30.693 3.632
30.573 3.601 30.605 3.607 30.665 3.632
42.924 10.999 43.241 11.488
41.938 10.93 41.923 10.936 41.917 10.947 41.774 10.98 41.761 10.996 41.779 11.025 41.786 11.067 41.788 11.26 41.776 11.368 41.75 11.483 41.749 11.538 41.779 11.629 41.792 11.704 41.808 11.736 41.862 11.763 41.878 11.79 41.911 11.806 41.936 11.827 42.057 11.996 42.098 12.07 42.132 12.093 42.155 12.142 42.289 12.321 42.319 12.386 42.379 12.466
42.873 10.978 42.772 10.996 42.755 11.011 42.73 11.065 42.616 11.09
42.616 11.09 42.57 11.086 42.48 11.059 42.392 11.006
42.392 11.006 42.339 11.016
42.339 11.016 42.297 11.004
42.297 11.004 42.279 11.004
42.279 11.004 42.222 10.984
42.924 10.999 42.908 11.004
42.908 11.004 42.888 10.984 42.873 10.978
42.222 10.984 42.151 10.996
42.151 10.996 42.096 10.99 42.069 10.982 42.038 10.95 41.954 10.941 41.938 10.93
29.404 -4.45 29.411 -4.502 29.401 -4.587 29.341 -4.752 29.321 -4.836 29.324 -4.92 29.344 -5.006 29.378 -5.088 29.456 -5.23 29.496 -5.392 29.594 -5.62 29.612 -5.704 29.603 -5.782 29.571 -5.838 29.496 -5.939 29.476 -6.002 29.479 -6.042 29.509 -6.154 29.526 -6.273 29.538 -6.312 29.566 -6.36 29.634 -6.447 29.684 -6.582 29.707 -6.619 29.739 -6.652 29.873 -6.754 30.013 -6.825 30.091 -6.89 30.235 -7.057 30.294 -7.149 30.37 -7.31 30.442 -7.596 30.655 -7.927 30.728 -8.104 30.752 -8.194
42.89 12.615 43.118 12.708
42.869 12.626 42.89 12.615
42.678 12.36 42.691 12.379 42.728 12.389 42.75 12.417 42.792 12.429 42.798 12.456 42.785 12.517 42.829 12.558 42.852 12.612 42.869 12.626
42.448 12.523 42.522 12.496 42.678 12.36
42.379 12.466 42.431 12.52 42.448 12.523
15.004 49.01 15.06 48.997 15.137 48.993 15.149 48.965 15.142 48.937 15.162 48.937
14.919 48.762 14.94 48.763 14.951 48.78 14.938 48.803 14.968 48.885 14.965 48.972 14.978 48.993 14.979 49.006 15.004 49.01
15.275 48.987 15.289 48.975 15.358 48.971 15.45 48.945 15.521 48.908 15.704 48.855
15.162 48.937 15.243 48.953 15.257 48.964 15.263 48.983 15.275 48.987
15.818 48.872 15.833 48.852 15.878 48.842
15.704 48.855 15.727 48.855 15.788 48.872 15.818 48.872
15.886 48.842 15.876 48.833
15.878 48.842 15.886 48.842
15.888 48.835 15.907 48.83 15.908 48.82
15.876 48.833 15.888 48.835
15.925 48.823 15.932 48.806 16.032 48.758 16.085 48.743
15.908 48.82 15.925 48.823
16.52 48.806 16.643 48.778 16.662 48.74 16.691 48.732
16.482 48.799 16.52 48.806
16.453 48.802 16.482 48.799
16.358 48.727 16.385 48.737 16.436 48.795 16.453 48.802
14.815 48.78 14.868 48.776 14.919 48.762
14.676 48.576 14.696 48.59 14.704 48.673 14.723 48.693 14.775 48.724 14.8 48.777 14.815 48.78
13.816 48.766 13.856 48.759 13.982 48.706 14.014 48.675 14.032 48.667 14.035 48.661 14.028 48.654
16.178 48.747 16.318 48.733
16.085 48.743 16.178 48.747
16.339 48.736 16.358 48.727
16.318 48.733 16.339 48.736
16.729 48.733 16.799 48.709
16.691 48.732 16.729 48.733
16.857 48.72 16.873 48.719 16.897 48.697 16.911 48.631 16.945 48.604
16.799 48.709 16.857 48.72
14.028 48.654 14.023 48.655
14.023 48.655 14.006 48.64 14.015 48.62 14.041 48.601 14.075 48.592 14.217 48.581 14.316 48.558
14.458 48.643 14.482 48.624 14.534 48.609
14.316 48.558 14.405 48.586 14.421 48.597 14.444 48.637 14.458 48.643
14.594 48.621 14.605 48.6 14.613 48.6
14.534 48.609 14.594 48.621
14.628 48.603 14.659 48.577 14.676 48.576
14.613 48.6 14.628 48.603
42.78 37.375 42.801 37.369 42.805 37.352 42.814 37.347 42.937 37.32
42.357 37.11 42.561 37.147 42.577 37.179 42.702 37.325 42.716 37.355 42.78 37.375
43.115 37.371 43.279 37.308
42.937 37.32 42.98 37.332 43.044 37.36 43.115 37.371
43.324 37.322 43.48 37.243
43.279 37.308 43.324 37.322
44.036 37.318 44.088 37.311 44.184 37.279 44.223 37.254 44.244 37.214 44.248 37.17 44.24 37.158 44.206 37.147 44.189 37.129 44.18 37.088 44.234 36.984 44.285 36.969
43.809 37.2 43.84 37.217 43.894 37.225 43.954 37.287 43.99 37.313 44.036 37.318
43.53 37.254 43.594 37.229 43.618 37.227
43.48 37.243 43.53 37.254
43.721 37.233 43.771 37.226 43.809 37.2
43.618 37.227 43.721 37.233
44.629 37.179 44.734 37.167 44.754 37.159 44.766 37.142
44.285 36.969 44.307 36.977 44.343 37.042 44.454 37.076 44.539 37.144 44.578 37.166 44.629 37.179
16.903 47.682 17.075 47.708 17.056 47.721 17.051 47.731 17.041 47.801 17.056 47.812 17.04 47.837 17.004 47.852 17.004 47.863 17.068 47.882 17.078 47.892 17.087 47.923 17.074 47.932 17.088 47.941 17.096 47.956 17.086 47.97 17.148 48.005
16.568 47.754 16.61 47.751 16.69 47.73 16.702 47.724 16.719 47.694 16.73 47.686 16.797 47.675
16.455 47.682 16.513 47.706 16.527 47.72 16.525 47.733 16.531 47.743 16.568 47.754
16.85 47.713 16.865 47.687 16.903 47.682
16.797 47.675 16.817 47.684 16.85 47.713
16.439 47.69 16.455 47.682
16.482 47.639 16.408 47.661 16.439 47.69
16.575 47.625 16.51 47.643
16.51 47.643 16.482 47.639
16.482 47.392 16.589 47.426 16.641 47.453 16.637 47.493 16.677 47.51 16.688 47.523 16.689 47.538 16.681 47.551 16.651 47.567 16.656 47.586 16.648 47.606 16.63 47.622 16.608 47.629
16.608 47.629 16.575 47.625
16.457 47.412 16.482 47.392
16.419 47.184 16.409 47.204 16.425 47.226 16.421 47.243 16.467 47.263 16.473 47.277 16.469 47.293 16.439 47.337 16.424 47.345 16.436 47.359 16.434 47.397 16.444 47.41 16.457 47.412
16.447 47.14 16.434 47.146 16.442 47.177 16.427 47.184
16.427 47.184 16.419 47.184
16.416 46.989 16.486 46.999 16.482 47.009 16.468 47.018 16.425 47.024 16.497 47.055 16.462 47.068 16.454 47.082 16.461 47.096 16.482 47.105 16.51 47.138 16.497 47.15 16.481 47.151
16.481 47.151 16.447 47.14
16.289 47.006 16.326 47
16.094 46.863 16.123 46.876 16.171 46.919 16.224 46.941 16.233 46.966 16.261 46.978 16.275 47.004 16.289 47.006
16.367 47.004 16.388 47.002 16.416 46.989
16.326 47 16.367 47.004
7.022 45.925 7.067 45.89 7.09 45.881 7.154 45.877 7.184 45.88 7.287 45.913 7.362 45.908 7.394 45.916 7.453 45.946 7.504 45.957 7.524 45.978 7.541 45.984 7.643 45.966 7.674 45.95 7.694 45.929 7.706 45.926 7.732 45.93 7.78 45.918 7.831 45.914 7.844 45.919 7.85 45.94 7.87 45.94 7.873 45.959 7.884 45.974 7.898 45.982 7.979 45.995 7.998 46.011 8.011 46.03 8.018 46.081 8.025 46.091 8.067 46.101 8.111 46.127 8.132 46.159 8.13 46.196 8.1 46.236 8.073 46.254 8.087 46.272 8.107 46.286 8.172 46.299 8.193 46.309 8.242 46.354 8.282 46.37 8.297 46.388 8.297 46.398 8.287 46.405 8.316 46.434 8.343 46.444 8.399 46.452 8.428 46.449 8.442 46.435 8.446 46.412 8.443 46.353 8.423 46.276 8.427 46.251 8.438 46.235 8.51 46.208 8.539 46.188 8.602 46.123 8.677 46.096 8.695 46.095 8.724 46.11 8.747 46.094 8.809 46.09 8.834 46.066 8.82 46.043 8.791 46.019 8.768 45.983 8.8 45.979 8.871 45.947 8.912 45.883 8.914 45.866 8.9 45.826 8.94 45.835 9.002 45.821 9.034 45.848 9.059 45.882 9.063 45.899 9.052 45.916 9.011 45.927 8.981 45.964 8.983 45.972 9.016 45.993 8.998 46.028 9.002 46.039 9.059 46.062 9.07 46.083 9.072 46.119 9.091 46.138 9.163 46.172 9.181 46.204 9.204 46.214 9.225 46.231 9.24 46.267 9.269 46.309 9.275 46.331 9.26 46.38 9.261 46.417 9.238 46.437 9.246 46.461 9.263 46.485 9.282 46.497 9.331 46.502 9.351 46.498 9.352 46.485 9.385 46.466 9.395 46.469 9.411 46.489 9.435 46.498 9.444 46.375 9.483 46.357 9.503 46.321 9.536 46.299 9.56 46.293 9.674 46.292 9.693 46.297 9.708 46.312 9.709 46.342 9.72 46.351 9.768 46.339 9.855 46.367 9.918 46.371 9.964 46.356 9.978 46.298 10.032 46.26 10.042 46.243 10.043 46.22 10.076 46.22 10.118 46.231 10.146 46.243 10.159 46.262 10.146 46.28 10.105 46.309 10.092 46.329 10.092 46.338 10.105 46.361 10.133 46.381 10.141 46.403 10.133 46.414 10.042 46.433 10.026 46.446 10.044 46.467 10.028 46.484 10.033 46.533 10.071 46.564 10.088 46.604 10.192 46.627 10.218 46.627 10.234 46.618 10.23 46.586 10.235 46.575 10.276 46.566 10.295 46.551 10.354 46.548 10.426 46.535 10.444 46.538 10.458 46.554 10.466 46.578 10.467 46.604 10.459 46.624 10.438 46.636 10.396 46.639 10.378 46.653 10.369 46.672 10.394 46.701 10.4 46.736 10.429 46.756 10.417 46.799 10.445 46.823 10.454 46.864
9.861 47.002 9.858 47.015 9.652 47.058
9.652 47.058 9.6 47.053
9.6 47.053 9.581 47.057
10.132 46.847 10.068 46.857 10.007 46.891 9.9 46.914 9.875 46.927 9.861 46.949 9.871 46.993 9.867 47.002
9.867 47.002 9.861 47.002
10.384 46.993 10.373 46.996
10.373 46.996 10.339 46.984 10.314 46.964 10.296 46.941 10.296 46.923 10.271 46.922
10.454 46.864 10.451 46.886 10.464 46.92 10.458 46.937 10.416 46.962 10.384 46.993
10.271 46.922 10.251 46.925
10.251 46.925 10.235 46.923 10.22 46.906 10.212 46.877 10.201 46.867 10.132 46.847
44.59 39.772 44.606 39.763 44.647 39.72 44.706 39.698 44.807 39.64
44.295 39.381 44.369 39.404 44.388 39.414 44.405 39.434 44.402 39.471 44.407 39.494 44.417 39.506 44.414 39.561 44.458 39.639 44.455 39.687 44.459 39.698 44.566 39.766 44.59 39.772
44.177 39.412 44.2 39.409 44.27 39.383 44.295 39.381
44.099 39.398 44.177 39.412
44.077 39.401 44.099 39.398
44.363 38.365 44.313 38.372 44.29 38.382 44.287 38.391 44.288 38.454 44.301 38.511 44.292 38.562 44.297 38.622 44.283 38.645 44.244 38.659 44.26 38.679 44.249 38.722 44.28 38.814 44.275 38.844 44.222 38.863 44.206 38.876 44.178 38.921 44.175 38.946 44.152 38.965 44.139 38.994 44.179 39.035 44.17 39.074 44.195 39.121 44.187 39.145 44.078 39.2 44.083 39.236 44.067 39.264 44.069 39.287 44.047 39.338 44.015 39.374 44.046 39.396 44.077 39.401
44.254 37.871 44.22 37.875 44.202 37.897 44.225 37.929 44.221 37.969 44.245 38.008 44.27 38.03 44.296 38.079 44.334 38.101 44.327 38.128 44.361 38.148 44.377 38.202 44.372 38.25 44.437 38.297 44.459 38.322 44.451 38.354 44.425 38.377 44.409 38.382
44.409 38.382 44.363 38.365
44.412 37.808 44.393 37.821 44.378 37.854 44.319 37.877
44.319 37.877 44.254 37.871
44.45 37.767 44.436 37.768 44.429 37.779 44.434 37.801 44.425 37.811
44.425 37.811 44.412 37.808
44.662 37.376 44.638 37.413 44.623 37.422 44.572 37.431 44.566 37.447 44.579 37.477 44.57 37.514 44.572 37.539 44.587 37.584 44.584 37.601 44.541 37.633 44.545 37.663 44.598 37.707 44.596 37.716 44.559 37.752 44.506 37.779
44.506 37.779 44.45 37.767
44.766 37.142 44.772 37.161 44.754 37.215 44.761 37.233 44.798 37.26 44.802 37.293 44.779 37.314 44.721 37.343 44.698 37.38
44.698 37.38 44.662 37.376
22.93 54.38 22.838 54.401
22.838 54.401 22.813 54.394 22.786 54.365 22.767 54.356
23.05 54.295 23.032 54.31 23.042 54.341 22.99 54.353 22.973 54.375 22.952 54.383
22.952 54.383 22.93 54.38
23.486 53.939 23.49 53.951 23.463 53.973 23.459 53.992 23.496 54.022 23.496 54.045 23.474 54.113 23.449 54.155 23.433 54.169 23.391 54.18 23.354 54.217 23.316 54.236 23.235 54.254 23.117 54.303
23.117 54.303 23.05 54.295
30.752 -8.194 30.778 -8.289 30.828 -8.388 30.892 -8.479 30.96 -8.55 30.992 -8.576 31.034 -8.6 31.078 -8.616 31.12 -8.617
31.207 -8.581 31.237 -8.614 31.261 -8.624
31.12 -8.617 31.183 -8.581 31.207 -8.581
31.353 -8.587 31.366 -8.599 31.373 -8.624 31.399 -8.634
31.261 -8.624 31.353 -8.587
31.412 -8.632 31.443 -8.642 31.465 -8.666 31.519 -8.687 31.539 -8.704 31.553 -8.809 31.576 -8.84 31.673 -8.913 31.71 -8.92
31.399 -8.634 31.412 -8.632
31.788 -8.892 31.937 -8.933 31.918 -8.973 31.918 -9.022 31.938 -9.062 31.981 -9.072
31.71 -8.92 31.764 -8.894 31.788 -8.892
32.032 -9.046 32.057 -9.05 32.096 -9.069
31.981 -9.072 32.032 -9.046
32.125 -9.064 32.155 -9.075 32.211 -9.127 32.253 -9.136
32.096 -9.069 32.125 -9.064
32.383 -9.134 32.423 -9.144 32.46 -9.168 32.49 -9.227 32.504 -9.249 32.518 -9.258 32.642 -9.28 32.713 -9.286 32.74 -9.307 32.747 -9.33 32.76 -9.34
32.253 -9.136 32.383 -9.134
32.777 -9.338 32.831 -9.37 32.921 -9.408
32.76 -9.34 32.777 -9.338
7.195 53.245 7.195 53.185 7.172 53.138 7.185 53.105 7.194 53.034 7.193 52.998 7.184 52.966 7.162 52.933 7.08 52.854 7.062 52.824 7.037 52.647 7.018 52.626
6.918 52.632 6.865 52.642
6.865 52.642 6.771 52.641 6.737 52.635 6.702 52.619 6.71 52.609 6.704 52.583 6.744 52.56 6.672 52.542 6.684 52.526 6.695 52.476 6.715 52.462 6.9 52.432
7.018 52.626 6.968 52.637
6.968 52.637 6.918 52.632
6.973 52.451 7.034 52.391 7.048 52.365 7.04 52.329 7.012 52.285 7.012 52.267 7.029 52.236 7.026 52.231 6.982 52.214 6.928 52.172 6.885 52.16 6.831 52.113 6.75 52.103 6.711 52.067 6.68 52.06 6.673 52.05 6.675 52.035 6.778 52.001 6.809 51.98 6.811 51.961 6.79 51.951 6.744 51.908 6.717 51.899 6.628 51.898 6.529 51.876 6.463 51.848 6.443 51.848
6.9 52.432 6.951 52.437 6.973 52.451
6.225 51.863 6.127 51.897
6.127 51.897 6.093 51.885 6.156 51.842
6.345 51.821 6.342 51.837 6.287 51.846 6.272 51.862 6.256 51.867
6.256 51.867 6.225 51.863
6.443 51.848 6.378 51.86
6.378 51.86 6.387 51.838 6.382 51.828 6.345 51.821
6.156 51.842 6.084 51.854
6.084 51.854 5.931 51.816 5.928 51.807 5.951 51.796 5.964 51.777 5.962 51.756 5.94 51.743 5.939 51.732 5.949 51.729
5.978 51.73 6.022 51.71 6.009 51.681 6.031 51.663 6.099 51.644 6.082 51.608 6.086 51.596 6.193 51.509 6.205 51.458 6.193 51.399 6.208 51.388 6.194 51.345 6.148 51.318 6.065 51.232 6.057 51.212 6.054 51.189 6.061 51.171 6.084 51.163
5.949 51.729 5.978 51.73
6.134 51.184 6.157 51.179 6.126 51.165 6.147 51.152 6.132 51.14 6.075 51.12 5.983 51.075 5.95 51.039 5.938 51.031 5.92 51.03
6.084 51.163 6.134 51.184
5.92 51.03 5.88 51.052
5.88 51.052 5.852 51.043 5.874 50.991 5.875 50.965
5.928 50.978 5.968 50.971
5.875 50.965 5.928 50.978
6.004 50.974 5.996 50.952 6 50.929 6.064 50.908 6.055 50.891 6.063 50.863 6.046 50.844
5.968 50.971 6.004 50.974
6.046 50.844 6.023 50.845
6.023 50.845 6 50.83 6.004 50.813 5.998 50.801 5.984 50.792
5.984 50.792 5.969 50.795
5.969 50.795 5.973 50.782 5.997 50.763 5.995 50.75
9.581 47.057 9.609 47.081 9.616 47.107 9.606 47.132 9.582 47.155 9.552 47.167 9.563 47.198 9.54 47.229 9.547 47.243 9.521 47.263
-8.147 9.865 -8.155 9.875 -8.146 9.882 -8.15 9.905 -8.168 9.915 -8.175 9.933 -8.174 9.942 -8.152 9.95 -8.136 9.969 -8.158 9.985 -8.148 10.01 -8.109 10.054 -8.035 10.086 -7.99 10.162
-8.01 9.384 -8.054 9.389 -8.07 9.398 -8.145 9.497 -8.158 9.531 -8.162 9.576 -8.124 9.845 -8.128 9.866
-8.128 9.866 -8.147 9.865
-7.879 9.164 -7.93 9.184 -7.931 9.22 -7.895 9.307 -7.865 9.41 -7.871 9.419 -7.912 9.419
-7.912 9.419 -7.933 9.414 -7.992 9.385 -8.01 9.384
-7.831 8.748 -7.959 8.782 -7.969 8.813 -7.946 8.949 -7.932 8.997 -7.917 9.012 -7.827 9.058 -7.764 9.064 -7.747 9.076 -7.759 9.092 -7.823 9.132 -7.848 9.169 -7.856 9.17
-7.856 9.17 -7.879 9.164
-7.721 8.369 -7.662 8.375 -7.69 8.439 -7.679 8.505 -7.692 8.547 -7.692 8.606 -7.697 8.625 -7.741 8.663 -7.772 8.715 -7.804 8.749 -7.816 8.754
-7.816 8.754 -7.831 8.748
-8.077 8.503 -8.042 8.487
-8.151 8.486 -8.077 8.503
-7.971 8.497 -7.944 8.485 -7.924 8.444 -7.913 8.434 -7.866 8.421
-8.016 8.487 -7.971 8.497
-8.186 8.494 -8.151 8.486
-8.086 8.162 -8.183 8.192 -8.266 8.246 -8.245 8.285 -8.248 8.323 -8.235 8.38 -8.237 8.4 -8.254 8.434 -8.254 8.447 -8.2 8.492 -8.186 8.494
-8.025 8.489 -8.016 8.487
-8.042 8.487 -8.025 8.489
-7.824 8.478 -7.802 8.449 -7.771 8.387 -7.748 8.372 -7.721 8.369
-7.866 8.421 -7.849 8.429 -7.846 8.474 -7.824 8.478
-7.963 8.015 -7.98 8.059 -8.016 8.088 -8.021 8.103 -8.016 8.148 -8.002 8.174 -8.003 8.184
-8.003 8.184 -8.086 8.162
-8.012 8.036 -7.98 8.017 -7.963 8.015
-8.054 8.029 -8.012 8.036
-8.069 8.029 -8.054 8.029
-8.229 7.544 -8.2 7.576 -8.203 7.607 -8.198 7.619 -8.158 7.658 -8.16 7.676 -8.127 7.713 -8.115 7.777 -8.098 7.792 -8.101 7.813 -8.131 7.842 -8.129 7.883 -8.079 7.958 -8.069 7.997 -8.069 8.029
-8.415 7.613 -8.391 7.586
-8.485 7.558 -8.44 7.6 -8.415 7.613
-8.337 7.598 -8.303 7.589 -8.265 7.56 -8.229 7.544
-8.391 7.586 -8.337 7.598
7.502 43.792 7.478 43.866 7.557 43.944 7.631 43.994 7.653 44.04 7.69 44.067 7.692 44.085 7.642 44.144 7.656 44.176 7.625 44.18 7.584 44.161 7.381 44.123 7.341 44.124 7.322 44.132 7.309 44.147 7.251 44.16 7.145 44.207 7.046 44.24 6.996 44.238 6.973 44.249 6.959 44.277 6.921 44.302 6.896 44.34 6.87 44.363 6.866 44.377 6.877 44.414 6.884 44.423 6.918 44.436 6.861 44.475 6.839 44.503 6.836 44.534 6.846 44.547 6.897 44.575 6.932 44.618 6.946 44.625 6.934 44.647 6.941 44.667 6.96 44.683 6.983 44.692 7.055 44.685 7.019 44.739 6.998 44.794 7.006 44.812 7.005 44.828 6.983 44.847 6.933 44.862 6.847 44.859 6.778 44.888 6.745 44.908 6.728 44.929 6.73 44.985 6.723 45.013 6.697 45.027 6.662 45.029 6.652 45.036 6.64 45.05 6.637 45.074 6.603 45.103 6.633 45.126 6.667 45.14 6.702 45.141 6.736 45.157 6.771 45.153 6.844 45.13 6.877 45.141 6.879 45.147 6.868 45.157 6.873 45.166 6.914 45.17 6.959 45.21 7.03 45.228 7.055 45.214 7.081 45.243 7.108 45.259 7.093 45.324 7.151 45.383 7.161 45.411 7.097 45.435 7.072 45.47 6.983 45.511 6.975 45.526 6.97 45.567 6.953 45.594 6.969 45.626 6.963 45.641 6.919 45.653 6.883 45.676 6.843 45.683 6.816 45.697 6.796 45.718 6.782 45.777 6.788 45.812 6.801 45.826 6.843 45.839 6.864 45.827 6.871 45.828 6.873 45.845 6.905 45.845 6.949 45.858 6.969 45.87 6.997 45.911 7.022 45.925
28.954 69.027 28.833 68.984 28.713 68.968 28.456 68.9 28.41 68.899 28.413 68.88 28.444 68.866
28.646 68.872 28.728 68.865 28.801 68.835 28.747 68.76 28.716 68.728 28.46 68.542 28.448 68.53 28.447 68.515 28.664 68.204 28.69 68.183 28.727 68.173 29.331 68.073 29.36 68.057 29.651 67.824 29.714 67.793 30.009 67.686 29.978 67.662 29.96 67.572 29.916 67.508 29.52 67.298 29.491 67.263 29.429 67.233 29.1 66.991 29.052 66.908 29.089 66.838 29.322 66.68 29.364 66.625 29.392 66.605 29.396 66.587 29.409 66.568 29.524 66.491 29.57 66.378 29.593 66.346 29.651 66.288 29.792 66.181 29.875 66.134 29.9 66.108 29.958 65.974 30.01 65.916 30.084 65.805 30.116 65.687 30.114 65.666 30.099 65.656
28.444 68.866 28.646 68.872
30.099 65.656 30.003 65.678
30.003 65.678 29.764 65.648 29.703 65.629 29.732 65.609 29.807 65.585 29.839 65.565 29.826 65.552 29.745 65.511 29.726 65.492 29.718 65.454 29.731 65.365 29.72 65.329 29.615 65.269 29.58 65.235 29.627 65.215
29.767 65.217 29.833 65.205 29.839 65.167 29.809 65.145 29.808 65.135 29.82 65.127 29.85 65.122 29.846 65.108 29.82 65.094 29.668 65.078 29.627 65.062 29.598 65.034 29.588 64.991 29.634 64.907 29.698 64.839 29.78 64.796 29.878 64.785 30.063 64.784 30.119 64.768 30.109 64.72 30.131 64.701 30.171 64.682 30.188 64.662 30.181 64.643 30.136 64.615 29.966 64.579 29.955 64.569 29.968 64.563 29.979 64.518 29.992 64.513 29.991 64.504 30.036 64.491 30.07 64.472 30.063 64.448 30.041 64.423 30.032 64.397 30.053 64.378 30.093 64.361 30.164 64.342 30.321 64.318 30.37 64.301 30.446 64.251 30.536 64.235 30.558 64.22 30.55 64.199 30.532 64.179 30.533 64.163 30.562 64.127 30.586 64.085 30.58 64.051 30.552 64.022 30.509 63.991 30.329 63.896 30.266 63.831 30.202 63.793 30.051 63.764 29.981 63.742 30.001 63.715 30.242 63.582 30.38 63.532 30.461 63.473 30.821 63.376 30.975 63.289 31.204 63.213 31.226 63.196 31.241 63.136 31.263 63.101 31.38 63.048 31.444 63.002 31.481 62.986 31.505 62.968 31.536 62.92 31.57 62.906 31.441 62.789 31.411 62.747 31.363 62.652 31.347 62.629 31.303 62.596 31.284 62.573 31.244 62.503 31.169 62.476 31.153 62.467 31.123 62.435 30.981 62.359 30.926 62.302 30.794 62.253 30.704 62.21 30.648 62.193 30.607 62.151 30.481 62.068 30.34 61.992 29.978 61.728 29.842 61.66 29.822 61.645 29.779 61.593 29.635 61.511 29.517 61.475 29.463 61.414 29.318 61.338 29.203 61.246 29.13 61.213 28.981 61.168 28.855 61.113 28.798 61.097 28.75 61.061 28.689 61.027 28.615 60.962 28.526 60.95 28.481 60.933 28.336 60.859 28.244 60.792 28.148 60.758 27.981 60.649 27.808 60.553
29.627 65.215 29.767 65.217
30.841 69.806 30.844 69.766 30.877 69.738 30.884 69.702 30.928 69.672 30.927 69.578 30.898 69.544 30.853 69.527 30.755 69.521
30.755 69.521 30.512 69.536 30.294 69.62 30.231 69.637 30.186 69.641
30.186 69.641 30.119 69.635 30.149 69.618 30.209 69.609 30.22 69.6 30.229 69.582 30.232 69.558 30.225 69.541 30.211 69.528 30.155 69.506 30.145 69.491 30.137 69.453 30.123 69.442 30.002 69.395 29.948 69.366 29.901 69.358 29.751 69.357 29.662 69.325 29.604 69.315 29.435 69.312 29.377 69.302 29.335 69.277 29.307 69.226 29.302 69.201 29.269 69.167 29.24 69.115 29.221 69.098 29.12 69.047 29.065 69.035
29.065 69.035 29.008 69.037
29.008 69.037 28.954 69.027
56.078 24.73 56.118 24.735 56.155 24.787 56.171 24.824 56.242 24.842 56.308 24.895 56.319 24.963 56.329 24.973 56.383 24.978
55.935 24.978 55.978 24.972 56.006 24.956 56.029 24.861
55.847 24.211 55.768 24.225 55.756 24.23 55.754 24.245 55.807 24.341 55.811 24.389 55.801 24.406 55.775 24.426 55.774 24.495 55.76 24.559 55.784 24.586 55.79 24.62 55.818 24.643 55.795 24.704 55.797 24.778 55.789 24.855 55.799 24.886 55.829 24.921 55.897 24.969 55.935 24.978
56.029 24.861 55.978 24.886
55.978 24.886 55.961 24.881 55.958 24.869 55.965 24.854 56.002 24.823 56.032 24.754 56.062 24.732 56.078 24.73
55.807 24.007 55.924 24.051 55.987 24.065 55.998 24.081 55.961 24.142 55.933 24.221 55.903 24.232
55.903 24.232 55.847 24.211
55.762 24.028 55.788 24.01 55.807 24.007
55.713 24.019 55.762 24.028
55.647 24.025 55.713 24.019
55.187 22.704 55.198 22.849 55.191 22.995 55.195 23.025 55.226 23.121 55.321 23.275 55.343 23.336 55.375 23.469 55.445 23.552 55.478 23.676 55.538 23.77 55.531 23.875 55.515 23.897 55.462 23.931 55.453 23.949 55.457 23.963 55.5 23.971 55.618 24.02 55.647 24.025
46.452 41.886 46.431 41.89
46.568 41.787 46.55 41.798 46.544 41.815 46.549 41.855 46.544 41.874 46.526 41.882 46.479 41.887
46.479 41.887 46.452 41.886
47.027 41.557 47.013 41.575 47.004 41.605 46.979 41.635 46.916 41.681 46.902 41.713 46.835 41.73 46.769 41.776 46.754 41.801 46.741 41.851 46.732 41.851
46.732 41.851 46.697 41.828 46.637 41.817 46.587 41.787 46.568 41.787
48.579 41.845 48.531 41.787 48.455 41.714 48.413 41.628 48.393 41.599 48.37 41.58 48.202 41.493 48.087 41.477 48.054 41.461 48.002 41.362 47.979 41.352
47.568 41.205 47.547 41.206 47.529 41.217 47.501 41.246 47.376 41.259 47.344 41.268 47.251 41.316 47.241 41.339 47.239 41.416 47.201 41.457 47.187 41.486 47.159 41.504 47.141 41.552 47.126 41.566 47.107 41.57
47.107 41.57 47.027 41.557
47.979 41.352 47.953 41.356
47.953 41.356 47.943 41.347 47.929 41.314 47.892 41.283 47.889 41.262 47.899 41.229 47.895 41.219 47.829 41.198 47.744 41.193
47.744 41.193 47.643 41.227 47.622 41.229
47.622 41.229 47.568 41.205
-54.842 2.433 -54.88 2.447 -54.979 2.543 -54.98 2.566 -54.954 2.599 -54.959 2.609
-54.959 2.609 -55.018 2.591 -55.076 2.545 -55.121 2.525
-55.121 2.525 -55.137 2.534 -55.133 2.553 -55.138 2.562
-55.138 2.562 -55.172 2.559 -55.252 2.498
-55.724 2.397 -55.755 2.409 -55.774 2.44 -55.854 2.463 -55.925 2.516 -55.947 2.528 -55.971 2.53
-55.971 2.53 -55.989 2.521 -55.997 2.503 -56.013 2.399 -56.043 2.355 -56.062 2.342
-55.252 2.498 -55.275 2.499 -55.287 2.514 -55.303 2.52
-55.303 2.52 -55.338 2.511 -55.355 2.495 -55.371 2.443 -55.4 2.43
-54.702 2.396 -54.696 2.404 -54.703 2.446 -54.743 2.467
-54.743 2.467 -54.76 2.466 -54.792 2.448 -54.842 2.433
-55.4 2.43 -55.511 2.436
-55.511 2.436 -55.568 2.431
-55.568 2.431 -55.608 2.434
-55.608 2.434 -55.645 2.417 -55.724 2.397
-54.707 2.396 -54.702 2.396
-54.673 2.316 -54.704 2.325 -54.716 2.376 -54.707 2.396
-56.062 2.342 -56.091 2.352
-56.091 2.352 -56.104 2.349 -56.117 2.333 -56.144 2.275 -56.147 2.256 -56.135 2.249 -56.073 2.242 -56.054 2.224 -56.045 2.185 -56.031 2.163 -55.996 2.137 -55.96 2.091 -55.926 2.062 -55.915 2.038 -55.924 2.007 -55.917 1.922 -55.922 1.886 -55.954 1.853 -56.02 1.834
-54.615 2.326 -54.673 2.316
-56.415 1.92 -56.482 1.942
-56.258 1.886 -56.293 1.895 -56.348 1.927 -56.367 1.929
-56.367 1.929 -56.415 1.92
-56.02 1.834 -56.083 1.847 -56.145 1.872 -56.21 1.889
-56.21 1.889 -56.258 1.886
46.431 41.89 46.371 41.806 46.314 41.757 46.277 41.749
46.277 41.749 46.23 41.757
46.23 41.757 46.208 41.756 46.189 41.74 46.18 41.706 46.18 41.655 46.193 41.61 46.22 41.593
46.254 41.616 46.278 41.578 46.297 41.51 46.314 41.494 46.366 41.467 46.398 41.459 46.445 41.426 46.542 41.395 46.592 41.373 46.607 41.345
46.22 41.593 46.24 41.615 46.254 41.616
45.397 41.423 45.314 41.452 45.282 41.453
45.282 41.453 45.25 41.444 45.002 41.29
46.017 41.164 45.969 41.168 45.821 41.209 45.751 41.241 45.71 41.268 45.686 41.296 45.708 41.317 45.745 41.329 45.744 41.335 45.656 41.352 45.512 41.395 45.465 41.43 45.45 41.432
45.45 41.432 45.397 41.423
46.623 41.35 46.688 41.284 46.692 41.269
46.607 41.345 46.623 41.35
46.692 41.269 46.683 41.269
46.683 41.269 46.675 41.262 46.669 41.23 46.644 41.208 46.621 41.115 46.602 41.094 46.582 41.092
46.475 41.044 46.457 41.052 46.413 41.092 46.332 41.116 46.229 41.195 46.211 41.2
46.211 41.2 46.113 41.196 46.061 41.171 46.017 41.164
46.582 41.092 46.544 41.097
46.544 41.097 46.522 41.087 46.497 41.045 46.475 41.044
45.188 40.998 45.22 40.979 45.21 40.968
45.21 40.968 45.187 40.971 45.177 40.994 45.188 40.998
45.52 40.66 45.561 40.648 45.547 40.622 45.514 40.602
45.514 40.602 45.479 40.61 45.471 40.63 45.479 40.65 45.52 40.66
19.79 46.129 19.773 46.132 19.69 46.168 19.648 46.174
19.648 46.174 19.59 46.166
19.59 46.166 19.568 46.166
19.568 46.166 19.502 46.146 19.488 46.134 19.499 46.109 19.473 46.099 19.437 46.068 19.405 46.06 19.379 46.034 19.307 46.027 19.287 46.016 19.263 45.981 19.236 45.978
20.035 46.143 19.993 46.159 19.929 46.164
19.929 46.164 19.79 46.129
20.138 46.136 20.115 46.152 20.098 46.155
20.098 46.155 20.035 46.143
20.243 46.108 20.17 46.146
20.17 46.146 20.138 46.136
19.236 45.978 19.148 45.984 19.126 45.993 19.111 46.013 19.088 46.019
19.088 46.019 19.065 46.012 19.05 45.993 19.049 45.963 19.031 45.96
19.031 45.96 19.006 45.963
19.006 45.963 18.979 45.947 18.989 45.927 18.982 45.922
18.982 45.922 18.901 45.931
-11.823 13.307 -11.84 13.317 -11.855 13.351 -11.898 13.371 -11.9 13.382 -11.883 13.454 -11.89 13.465 -11.918 13.475 -11.939 13.503 -11.997 13.544 -12.015 13.564 -12.037 13.598 -12.07 13.673 -12.098 13.704 -12.012 13.751 -11.979 13.785 -11.963 13.829 -11.957 13.89 -11.963 13.909 -12.015 13.959 -12.025 13.985 -12.025 14.027 -12.003 14.103 -11.998 14.166 -12.044 14.265 -12.098 14.288 -12.12 14.311 -12.128 14.324 -12.113 14.33 -12.109 14.342 -12.116 14.355 -12.222 14.391 -12.22 14.435 -12.236 14.519 -12.23 14.537 -12.204 14.554 -12.198 14.588 -12.166 14.625 -12.165 14.642 -12.19 14.656 -12.192 14.667 -12.18 14.693 -12.223 14.703 -12.237 14.728 -12.257 14.746 -12.264 14.775
-11.695 13.379 -11.714 13.388 -11.727 13.406 -11.741 13.408
-11.741 13.408 -11.757 13.4 -11.767 13.383 -11.775 13.343 -11.823 13.307
-11.633 13.354 -11.644 13.356 -11.65 13.384
-11.65 13.384 -11.695 13.379
-11.423 12.956 -11.439 12.959 -11.433 12.997 -11.423 13.009 -11.436 13.017 -11.459 13.055 -11.45 13.075 -11.533 13.112 -11.539 13.163 -11.569 13.199 -11.572 13.217 -11.554 13.257 -11.606 13.32 -11.613 13.361
-11.613 13.361 -11.633 13.354
-11.407 12.916 -11.384 12.933 -11.389 12.971 -11.402 12.989
-11.402 12.989 -11.404 12.972 -11.423 12.956
-11.421 12.922 -11.407 12.916
-11.43 12.508 -11.449 12.535 -11.468 12.544 -11.44 12.559 -11.437 12.571 -11.442 12.596 -11.437 12.637 -11.442 12.648 -11.461 12.658 -11.462 12.673 -11.448 12.686 -11.437 12.712 -11.41 12.719 -11.402 12.732 -11.415 12.76 -11.405 12.782 -11.408 12.804 -11.42 12.825 -11.432 12.829 -11.425 12.85 -11.429 12.866 -11.415 12.897 -11.428 12.912 -11.421 12.922
-11.401 12.48 -11.417 12.529
-11.417 12.529 -11.425 12.526 -11.43 12.508
-11.388 12.404 -11.378 12.48 -11.39 12.498
-11.39 12.498 -11.401 12.48
-51.956 3.724 -51.94 3.734 -51.939 3.774 -51.9 3.797 -51.819 3.891 -51.783 3.981 -51.758 4.003 -51.683 4.039
-51.963 3.725 -51.956 3.724
-52.251 3.243 -52.228 3.26 -52.093 3.481 -52.094 3.507 -52.074 3.517 -52.066 3.529 -52.054 3.557 -52.013 3.619 -51.988 3.705 -51.963 3.725
-52.267 3.245 -52.251 3.243
-52.923 2.194 -52.907 2.205 -52.88 2.26 -52.863 2.274 -52.82 2.292 -52.691 2.373 -52.656 2.431 -52.619 2.463 -52.59 2.505 -52.553 2.573 -52.552 2.587 -52.576 2.634 -52.543 2.652 -52.533 2.69 -52.455 2.865 -52.442 2.881 -52.409 2.897 -52.422 2.927 -52.352 3.066 -52.361 3.109 -52.355 3.152 -52.319 3.178 -52.299 3.225 -52.279 3.242 -52.267 3.245
-53.765 2.369 -53.748 2.365 -53.737 2.349 -53.748 2.319 -53.742 2.309 -53.713 2.307 -53.646 2.278 -53.579 2.27 -53.532 2.247
-53.901 2.265 -53.867 2.305 -53.831 2.31 -53.801 2.354 -53.765 2.369
-53.344 2.35 -53.323 2.339 -53.297 2.304 -53.234 2.251 -53.235 2.241 -53.272 2.22 -53.28 2.205 -53.269 2.196
-53.532 2.247 -53.462 2.259 -53.425 2.286 -53.379 2.308 -53.344 2.35
-54.615 2.326 -54.588 2.324 -54.544 2.3 -54.526 2.283 -54.549 2.279 -54.546 2.269 -54.493 2.223 -54.477 2.214 -54.388 2.196
-53.933 2.27 -53.901 2.265
-54.028 2.179 -53.946 2.222 -53.933 2.27
-53.113 2.219 -53.092 2.212 -53.061 2.186 -52.981 2.173
-53.269 2.196 -53.113 2.219
-54.381 2.198 -54.323 2.157 -54.264 2.148
-54.388 2.196 -54.381 2.198
-52.934 2.196 -52.923 2.194
-52.981 2.173 -52.96 2.175 -52.934 2.196
-54.048 2.189 -54.028 2.179
-54.135 2.111 -54.111 2.114 -54.098 2.128 -54.077 2.184 -54.048 2.189
-54.194 2.163 -54.157 2.122 -54.135 2.111
-54.264 2.148 -54.194 2.163
-13.339 12.639 -13.405 12.662 -13.728 12.673
-13.255 12.642 -13.284 12.653
-13.284 12.653 -13.339 12.639
-13.202 12.633 -13.222 12.648
-13.222 12.648 -13.255 12.642
-13.127 12.635 -13.145 12.644
-13.145 12.644 -13.155 12.633
-13.155 12.633 -13.169 12.639
-13.169 12.639 -13.176 12.638
-13.035 12.471 -13.067 12.48 -13.078 12.496 -13.083 12.516 -13.064 12.566 -13.059 12.603 -13.064 12.622 -13.076 12.636 -13.092 12.638
-13.092 12.638 -13.127 12.635
-13.176 12.638 -13.185 12.638
-13.185 12.638 -13.202 12.633
-12.753 12.432 -12.773 12.435 -12.783 12.453 -12.799 12.461 -12.839 12.466 -12.849 12.476 -12.849 12.495 -12.874 12.516 -12.913 12.536
-12.913 12.536 -12.949 12.536 -12.97 12.477 -12.981 12.467 -12.997 12.466
-12.997 12.466 -13.015 12.473
-13.015 12.473 -13.035 12.471
-12.579 12.361 -12.594 12.362 -12.603 12.382 -12.648 12.426 -12.688 12.436
-12.688 12.436 -12.753 12.432
-11.388 12.404 -11.416 12.405 -11.482 12.428 -11.515 12.432
-11.515 12.432 -11.643 12.418 -11.72 12.389 -11.758 12.383
-11.758 12.383 -11.84 12.387 -11.924 12.419
-11.924 12.419 -11.998 12.386
-11.998 12.386 -12.079 12.408
-12.079 12.408 -12.104 12.407 -12.122 12.399 -12.155 12.369 -12.192 12.349 -12.361 12.306
-12.361 12.306 -12.377 12.314 -12.406 12.356 -12.423 12.369 -12.505 12.39
-12.505 12.39 -12.579 12.361
3.695 11.119 3.663 11.143 3.468 11.419 3.467 11.442 3.505 11.557 3.574 11.673 3.596 11.696
3.757 10.405 3.773 10.408 3.794 10.445 3.795 10.496 3.837 10.6 3.837 10.655 3.823 10.703 3.783 10.717 3.774 10.728 3.759 10.772 3.73 10.808 3.731 10.825 3.753 10.878 3.754 10.907 3.734 10.996 3.712 11.052 3.722 11.112 3.704 11.121
3.704 11.121 3.695 11.119
3.672 10.442 3.693 10.438 3.757 10.405
3.513 9.847 3.531 9.863 3.6 9.969 3.606 10.054 3.612 10.07 3.655 10.101 3.664 10.123 3.665 10.162 3.588 10.244 3.573 10.267 3.572 10.286 3.618 10.369 3.626 10.407 3.652 10.436 3.672 10.442
3.453 9.853 3.513 9.847
3.299 9.634 3.332 9.652 3.339 9.678 3.315 9.759 3.326 9.802 3.414 9.843 3.453 9.853
3.262 9.639 3.299 9.634
2.971 9.061 3.051 9.078 3.076 9.095 3.151 9.289 3.151 9.354 3.129 9.43 3.133 9.457 3.152 9.488 3.183 9.505 3.244 9.584 3.238 9.609 3.246 9.634 3.262 9.639
2.93 9.078 2.971 9.061
2.846 9.051 2.86 9.053 2.888 9.075 2.93 9.078
2.769 9.057 2.846 9.051
2.783 7.419 2.792 7.478 2.721 7.587 2.715 7.626 2.724 7.808 2.692 7.849 2.671 7.898 2.687 7.934 2.708 8.138 2.734 8.19 2.735 8.212 2.701 8.297 2.697 8.321 2.706 8.381 2.704 8.418 2.737 8.465 2.745 8.498 2.723 8.783 2.751 8.803 2.746 8.837 2.763 8.896 2.748 8.915 2.765 8.94 2.77 8.967 2.769 9.057
2.751 7.424 2.783 7.419
2.704 6.368 2.704 6.429 2.715 6.494 2.737 6.558 2.731 6.642 2.743 6.663 2.773 6.687 2.779 6.699 2.773 6.755 2.736 6.77 2.724 6.8 2.737 6.863 2.715 6.98 2.741 7.016 2.776 7.031 2.78 7.041 2.748 7.072 2.735 7.096 2.758 7.139 2.762 7.162 2.741 7.408 2.751 7.424
12.815 -4.413 12.762 -4.391
12.762 -4.391 12.738 -4.405 12.718 -4.452 12.671 -4.491 12.624 -4.559 12.414 -4.609
13.074 -4.635 13.027 -4.612 12.962 -4.534 12.922 -4.502 12.902 -4.48 12.884 -4.432 12.87 -4.412 12.854 -4.403
12.854 -4.403 12.815 -4.413
12.414 -4.609 12.387 -4.605
12.387 -4.605 12.378 -4.619 12.374 -4.683 12.332 -4.766 12.322 -4.778 12.259 -4.791 12.235 -4.804
12.235 -4.804 12.223 -4.781 12.204 -4.763
12.204 -4.763 12.188 -4.768 12.157 -4.871 12.131 -4.913 12.01 -5.02
16.578 46.471 16.515 46.502
16.755 46.382 16.743 46.4 16.712 46.413 16.659 46.464 16.594 46.483
16.594 46.483 16.578 46.471
16.828 46.374 16.808 46.387 16.769 46.396
16.769 46.396 16.762 46.382 16.755 46.382
17.327 45.972 17.29 45.985 17.29 45.991 17.317 45.998 17.308 46.006 17.276 46.012 17.249 46.08 17.209 46.117 17.101 46.128 17.053 46.153 17.028 46.18 16.975 46.211 16.941 46.251 16.889 46.292 16.872 46.327 16.875 46.343 16.865 46.359 16.832 46.382
16.832 46.382 16.828 46.374
17.345 45.956 17.338 45.985
17.338 45.985 17.327 45.972
17.406 45.944 17.4 45.96 17.389 45.963
17.389 45.963 17.345 45.956
17.858 45.772 17.838 45.8 17.809 45.814 17.657 45.845 17.646 45.892 17.591 45.936 17.512 45.954 17.427 45.957
17.427 45.957 17.406 45.944
18.901 45.931 18.818 45.905
18.818 45.905 18.805 45.914
18.805 45.914 18.786 45.887 18.776 45.883
18.776 45.883 18.674 45.91
18.674 45.91 18.656 45.908 18.633 45.892 18.624 45.869 18.573 45.817 18.53 45.791 18.504 45.784
18.08 45.772 17.975 45.792
17.975 45.792 17.89 45.792 17.87 45.773 17.858 45.772
18.504 45.784 18.482 45.791
18.482 45.791 18.431 45.754 18.398 45.741
18.318 45.747 18.283 45.765 18.261 45.765 18.211 45.785
18.211 45.785 18.129 45.785 18.08 45.772
18.398 45.741 18.384 45.743 18.367 45.758 18.351 45.758
18.351 45.758 18.318 45.747
16.343 46.714 16.314 46.743 16.298 46.776 16.33 46.834 16.302 46.843 16.272 46.864
16.272 46.864 16.135 46.856
16.135 46.856 16.094 46.863
16.515 46.502 16.501 46.545 16.467 46.565 16.43 46.604 16.376 46.629 16.368 46.643 16.411 46.668 16.405 46.687 16.358 46.699 16.357 46.716
16.357 46.716 16.343 46.714
51.039 24.56 50.979 24.568 50.929 24.587 50.881 24.636 50.808 24.747
51.215 24.626 51.147 24.576 51.095 24.56 51.039 24.56
25.26 -17.794 25.219 -17.88 25.226 -17.932 25.255 -18.001 25.296 -18.069 25.323 -18.097 25.388 -18.139 25.441 -18.253 25.473 -18.303 25.491 -18.366 25.508 -18.399 25.574 -18.466 25.622 -18.501 25.67 -18.566 25.762 -18.63 25.773 -18.666 25.779 -18.739 25.815 -18.814 25.941 -18.921 25.968 -19.001 25.948 -19.059 25.949 -19.103 26.034 -19.244 26.13 -19.501 26.155 -19.537 26.194 -19.56 26.239 -19.571 26.303 -19.577 26.333 -19.613 26.312 -19.651 26.385 -19.679 26.413 -19.72 26.432 -19.737 26.509 -19.759 26.549 -19.784 26.566 -19.801 26.582 -19.842 26.596 -19.856 26.674 -19.883 26.714 -19.927 26.731 -19.936 26.812 -19.946 26.925 -20.001 26.961 -20.007
26.994 -20.007 27.027 -20.01 27.06 -20.028 27.086 -20.061 27.12 -20.074
26.961 -20.007 26.994 -20.007
27.13 -20.073 27.184 -20.082 27.202 -20.093 27.215 -20.11 27.266 -20.234 27.284 -20.351 27.268 -20.496
27.12 -20.074 27.13 -20.073
27.341 -20.473 27.454 -20.473 27.534 -20.483
27.268 -20.496 27.306 -20.477 27.341 -20.473
27.591 -20.473 27.626 -20.489 27.666 -20.489 27.684 -20.496 27.698 -20.509 27.706 -20.527 27.703 -20.566 27.682 -20.637 27.707 -20.717 27.71 -20.757 27.694 -20.838 27.676 -20.867 27.673 -20.924 27.68 -20.98 27.667 -21.071 27.709 -21.134 27.794 -21.197 27.894 -21.324 27.898 -21.355 27.921 -21.381 27.95 -21.438 27.953 -21.449 27.94 -21.478 27.954 -21.488 27.949 -21.501 27.958 -21.512
27.534 -20.483 27.591 -20.473
27.964 -21.51 28.003 -21.564 28.033 -21.578 28.091 -21.581 28.166 -21.595 28.285 -21.597 28.322 -21.603 28.465 -21.66
27.958 -21.512 27.964 -21.51
28.554 -21.637 28.63 -21.651 28.668 -21.68 28.714 -21.694 28.861 -21.757 28.981 -21.775 29.055 -21.81 29.058 -21.829 29.018 -21.898 29.014 -21.94 29.022 -21.983 29.041 -22.021 29.071 -22.051 29.108 -22.069 29.145 -22.075
28.465 -21.66 28.554 -21.637
29.239 -22.073 29.254 -22.087 29.274 -22.125 29.35 -22.187
29.145 -22.075 29.239 -22.073
76.19 35.805 76.166 35.806 76.138 35.827 76.115 35.942 76.09 35.978 76.061 35.992 75.984 35.996 75.953 36.007 75.922 36.032 75.9 36.063 75.894 36.097 75.901 36.114 75.972 36.155 75.977 36.174 75.97 36.202 76.014 36.23 76.012 36.248 75.969 36.302 75.969 36.342 75.987 36.421 75.977 36.462
76.777 35.646 76.745 35.655 76.709 35.694 76.677 35.714 76.571 35.751 76.551 35.784 76.565 35.865 76.555 35.898 76.537 35.903
76.537 35.903 76.5 35.872 76.432 35.861 76.403 35.831 76.384 35.828
76.384 35.828 76.349 35.831
76.349 35.831 76.312 35.81 76.297 35.809
76.297 35.809 76.26 35.818
76.26 35.818 76.19 35.805
27.546 41.901 27.494 41.943 27.397 41.989 27.332 42.057 27.305 42.078 27.273 42.092 27.238 42.098
27.238 42.098 27.204 42.088 27.174 42.057
27.116 42.062 27.084 42.078 27.047 42.083
27.047 42.083 27.023 42.074 27 42.043 26.967 42.028 26.95 42.006 26.93 41.995
27.174 42.057 27.127 42.063
27.127 42.063 27.116 42.062
26.93 41.995 26.911 41.997
26.911 41.997 26.89 41.985
27.917 41.978 27.843 41.996
27.843 41.996 27.824 41.993
27.824 41.993 27.816 41.995
27.816 41.995 27.808 41.993 27.803 41.96 27.818 41.953 27.815 41.947 27.79 41.943
26.89 41.985 26.872 41.988
26.872 41.988 26.861 41.988 26.819 41.966
26.819 41.966 26.781 41.983
26.781 41.983 26.737 41.959 26.718 41.957
28.017 41.973 27.966 41.982
27.966 41.982 27.917 41.978
26.718 41.957 26.624 41.969
26.624 41.969 26.589 41.959 26.547 41.927 26.545 41.916 26.56 41.907 26.54 41.838 26.526 41.824 26.478 41.813
27.79 41.943 27.724 41.968 27.687 41.969
27.687 41.969 27.609 41.953 27.603 41.939 27.598 41.939
27.598 41.939 27.591 41.943
27.591 41.943 27.572 41.93 27.551 41.924 27.561 41.918 27.549 41.911 27.563 41.906 27.546 41.901
26.478 41.813 26.376 41.817
26.376 41.817 26.334 41.79 26.32 41.765 26.316 41.744 26.333 41.713
103.647 14.444 103.671 14.43 103.675 14.386 103.794 14.365
103.596 14.404 103.617 14.415 103.627 14.438 103.647 14.444
104.772 14.44 104.788 14.438 104.838 14.411
104.713 14.407 104.728 14.41 104.772 14.44
104.693 14.434 104.701 14.43 104.713 14.407
104.651 14.409 104.668 14.41 104.693 14.434
103.55 14.422 103.596 14.404
103.45 14.372 103.495 14.4 103.55 14.422
104.627 14.419 104.651 14.409
104.543 14.36 104.563 14.368 104.595 14.41 104.61 14.419 104.627 14.419
104.857 14.414 104.898 14.396 104.974 14.381 104.979 14.369 104.976 14.301 105.008 14.244 105.025 14.224 105.047 14.214
104.838 14.411 104.857 14.414
104.177 14.404 104.186 14.404 104.183 14.391 104.201 14.378
104.141 14.366 104.177 14.404
104.247 14.401 104.271 14.399 104.325 14.378 104.453 14.357
104.201 14.378 104.247 14.401
103.423 14.385 103.45 14.372
103.341 14.351 103.363 14.353 103.423 14.385
104.11 14.38 104.128 14.366 104.141 14.366
104.001 14.345 104.11 14.38
104.493 14.374 104.543 14.36
104.453 14.357 104.493 14.374
103.824 14.368 103.885 14.34
103.794 14.365 103.824 14.368
103.974 14.367 104.001 14.345
103.885 14.34 103.903 14.342 103.92 14.365 103.974 14.367
103.274 14.351 103.341 14.351
102.452 13.562 102.513 13.567 102.598 13.605 102.541 13.649 102.542 13.67 102.574 13.694 102.675 13.742 102.699 13.762 102.706 13.802 102.729 13.832 102.754 13.904 102.773 13.936 102.87 14.021 102.876 14.071 102.911 14.132 102.919 14.185 102.934 14.201 103.005 14.229 103.085 14.296 103.118 14.313 103.199 14.329 103.274 14.351
105.047 14.214 105.101 14.231 105.155 14.33 105.184 14.346
102.371 13.569 102.452 13.562
102.914 11.646 102.929 11.669 102.925 11.726 102.914 11.766 102.843 11.866 102.797 11.953 102.787 12.003 102.771 12.037 102.7 12.139 102.692 12.178 102.72 12.361 102.765 12.416 102.762 12.436 102.751 12.449 102.718 12.466 102.705 12.48 102.697 12.513 102.665 12.534 102.589 12.61 102.559 12.631 102.502 12.65 102.486 12.661 102.479 12.677 102.478 12.72 102.483 12.735 102.495 12.746 102.507 12.788 102.483 12.844 102.479 12.882 102.465 12.928 102.479 12.954 102.467 12.969 102.487 12.985 102.49 12.996 102.473 13.006 102.447 13.051 102.402 13.103 102.382 13.137 102.328 13.275 102.327 13.345 102.334 13.406 102.33 13.496 102.313 13.541 102.332 13.565 102.371 13.569
-2.943 35.268 -2.964 35.286 -2.967 35.314 -2.948 35.33
-2.913 35.277 -2.943 35.268
88.892 27.316 88.885 27.286 88.861 27.27 88.801 27.256 88.776 27.241 88.754 27.213 88.73 27.151 88.828 27.098 88.841 27.075 88.846 27.05 88.852 26.945 88.886 26.979 88.907 26.981 88.924 26.962 88.925 26.929 88.932 26.919 88.955 26.913 88.997 26.923 89.022 26.913 89.061 26.881 89.082 26.836 89.097 26.821 89.128 26.813 89.213 26.813 89.241 26.82 89.274 26.844 89.342 26.854 89.443 26.797 89.505 26.804 89.547 26.798 89.586 26.784 89.611 26.766 89.613 26.749 89.598 26.721 89.61 26.712 89.628 26.713 89.663 26.726 89.685 26.725 89.739 26.703 89.817 26.696 89.835 26.732 89.89 26.715 89.975 26.732 90.089 26.742 90.127 26.751 90.152 26.772 90.177 26.832 90.211 26.851 90.266 26.852 90.284 26.857 90.329 26.891 90.349 26.897 90.383 26.892 90.475 26.832 90.588 26.78 90.717 26.767 91.007 26.782 91.062 26.805 91.198 26.802 91.232 26.795 91.276 26.774 91.297 26.775 91.346 26.795 91.358 26.806 91.388 26.858 91.42 26.872 91.475 26.866 91.507 26.808 91.521 26.798 91.594 26.811 91.638 26.799 91.702 26.803 91.795 26.854 91.825 26.858 91.844 26.849 91.852 26.819 91.863 26.805 91.879 26.803 91.887 26.814 91.886 26.831 91.874 26.844 91.896 26.854 91.893 26.881 91.908 26.885 91.926 26.879 91.975 26.847 92.036 26.855 92.073 26.888 92.084 26.937 92.067 26.995 92.05 27.027 92 27.072 91.988 27.104 91.988 27.122 91.996 27.158 92.027 27.2 92.037 27.236 92.082 27.275 92.089 27.292 92.024 27.447 91.975 27.472 91.901 27.46 91.857 27.466 91.78 27.456 91.727 27.46 91.657 27.479 91.633 27.512 91.604 27.532 91.595 27.546 91.573 27.62 91.58 27.658 91.627 27.716 91.635 27.747 91.636 27.783 91.605 27.811 91.566 27.821 91.564 27.851 91.628 27.853
100.188 6.708 100.212 6.689 100.228 6.689
100.127 6.442 100.144 6.48 100.146 6.54 100.167 6.566 100.156 6.621 100.164 6.684 100.173 6.703 100.188 6.708
100.252 6.701 100.274 6.696 100.281 6.689 100.318 6.577 100.329 6.558 100.349 6.541 100.387 6.522 100.427 6.514
100.228 6.689 100.252 6.701
100.452 6.517 100.517 6.482 100.631 6.445
100.427 6.514 100.452 6.517
100.73 6.493 100.734 6.456 100.752 6.449
100.631 6.445 100.648 6.447 100.713 6.493 100.73 6.493
100.762 6.449 100.796 6.434 100.806 6.415 100.811 6.356 100.829 6.316 100.822 6.289 100.822 6.26 100.833 6.237
100.752 6.449 100.762 6.449
100.974 6.273 101.006 6.246 101.023 6.241
100.91 6.236 100.929 6.241 100.955 6.269 100.974 6.273
101.784 5.738 101.8 5.74 101.825 5.78 101.855 5.798 101.869 5.824 101.913 5.859 101.92 5.94 101.935 5.982 101.959 6.012 102.06 6.095 102.071 6.127 102.067 6.205 102.073 6.257
101.069 6.251 101.082 6.246 101.091 6.213 101.089 6.189 101.053 6.158 101.053 6.135 101.087 6.106 101.094 6.086 101.079 5.938 101.071 5.92 101.015 5.898 100.965 5.792 100.992 5.737 101.008 5.726
101.023 6.241 101.069 6.251
100.855 6.248 100.91 6.236
100.833 6.237 100.855 6.248
101.558 5.911 101.579 5.906 101.605 5.866 101.634 5.856 101.631 5.828 101.65 5.783 101.666 5.766 101.687 5.761
101.122 5.63 101.15 5.639 101.212 5.682 101.234 5.719 101.249 5.787 101.28 5.803 101.319 5.81 101.393 5.851 101.558 5.911
101.727 5.786 101.74 5.782 101.763 5.75 101.784 5.738
101.687 5.761 101.727 5.786
101.027 5.727 101.06 5.71 101.079 5.688 101.105 5.638 101.122 5.63
101.008 5.726 101.027 5.727
12.482 43.983 12.492 43.956 12.478 43.917 12.46 43.895 12.429 43.892
12.429 43.892 12.4 43.903 12.386 43.925 12.396 43.948 12.421 43.967 12.482 43.983
5.995 50.75 5.994 50.743 6.011 50.737 6.012 50.709 6.025 50.708
6.064 50.714 6.081 50.713 6.1 50.701 6.161 50.642 6.148 50.637 6.159 50.622 6.18 50.616 6.249 50.614 6.251 50.608 6.233 50.587 6.179 50.562 6.161 50.544 6.177 50.53 6.171 50.518 6.191 50.515 6.183 50.507 6.199 50.49 6.217 50.486
6.025 50.708 6.064 50.714
6.256 50.495 6.337 50.481 6.323 50.466 6.332 50.447 6.351 50.434 6.338 50.368 6.372 50.329 6.375 50.315 6.362 50.307 6.335 50.304
6.217 50.486 6.256 50.495
6.335 50.304 6.299 50.309
6.299 50.309 6.286 50.304 6.269 50.286 6.272 50.267 6.253 50.257 6.19 50.243 6.147 50.214 6.16 50.205 6.165 50.182 6.152 50.169 6.123 50.165 6.116 50.145 6.129 50.134 6.117 50.12
-71.757 19.71 -71.745 19.665 -71.743 19.6 -71.715 19.537 -71.703 19.459 -71.704 19.415 -71.733 19.355 -71.777 19.328 -71.772 19.308 -71.754 19.284 -71.717 19.248 -71.639 19.212 -71.644 19.152 -71.661 19.118 -71.71 19.082 -71.784 18.996 -71.848 18.975 -71.865 18.964 -71.862 18.947
-71.82 18.958 -71.796 18.957 -71.787 18.95 -71.773 18.922 -71.733 18.883 -71.72 18.765 -71.744 18.711 -71.794 18.679 -71.842 18.618 -71.88 18.605
-71.862 18.947 -71.82 18.958
-71.88 18.605 -71.955 18.619
-71.955 18.619 -71.993 18.611 -72.01 18.599 -72.001 18.582 -71.904 18.485 -71.902 18.47 -71.918 18.449 -71.912 18.431 -71.858 18.414 -71.826 18.376 -71.789 18.352 -71.735 18.333 -71.709 18.313 -71.774 18.201 -71.777 18.182 -71.762 18.132 -71.761 18.087 -71.776 18.039
14.065 13.078 13.607 13.704
47.674 30.098 47.731 30.089 47.948 29.994
46.532 29.096 46.712 29.271 46.774 29.364 46.853 29.445 46.883 29.513 46.958 29.62 46.977 29.658 46.989 29.713 47.025 29.772 47.11 29.961 47.145 30.003 47.197 30.034 47.358 30.092 47.416 30.098 47.674 30.098
88.594 28.107 88.61 28.106 88.652 28.069 88.736 28.055 88.78 28.028 88.818 27.995
88.502 28.029 88.553 28.078 88.594 28.107
88.475 28.036 88.502 28.029
88.163 27.947 88.198 27.958 88.379 27.983 88.456 28.032 88.475 28.036
88.818 27.995 88.811 27.928 88.852 27.877 88.854 27.844 88.806 27.655 88.748 27.56 88.742 27.532 88.758 27.511 88.754 27.464 88.76 27.435 88.774 27.409 88.795 27.386 88.831 27.367 88.852 27.342 88.892 27.316
88.127 27.95 88.163 27.947
88.118 27.861 88.097 27.904 88.1 27.928 88.116 27.947 88.127 27.95
-90.098 13.731 -90.114 13.796 -90.107 13.844 -90.087 13.87 -90.047 13.894 -90.023 13.937 -89.891 14.036 -89.836 14.059 -89.803 14.055 -89.762 14.03 -89.748 14.038 -89.753 14.075 -89.71 14.149 -89.69 14.17 -89.638 14.201 -89.531 14.226 -89.525 14.232 -89.525 14.247 -89.545 14.262 -89.559 14.303 -89.592 14.314 -89.598 14.328 -89.576 14.353 -89.591 14.386 -89.584 14.402 -89.57 14.412 -89.555 14.411 -89.544 14.4 -89.541 14.382 -89.503 14.42 -89.485 14.427 -89.447 14.416 -89.431 14.419 -89.398 14.445 -89.397 14.426 -89.391 14.436 -89.362 14.415
124.258 -9.501 124.31 -9.489 124.332 -9.467 124.329 -9.433 124.345 -9.404 124.348 -9.375 124.355 -9.364 124.402 -9.332 124.432 -9.291 124.452 -9.201 124.451 -9.18
124.03 -9.342 124.063 -9.398 124.09 -9.422 124.121 -9.427
124.197 -9.373 124.226 -9.392 124.247 -9.422 124.258 -9.455 124.253 -9.481 124.258 -9.501
124.121 -9.427 124.167 -9.381 124.197 -9.373
124.92 -8.962 124.922 -8.986 124.908 -9.037 124.921 -9.065 124.948 -9.079
125.087 -8.986 125.139 -9.025 125.162 -9.061 125.162 -9.082 125.145 -9.145 125.154 -9.176 125.143 -9.189
124.948 -9.079 124.979 -9.072 125.052 -9.035 125.065 -9.023 125.076 -8.991 125.087 -8.986
125.074 -9.211 125.06 -9.21 125.035 -9.188 125.007 -9.186
125.007 -9.186 124.974 -9.192 124.958 -9.212 124.954 -9.242 124.96 -9.276 124.973 -9.305 125.023 -9.346 125.024 -9.375 125.046 -9.41 125.062 -9.486
125.143 -9.189 125.118 -9.188
125.118 -9.188 125.091 -9.197 125.074 -9.211
115.346 4.314 115.361 4.33 115.358 4.35 115.286 4.435 115.272 4.475 115.267 4.517 115.277 4.613 115.273 4.637 115.207 4.826 115.182 4.861 115.147 4.886 115.146 4.909
115.03 4.821 115.023 4.741 115.027 4.66 115.035 4.621 115.08 4.504 115.092 4.405 115.113 4.382 115.191 4.357
115.221 4.36 115.255 4.339
115.191 4.357 115.221 4.36
115.274 4.34 115.324 4.315 115.346 4.314
115.255 4.339 115.274 4.34
116.522 4.397 116.533 4.395 116.577 4.332 116.59 4.331
116.468 4.312 116.494 4.325 116.486 4.349 116.522 4.397
115.856 4.391 115.879 4.352 115.941 4.344 115.977 4.329 115.994 4.289 116.004 4.277 116.021 4.271
115.757 4.222 115.771 4.226 115.779 4.249 115.817 4.281 115.821 4.344 115.831 4.376 115.844 4.389 115.856 4.391
116.311 4.383 116.344 4.357
116.229 4.356 116.311 4.383
116.126 4.379 116.229 4.356
116.021 4.271 116.11 4.345 116.126 4.379
116.712 4.367 116.729 4.364 116.766 4.339 116.804 4.33
116.642 4.334 116.68 4.34 116.712 4.367
116.351 4.358 116.362 4.35 116.391 4.295 116.411 4.289
116.344 4.357 116.351 4.358
117.203 4.356 117.217 4.353 117.239 4.327 117.276 4.301 117.357 4.26 117.413 4.2 117.436 4.186 117.515 4.172
116.981 4.33 117.165 4.333 117.203 4.356
116.924 4.345 116.981 4.33
116.804 4.33 116.883 4.345 116.924 4.345
116.616 4.344 116.642 4.334
116.59 4.331 116.616 4.344
116.446 4.317 116.468 4.312
116.411 4.289 116.422 4.292 116.446 4.317
115.733 4.239 115.757 4.222
115.585 3.417 115.595 3.421 115.601 3.441 115.573 3.504 115.573 3.545 115.549 3.605 115.545 3.669 115.55 3.708 115.589 3.825 115.589 3.858 115.538 3.898 115.539 3.921 115.581 3.947 115.61 3.997 115.622 4.04 115.633 4.129 115.647 4.169 115.656 4.179 115.676 4.184 115.733 4.239
117.542 4.174 117.567 4.16
117.515 4.172 117.542 4.174
115.557 3.425 115.585 3.417
115.31 2.986 115.342 2.991 115.407 3.02 115.464 3.031 115.482 3.111 115.517 3.157 115.484 3.189 115.483 3.206 115.518 3.357 115.536 3.404 115.557 3.425
115.242 3.042 115.256 3.037 115.281 3 115.31 2.986
115.083 2.594 115.071 2.595 115.056 2.609 115.072 2.672 115.057 2.711 115.063 2.724 115.094 2.737 115.105 2.761 115.067 2.828 115.099 2.86 115.123 2.913 115.208 2.981 115.242 3.042
114.973 2.357 115.035 2.406 115.067 2.423 115.105 2.466 115.127 2.479 115.193 2.491 115.206 2.51 115.204 2.528 115.177 2.574 115.152 2.597 115.115 2.608
115.115 2.608 115.083 2.594
114.935 2.361 114.973 2.357
114.792 2.035 114.781 2.036 114.77 2.058 114.768 2.11 114.753 2.135 114.763 2.208 114.779 2.247 114.809 2.265 114.913 2.284 114.92 2.296 114.915 2.332 114.922 2.354 114.935 2.361
109.645 2.083 109.627 2.03 109.6 1.983 109.574 1.949 109.529 1.905 109.535 1.839 109.547 1.814 109.567 1.793 109.642 1.781 109.647 1.762 109.641 1.683 109.647 1.618 109.677 1.573 109.766 1.496 109.773 1.486 109.776 1.458 109.782 1.456
114.522 1.429 114.546 1.435 114.562 1.45 114.568 1.469 114.563 1.536 114.624 1.599 114.65 1.641 114.669 1.694 114.68 1.763 114.671 1.821 114.68 1.841 114.699 1.858 114.763 1.869 114.819 1.89 114.832 1.903 114.829 1.96 114.845 2.025 114.841 2.038 114.831 2.045
114.831 2.045 114.792 2.035
112.855 1.583 112.908 1.571
112.802 1.544 112.814 1.549 112.836 1.576 112.855 1.583
112.956 1.572 112.997 1.56 113.014 1.551 113.023 1.537 113.024 1.514 113.007 1.473 112.955 1.424 112.958 1.416 112.973 1.415
112.908 1.571 112.956 1.572
112.47 1.568 112.769 1.552 112.802 1.544
112.054 1.134 112.093 1.143 112.1 1.155 112.153 1.306 112.184 1.369 112.188 1.391 112.182 1.4 112.159 1.401 112.154 1.41 112.162 1.435 112.18 1.449 112.295 1.504 112.399 1.523 112.446 1.562 112.47 1.568
114.375 1.507 114.421 1.492 114.501 1.436 114.522 1.429
114.173 1.421 114.205 1.438 114.375 1.507
109.801 1.467 109.825 1.418 109.843 1.403 109.863 1.401
109.782 1.456 109.801 1.467
114.094 1.466 114.131 1.454 114.16 1.425 114.173 1.421
113.625 1.228 113.65 1.233 113.808 1.34 113.868 1.415 113.891 1.435 113.91 1.442 114.054 1.465 114.094 1.466
113.051 1.435 113.089 1.431 113.173 1.384 113.276 1.369 113.324 1.351 113.398 1.294 113.443 1.292
112.973 1.415 113.051 1.435
109.883 1.404 109.902 1.404 109.92 1.395 109.933 1.379 109.964 1.299 110.031 1.254 110.052 1.215 110.093 1.192 110.152 1.184 110.17 1.174 110.257 1.039 110.263 0.994 110.273 0.991
109.863 1.401 109.883 1.404
113.503 1.314 113.524 1.314 113.546 1.302 113.597 1.242 113.625 1.228
113.443 1.292 113.503 1.314
111.973 1.134 112.054 1.134
111.763 0.993 111.823 1.008 111.91 1.114 111.973 1.134
111.198 1.075 111.218 1.073 111.352 1.014 111.396 1.006
110.777 0.903 110.784 0.908 110.787 0.934 110.797 0.95 110.853 0.997 110.88 1.011 110.973 1.018 111.198 1.075
111.637 1.032 111.682 1.023 111.763 0.993
111.503 0.958 111.515 0.964 111.539 0.998 111.637 1.032
111.455 1.023 111.472 1.022 111.482 1.013 111.503 0.958
111.396 1.006 111.455 1.023
110.301 0.998 110.364 0.981 110.423 0.909 110.46 0.88 110.506 0.857 110.554 0.851
110.273 0.991 110.301 0.998
110.758 0.915 110.777 0.903
110.725 0.897 110.758 0.915
110.709 0.901 110.725 0.897
110.661 0.872 110.709 0.901
110.613 0.894 110.625 0.893 110.648 0.874 110.661 0.872
110.554 0.851 110.596 0.871 110.613 0.894
12.181 47.085 12.204 47.08 12.204 47.053 12.182 47.034 12.122 47.011 12.111 46.993 12.142 46.928 12.142 46.919 12.127 46.909 12.172 46.899 12.195 46.88 12.251 46.876 12.267 46.868 12.276 46.846 12.267 46.808 12.269 46.789 12.343 46.765 12.37 46.711 12.405 46.69 12.5 46.672 12.562 46.651
11.735 46.971 11.777 46.988 11.823 46.993 11.9 47.028 11.944 47.038 12.015 47.04 12.116 47.077 12.181 47.085
11.472 47.007 11.524 46.988
11.411 46.97 11.453 47.001 11.472 47.007
11.596 47 11.648 46.993
11.524 46.988 11.596 47
11.665 46.993 11.684 46.992 11.735 46.971
11.657 46.993 11.665 46.993
11.648 46.993 11.657 46.993
11.314 46.987 11.381 46.972 11.411 46.97
10.983 46.768 10.997 46.769 11.033 46.806 11.053 46.815 11.054 46.834 11.092 46.912 11.157 46.957 11.244 46.979 11.314 46.987
10.454 46.864 10.486 46.846 10.528 46.843
10.647 46.864 10.739 46.83 10.749 46.819 10.717 46.795 10.723 46.786 10.734 46.786
10.528 46.843 10.647 46.864
10.755 46.791 10.805 46.777
10.734 46.786 10.755 46.791
10.824 46.78 10.87 46.764
10.805 46.777 10.824 46.78
10.931 46.774 10.983 46.768
10.87 46.764 10.931 46.774
12.62 46.656 12.67 46.653 12.707 46.638
12.562 46.651 12.62 46.656
12.74 46.643 12.774 46.635 12.83 46.61 13.065 46.598 13.146 46.585 13.231 46.552 13.271 46.551
12.707 46.638 12.74 46.643
13.373 46.566 13.417 46.56
13.271 46.551 13.373 46.566
13.478 46.564 13.507 46.547 13.549 46.546 13.685 46.518
13.417 46.56 13.478 46.564
13.685 46.518 13.701 46.52
7.407 43.764 7.437 43.743
7.366 43.723 7.373 43.746 7.407 43.764
-4.822 24.995 -4.821 24.995
13.701 46.52 13.699 46.505 13.69 46.493 13.688 46.468 13.677 46.452 13.659 46.445
13.659 46.445 13.634 46.446
13.634 46.446 13.6 46.443 13.53 46.388 13.434 46.354 13.391 46.302 13.365 46.29 13.385 46.243 13.41 46.208
13.423 46.229 13.51 46.214 13.559 46.184 13.584 46.181
13.41 46.208 13.437 46.211 13.423 46.229
13.614 46.184 13.637 46.18 13.645 46.162 13.616 46.125 13.505 46.066 13.482 46.045 13.49 46.039 13.49 46.026 13.462 46.006 13.509 45.967
13.584 46.181 13.614 46.184
13.606 45.985 13.623 45.966 13.608 45.927 13.569 45.865 13.566 45.83 13.581 45.809 13.609 45.799 13.66 45.792 13.709 45.765 13.779 45.743 13.858 45.649 13.895 45.632 13.848 45.585 13.801 45.581
13.509 45.967 13.606 45.985
13.801 45.581 13.761 45.596
13.761 45.596 13.712 45.593
32.114 -26.84 32.117 -26.582 32.107 -26.5 32.06 -26.415 32.04 -26.284 32.045 -26.255 32.078 -26.175 32.081 -26.149 32.057 -26.041 32.071 -26.01 32.004 -25.994 31.975 -25.98 31.949 -25.958
30.379 -2.303 30.415 -2.313
30.263 -2.358 30.317 -2.348 30.363 -2.308 30.379 -2.303
30.418 -2.312 30.434 -2.339 30.488 -2.384 30.522 -2.399 30.555 -2.401
30.415 -2.313 30.418 -2.312
29.942 -2.317 29.984 -2.345
29.803 -2.767 29.842 -2.752 29.863 -2.732 29.898 -2.671 29.908 -2.535 29.93 -2.46 29.922 -2.383 29.929 -2.322 29.942 -2.317
30.207 -2.339 30.263 -2.358
30.117 -2.432 30.139 -2.431 30.156 -2.419 30.201 -2.362 30.207 -2.339
29.992 -2.344 30.013 -2.348 30.073 -2.409 30.117 -2.432
29.984 -2.345 29.992 -2.344
29.113 -2.595 29.213 -2.63 29.276 -2.641 29.307 -2.66 29.31 -2.691 29.338 -2.724 29.318 -2.763 29.34 -2.826
29.015 -2.721 29.033 -2.621 29.055 -2.598 29.113 -2.595
29.756 -2.76 29.803 -2.767
29.698 -2.808 29.73 -2.8 29.737 -2.769 29.745 -2.76 29.756 -2.76
29.619 -2.788 29.698 -2.808
29.574 -2.806 29.619 -2.788
29.425 -2.803 29.481 -2.814 29.504 -2.827
29.34 -2.826 29.364 -2.824 29.425 -2.803
29.564 -2.806 29.574 -2.806
29.504 -2.827 29.542 -2.809 29.564 -2.806
92.571 21.247 92.591 21.249 92.614 21.263 92.643 21.298 92.593 21.47 92.576 21.734 92.593 21.887 92.576 21.978
92.323 21.462 92.355 21.452 92.368 21.435 92.374 21.402 92.39 21.377 92.423 21.364 92.465 21.36
92.285 21.419 92.323 21.462
92.253 21.42 92.285 21.419
92.265 21.061 92.224 21.093 92.212 21.124 92.188 21.144 92.175 21.176 92.185 21.24 92.178 21.28 92.184 21.317 92.212 21.355 92.236 21.417 92.253 21.42
92.499 21.367 92.525 21.361 92.544 21.321 92.559 21.26 92.571 21.247
92.465 21.36 92.499 21.367
-1.747 43.291 -1.756 43.319 -1.768 43.331 -1.797 43.341 -1.794 43.386
-1.611 43.246 -1.639 43.256 -1.648 43.282 -1.645 43.292 -1.683 43.305
-1.683 43.305 -1.747 43.291
-1.466 43.261 -1.508 43.277 -1.559 43.284
-1.559 43.284 -1.574 43.277 -1.588 43.252 -1.611 43.246
-1.383 43.029 -1.435 43.036 -1.457 43.045 -1.475 43.06 -1.488 43.082 -1.426 43.135 -1.4 43.207 -1.404 43.243 -1.432 43.265 -1.444 43.265
-1.444 43.265 -1.466 43.261
-1.15 43.006 -1.217 43.039 -1.275 43.047 -1.294 43.055 -1.311 43.069 -1.315 43.083 -1.307 43.096 -1.286 43.109 -1.309 43.114
-1.309 43.114 -1.331 43.107 -1.348 43.093 -1.358 43.047 -1.366 43.033 -1.383 43.029
-0.864 42.943 -0.943 42.948 -0.981 42.957 -1.028 42.987 -1.08 42.993 -1.112 43.008
-1.112 43.008 -1.15 43.006
-0.72 42.877 -0.73 42.878 -0.746 42.894 -0.741 42.911 -0.76 42.947 -0.786 42.953
-0.786 42.953 -0.864 42.943
-0.604 42.797 -0.61 42.799 -0.609 42.811 -0.648 42.85 -0.711 42.878
-0.711 42.878 -0.72 42.877
0.776 42.832 0.707 42.847
0.707 42.847 0.656 42.838 0.654 42.803 0.64 42.775 0.651 42.763 0.633 42.745 0.66 42.73 0.665 42.699 0.657 42.688 0.644 42.684
-0.208 42.784 -0.235 42.786 -0.247 42.805 -0.323 42.843
-0.323 42.843 -0.343 42.823
0.921 42.784 0.886 42.804 0.796 42.834
0.796 42.834 0.776 42.832
-0.343 42.823 -0.352 42.829
-0.352 42.829 -0.424 42.791 -0.454 42.789
-0.454 42.789 -0.508 42.807 -0.534 42.808
-0.534 42.808 -0.536 42.784 -0.569 42.773
-0.569 42.773 -0.579 42.777 -0.577 42.79 -0.587 42.797
-0.587 42.797 -0.604 42.797
1.163 42.706 1.134 42.716 1.107 42.76 1.089 42.771 0.983 42.78 0.95 42.796
0.95 42.796 0.921 42.784
-0.039 42.685 -0.119 42.717 -0.123 42.73 -0.158 42.761 -0.164 42.778 -0.161 42.795
-0.161 42.795 -0.208 42.784
0.275 42.669 0.238 42.71 0.169 42.726
0.169 42.726 -0.004 42.688 -0.039 42.685
0.409 42.682 0.389 42.685 0.382 42.7 0.354 42.717
0.354 42.717 0.336 42.713 0.29 42.67 0.275 42.669
1.429 42.595 1.361 42.687 1.338 42.694 1.343 42.709 1.196 42.714
1.196 42.714 1.163 42.706
0.484 42.685 0.467 42.69
0.467 42.69 0.409 42.682
0.644 42.684 0.608 42.688
0.608 42.688 0.484 42.685
1.543 42.649 1.608 42.618 1.722 42.61 1.713 42.59 1.753 42.577 1.765 42.563 1.74 42.562 1.722 42.549 1.711 42.528 1.707 42.503
1.498 42.64 1.543 42.649
1.467 42.641 1.498 42.64
1.429 42.595 1.451 42.602 1.467 42.641
1.707 42.503 1.712 42.494 1.731 42.488 1.793 42.482 1.87 42.447 1.927 42.437 1.941 42.42 1.964 42.367 1.996 42.349 2.009 42.347
2.934 42.47 2.966 42.461
2.884 42.449 2.901 42.451 2.934 42.47
2.983 42.469 3.03 42.466 3.054 42.438 3.112 42.425
2.966 42.461 2.983 42.469
2.867 42.45 2.884 42.449
2.768 42.41 2.789 42.412 2.835 42.441 2.867 42.45
3.112 42.425 3.181 42.431
2.277 42.429 2.375 42.389 2.423 42.384 2.446 42.352 2.515 42.326
2.184 42.412 2.277 42.429
2.137 42.416 2.184 42.412
2.009 42.347 2.063 42.358 2.104 42.385 2.121 42.411 2.137 42.416
2.729 42.414 2.768 42.41
2.635 42.338 2.662 42.339 2.64 42.373 2.648 42.381 2.69 42.406 2.729 42.414
2.567 42.353 2.635 42.338
2.515 42.326 2.532 42.331 2.548 42.352 2.567 42.353
1.968 42.486 1.999 42.444 1.983 42.441
1.983 42.441 1.948 42.451 1.946 42.464 1.957 42.482 1.968 42.486
1.429 42.595 1.418 42.57 1.426 42.562 1.406 42.529
1.429 42.531 1.447 42.52 1.45 42.504 1.408 42.487 1.436 42.453 1.436 42.441 1.448 42.435 1.508 42.429
1.406 42.529 1.429 42.531
1.674 42.491 1.697 42.494 1.707 42.503
1.657 42.498 1.674 42.491
1.508 42.429 1.528 42.434 1.544 42.45 1.607 42.456 1.64 42.466 1.657 42.498
74.029 38.527 73.933 38.53 73.887 38.559 73.816 38.587 73.797 38.603 73.772 38.675 73.736 38.722 73.736 38.8 73.684 38.855 73.681 38.873 73.689 38.891 73.717 38.919 73.74 38.927 73.81 38.933 73.824 38.945 73.829 38.96 73.816 38.994 73.709 39.065 73.698 39.078 73.674 39.143 73.631 39.175 73.608 39.207 73.602 39.236 73.644 39.351 73.633 39.448
74.221 38.65 74.123 38.669
74.123 38.669 74.095 38.646 74.091 38.62 74.084 38.614 74.037 38.598 74.038 38.579 74.059 38.547 74.046 38.53 74.029 38.527
74.719 38.522 74.696 38.524 74.646 38.561 74.477 38.612 74.334 38.667 74.313 38.669
74.313 38.669 74.244 38.65 74.221 38.65
74.892 37.231 74.913 37.239 74.933 37.273 74.952 37.281 75.068 37.312 75.077 37.324 75.08 37.361 75.092 37.378 75.164 37.401 75.104 37.441 75.053 37.494 74.945 37.549 74.915 37.571 74.892 37.599 74.882 37.634 74.886 37.653 74.924 37.695 74.932 37.722 74.965 37.767 74.961 37.785 74.949 37.795 74.898 37.818 74.886 37.831 74.883 37.844 74.914 37.881 74.891 37.898 74.893 37.994 74.88 38.022 74.81 38.053 74.791 38.081 74.771 38.196 74.771 38.292 74.784 38.326 74.838 38.379 74.844 38.417 74.833 38.464 74.801 38.483 74.776 38.511 74.742 38.523
74.742 38.523 74.719 38.522
74.794 37.214 74.783 37.22 74.737 37.296 74.721 37.298
74.721 37.298 74.676 37.264 74.651 37.26 74.615 37.228
74.615 37.228 74.59 37.243
74.59 37.243 74.487 37.226 74.457 37.177 74.42 37.168
74.892 37.231 74.794 37.214
74.42 37.168 74.382 37.172
74.382 37.172 74.368 37.167 74.366 37.148 74.383 37.127 74.477 37.083 74.519 37.03 74.542 37.022
74.521 37.376 74.513 37.377
74.53 37.376 74.521 37.376
74.66 37.394 74.631 37.381 74.53 37.376
74.892 37.231 74.863 37.245 74.817 37.307 74.789 37.331 74.66 37.394
22.826 41.341 22.917 41.336
22.705 41.14 22.716 41.146 22.727 41.166 22.737 41.204 22.741 41.284 22.751 41.315 22.781 41.335 22.826 41.341
22.645 41.18 22.656 41.178 22.674 41.157 22.705 41.14
22.549 41.119 22.59 41.125 22.607 41.136 22.624 41.153 22.629 41.177 22.645 41.18
22.206 41.161 22.303 41.145 22.307 41.128 22.315 41.124
22.103 41.122 22.124 41.127 22.16 41.152 22.206 41.161
22.048 41.152 22.063 41.137 22.103 41.122
21.737 40.919 21.766 40.924 21.778 40.934 21.784 40.964 21.831 40.994 21.845 41.012 21.881 41.038 21.894 41.054 21.897 41.081 21.909 41.097 21.965 41.124 22.029 41.139 22.048 41.152
22.368 41.132 22.422 41.115 22.451 41.114
22.315 41.124 22.368 41.132
22.517 41.122 22.549 41.119
22.451 41.114 22.517 41.122
21.685 40.928 21.737 40.919
21.644 40.894 21.653 40.901 21.657 40.918 21.685 40.928
21.429 40.909 21.51 40.901 21.554 40.87 21.582 40.866
21.261 40.861 21.329 40.866 21.381 40.901 21.429 40.909
21.63 40.895 21.644 40.894
21.582 40.866 21.63 40.895
21.183 40.87 21.261 40.861
20.965 40.849 21.112 40.854 21.183 40.87
21.499 42.239 21.482 42.248
21.482 42.248 21.468 42.235
21.562 42.247 21.499 42.239
21.468 42.235 21.436 42.247
21.436 42.247 21.42 42.24 21.43 42.216 21.419 42.215
21.419 42.215 21.384 42.225
21.384 42.225 21.354 42.216 21.295 42.149 21.301 42.101 21.299 42.091 21.289 42.09
21.289 42.09 21.238 42.097 21.2 42.141 21.164 42.167 21.126 42.189 21.098 42.196
21.098 42.196 21.029 42.151 21.004 42.142 20.785 42.082 20.765 42.064 20.743 41.993 20.742 41.971 20.754 41.931 20.75 41.907 20.723 41.867 20.703 41.85 20.681 41.844
20.681 41.844 20.643 41.874
20.643 41.874 20.619 41.851 20.602 41.85
20.602 41.85 20.567 41.873
21.564 42.246 21.562 42.247
22.345 42.313 22.325 42.314 22.292 42.328 22.277 42.341 22.269 42.37
22.269 42.37 22.233 42.349 22.096 42.306 22.061 42.301
22.061 42.301 22.028 42.304 21.929 42.335
21.929 42.335 21.877 42.308
21.877 42.308 21.837 42.309
21.837 42.309 21.817 42.305 21.707 42.255 21.677 42.235
21.575 42.242 21.564 42.246
21.677 42.235 21.625 42.243
21.625 42.243 21.575 42.242
22.575 44.061 22.593 44.064 22.605 44.079 22.597 44.119 22.609 44.16 22.606 44.175 22.649 44.214 22.692 44.228
22.555 44.062 22.575 44.061
22.607 43.427 22.519 43.474 22.478 43.559 22.483 43.579 22.477 43.591 22.482 43.599 22.466 43.649 22.426 43.668 22.405 43.687 22.386 43.725 22.389 43.758 22.363 43.781 22.349 43.808 22.377 43.884 22.379 43.913 22.395 43.936 22.4 43.993 22.412 44.007 22.434 44.014 22.504 44.02 22.534 44.057 22.555 44.062
22.674 43.394 22.657 43.403 22.638 43.426 22.629 43.428
22.629 43.428 22.607 43.427
22.666 42.872 22.727 42.887 22.739 42.897 22.776 42.98 22.829 42.994 22.884 43.037 22.902 43.07 22.935 43.086 22.956 43.108 22.985 43.175 22.981 43.199 22.898 43.22 22.827 43.281 22.817 43.315 22.805 43.329 22.733 43.382 22.693 43.395
22.693 43.395 22.674 43.394
22.591 42.887 22.666 42.872
22.538 42.868 22.564 42.884 22.591 42.887
22.52 42.87 22.538 42.868
22.345 42.313 22.364 42.321 22.424 42.326 22.438 42.34 22.454 42.377 22.47 42.392 22.509 42.405 22.533 42.458 22.537 42.478 22.525 42.508 22.425 42.573 22.449 42.668 22.442 42.682 22.483 42.734 22.453 42.764 22.426 42.81 22.437 42.824 22.481 42.847 22.497 42.864 22.52 42.87
70.484 39.882 70.499 39.882
70.582 39.767 70.537 39.817 70.503 39.836 70.49 39.85 70.483 39.867 70.484 39.882
70.499 39.882 70.62 39.851 70.655 39.85
70.687 39.861 70.699 39.858 70.706 39.84 70.705 39.822 70.633 39.798 70.582 39.767
70.655 39.85 70.687 39.861
22.725 42.042 22.706 42.056 22.676 42.061 22.618 42.083 22.531 42.129 22.495 42.165 22.481 42.193 22.444 42.214 22.345 42.313
22.799 42.021 22.781 42.043 22.771 42.044
22.771 42.044 22.725 42.042
22.917 41.336 22.941 41.35 22.944 41.368 22.937 41.411 22.955 41.432 22.946 41.453 22.943 41.539 22.949 41.561 22.932 41.598 22.936 41.626 22.946 41.641 22.967 41.647 22.999 41.693 23.01 41.716 23.009 41.74 22.991 41.761 22.957 41.766 22.94 41.777 22.901 41.86 22.881 41.873 22.844 42.014 22.821 42.025
22.821 42.025 22.799 42.021
18.437 42.559 18.442 42.543 18.437 42.493 18.455 42.465 18.493 42.442 18.496 42.416
17.787 42.901 17.702 42.919
17.702 42.919 17.679 42.916 17.653 42.891
18.312 42.601 18.224 42.628 17.995 42.74 17.904 42.805 17.858 42.817 17.827 42.853 17.826 42.889 17.812 42.91
17.812 42.91 17.787 42.901
18.437 42.559 18.385 42.567 18.339 42.603
18.339 42.603 18.312 42.601
30.446 -1.059 30.472 -1.067
30.403 -1.07 30.446 -1.059
30.353 -1.061 30.403 -1.07
29.917 -1.475 29.96 -1.465 30.039 -1.425 30.061 -1.39 30.136 -1.355 30.147 -1.345 30.166 -1.277 30.212 -1.26 30.257 -1.217 30.281 -1.182 30.288 -1.155 30.317 -1.137 30.329 -1.081 30.337 -1.066 30.353 -1.061
29.816 -1.323 29.836 -1.329 29.864 -1.37 29.871 -1.432 29.881 -1.454 29.898 -1.47 29.917 -1.475
29.775 -1.366 29.783 -1.361 29.798 -1.331 29.816 -1.323
29.735 -1.348 29.775 -1.366
29.618 -1.391 29.658 -1.384 29.711 -1.353 29.735 -1.348
29.578 -1.388 29.618 -1.391
-75.095 19.972 -75.095 19.897
-75.137 19.972 -75.095 19.972
80.216 30.567 80.253 30.565 80.326 30.547 80.425 30.498 80.525 30.459
80.18 30.559 80.216 30.567
80.575 30.466 80.695 30.412 80.723 30.392 80.755 30.346 80.782 30.321 80.976 30.255 81.003 30.213 80.996 30.197
80.525 30.459 80.575 30.466
20.794 43.263 20.838 43.246 20.865 43.217
20.641 43.115 20.626 43.124 20.6 43.174 20.598 43.185 20.604 43.198 20.667 43.21 20.745 43.253 20.794 43.263
20.865 43.217 20.851 43.22
20.851 43.22 20.84 43.212 20.832 43.179 20.839 43.17 21.005 43.099 21.093 43.091 21.109 43.082 21.124 43.058 21.148 42.993 21.165 42.985
20.584 43.007 20.596 43.007 20.617 43.022 20.665 43.085 20.669 43.11 20.652 43.116
20.652 43.116 20.641 43.115
20.562 43.009 20.584 43.007
20.345 42.827 20.428 42.841 20.476 42.856 20.499 42.878 20.489 42.899 20.451 42.922 20.459 42.95 20.476 42.966 20.53 42.975 20.562 43.009
21.193 42.998 21.21 42.996 21.225 42.974 21.232 42.911 21.261 42.887 21.272 42.884
21.165 42.985 21.193 42.998
21.295 42.884 21.347 42.861 21.399 42.855 21.408 42.847 21.404 42.804 21.379 42.744 21.406 42.735
21.272 42.884 21.295 42.884
21.442 42.736 21.565 42.72 21.629 42.672
21.406 42.735 21.442 42.736
21.709 42.687 21.739 42.682 21.764 42.67 21.773 42.648 21.767 42.639 21.735 42.624 21.729 42.598 21.718 42.591 21.728 42.574 21.718 42.551 21.668 42.49 21.619 42.449 21.622 42.402 21.617 42.387 21.597 42.372 21.537 42.359 21.516 42.342 21.515 42.318 21.554 42.274 21.564 42.246
21.629 42.672 21.709 42.687
20.345 42.827 20.264 42.817 20.218 42.803 20.209 42.792 20.208 42.763 20.183 42.743
20.183 42.743 20.076 42.773
20.076 42.773 20.035 42.751 20.027 42.743 20.025 42.723 20.104 42.653 20.076 42.603 20.077 42.56 20.065 42.547
19.195 43.533 19.175 43.51 19.176 43.481 19.192 43.455 19.218 43.438 19.372 43.384 19.414 43.338 19.473 43.293 19.512 43.241 19.55 43.218 19.581 43.188 19.619 43.168 19.685 43.157
19.705 43.166 19.714 43.166 19.743 43.127 19.782 43.096 19.838 43.088
19.685 43.157 19.705 43.166
19.917 43.117 19.929 43.114 19.96 43.079 20.02 43.047 20.117 42.977 20.195 42.967 20.337 42.907 20.354 42.891 20.355 42.866 20.345 42.827
19.838 43.088 19.872 43.09 19.917 43.117
-89.362 14.415 -89.308 14.407 -89.277 14.393 -89.226 14.382 -89.2 14.365 -89.154 14.351
-89.113 14.397 -89.092 14.375 -89.094 14.345 -89.083 14.335 -89.033 14.324 -89.018 14.272 -88.984 14.242 -88.966 14.191 -88.957 14.185
-89.154 14.351 -89.13 14.387 -89.113 14.397
-88.922 14.2 -88.906 14.2 -88.881 14.184 -88.86 14.159 -88.839 14.1
-88.957 14.185 -88.922 14.2
-88.746 14.111 -88.739 14.1 -88.747 14.052 -88.731 14.042 -88.705 14.038 -88.693 14.025 -88.691 14.01
-88.777 14.1 -88.746 14.111
-88.821 14.103 -88.777 14.1
-88.839 14.1 -88.821 14.103
-88.659 14.016 -88.634 14.014 -88.558 13.991 -88.514 13.988 -88.495 13.975 -88.498 13.968
-88.691 14.01 -88.659 14.016
-88.235 13.993 -88.178 13.985
-88.243 13.937 -88.236 13.938 -88.232 13.952 -88.244 13.966 -88.245 13.986 -88.235 13.993
-88.125 13.991 -88.099 13.99 -88.088 13.981 -88.073 13.943 -88.024 13.891 -88.015 13.866
-88.178 13.985 -88.125 13.991
-88.498 13.968 -88.502 13.969
-88.502 13.969 -88.496 13.956 -88.502 13.917 -88.489 13.881 -88.488 13.865 -88.497 13.851
-88.252 13.938 -88.243 13.937
-88.326 13.885 -88.319 13.898 -88.285 13.906 -88.264 13.933 -88.252 13.938
-87.818 13.916 -87.808 13.909 -87.791 13.87 -87.704 13.815 -87.738 13.739 -87.731 13.722 -87.755 13.69 -87.76 13.617 -87.784 13.56 -87.79 13.533 -87.779 13.51 -87.769 13.506
-87.871 13.89 -87.861 13.89 -87.833 13.915 -87.818 13.916
-87.9 13.894 -87.871 13.89
-87.925 13.88 -87.9 13.894
-87.955 13.892 -87.925 13.88
-88.015 13.866 -87.955 13.892
-88.349 13.891 -88.326 13.885
-88.36 13.872 -88.358 13.887 -88.349 13.891
-88.393 13.88 -88.36 13.872
-88.497 13.851 -88.47 13.852 -88.433 13.871 -88.393 13.88
-87.748 13.513 -87.726 13.499 -87.721 13.461 -87.738 13.442 -87.817 13.407
-87.769 13.506 -87.748 13.513
-85.048 14.606 -85.02 14.634 -85.054 14.663 -85.033 14.67 -85.025 14.713 -85.016 14.728 -84.984 14.752
-85.086 14.545 -85.065 14.554 -85.03 14.589 -85.022 14.606
-85.022 14.606 -85.048 14.606
-85.138 14.578 -85.119 14.574 -85.086 14.545
-85.348 14.249 -85.321 14.281 -85.288 14.295 -85.24 14.297 -85.19 14.31 -85.17 14.322 -85.158 14.338 -85.159 14.361 -85.172 14.381 -85.206 14.407 -85.178 14.428 -85.178 14.456 -85.152 14.486 -85.15 14.537 -85.138 14.578
-85.359 14.251 -85.348 14.249
-85.648 13.988 -85.648 13.999 -85.613 14.01 -85.594 14.033 -85.528 14.051 -85.511 14.094 -85.475 14.103 -85.432 14.133 -85.409 14.166 -85.384 14.226 -85.359 14.251
-86.02 14.055 -86.031 14.023 -86.028 13.996 -85.958 13.946 -85.929 13.912 -85.915 13.907
-86.41 13.749 -86.358 13.752 -86.325 13.764 -86.314 13.777 -86.3 13.821 -86.284 13.846 -86.219 13.914 -86.184 13.967 -86.15 13.984 -86.11 14.037 -86.097 14.044 -86.02 14.055
-85.65 13.988 -85.648 13.988
-85.658 13.982 -85.65 13.988
-85.666 13.984 -85.658 13.982
-85.699 13.961 -85.666 13.984
-85.727 13.965 -85.699 13.961
-85.742 13.824 -85.725 13.848 -85.723 13.863 -85.729 13.875 -85.744 13.88 -85.747 13.888 -85.727 13.965
-85.884 13.914 -85.862 13.904 -85.824 13.848 -85.802 13.84
-85.915 13.907 -85.884 13.914
-85.779 13.841 -85.758 13.839 -85.742 13.824
-85.802 13.84 -85.779 13.841
-86.542 13.782 -86.491 13.759
-86.663 13.765 -86.542 13.782
-86.448 13.773 -86.427 13.753 -86.41 13.749
-86.491 13.759 -86.448 13.773
-86.706 13.77 -86.663 13.765
-86.749 13.261 -86.712 13.286 -86.702 13.314 -86.71 13.349 -86.74 13.382 -86.724 13.439 -86.757 13.559 -86.752 13.624 -86.774 13.655 -86.77 13.725 -86.761 13.749 -86.727 13.768 -86.706 13.77
-86.833 13.293 -86.816 13.292 -86.749 13.261
-87.035 12.98 -87.03 12.996 -86.983 13.022 -86.948 13.07 -86.923 13.086 -86.92 13.096 -86.932 13.109 -86.924 13.161 -86.935 13.186 -86.919 13.23 -86.863 13.28 -86.833 13.293
-87.085 12.996 -87.035 12.98
-87.314 12.982 -87.085 12.996
-83.39 15.031 -83.355 15.01 -83.349 14.997
-83.459 14.982 -83.436 14.985 -83.415 14.997 -83.39 15.031
-83.499 15.013 -83.486 15.01 -83.459 14.982
-83.513 14.969 -83.506 14.997 -83.512 15.007 -83.499 15.013
-83.317 15.008 -83.273 15.003 -83.286 14.992 -83.266 14.982
-83.349 14.997 -83.334 15.006 -83.317 15.008
-83.144 14.995 -83.13 14.997
-83.177 14.997 -83.144 14.995
-83.218 14.982 -83.177 14.997
-83.262 14.983 -83.218 14.982
-83.266 14.982 -83.262 14.983
-83.523 14.978 -83.513 14.969
-83.527 14.948 -83.529 14.973 -83.523 14.978
-83.547 14.955 -83.527 14.948
-83.623 14.873 -83.616 14.873 -83.604 14.909 -83.54 14.942 -83.547 14.955
-83.672 14.89 -83.632 14.883 -83.623 14.873
-83.712 14.839 -83.705 14.839 -83.714 14.867 -83.711 14.878 -83.672 14.89
-83.734 14.853 -83.716 14.847 -83.712 14.839
-83.869 14.777 -83.84 14.797 -83.801 14.804 -83.821 14.825 -83.765 14.829 -83.745 14.837 -83.747 14.852 -83.734 14.853
-84.818 14.829 -84.792 14.821 -84.77 14.805 -84.755 14.781 -84.767 14.767 -84.747 14.764 -84.745 14.739 -84.725 14.726 -84.699 14.675
-84.984 14.752 -84.904 14.817 -84.818 14.829
-83.925 14.804 -83.897 14.78 -83.884 14.777
-84.024 14.758 -83.925 14.763 -83.93 14.772 -83.925 14.804
-84.104 14.794 -84.075 14.772 -84.065 14.77
-84.102 14.732 -84.095 14.744 -84.123 14.785 -84.104 14.794
-83.89 14.791 -83.869 14.777
-83.884 14.777 -83.89 14.791
-84.048 14.771 -84.041 14.76 -84.024 14.758
-84.065 14.77 -84.048 14.771
-84.249 14.759 -84.226 14.75 -84.183 14.714
-84.288 14.667 -84.267 14.678 -84.262 14.7 -84.267 14.747 -84.262 14.759 -84.249 14.759
-84.12 14.736 -84.102 14.732
-84.183 14.714 -84.144 14.722 -84.12 14.736
-84.363 14.716 -84.338 14.675 -84.288 14.667
-84.483 14.619 -84.408 14.649 -84.363 14.716
-84.681 14.685 -84.6 14.663 -84.527 14.66 -84.534 14.634
-84.699 14.675 -84.681 14.685
-84.519 14.638 -84.483 14.619
-84.534 14.634 -84.519 14.638
-78.829 1.434 -78.77 1.394 -78.749 1.365 -78.719 1.341 -78.684 1.282 -78.665 1.267 -78.641 1.259
-78.612 1.266 -78.602 1.264 -78.597 1.234 -78.576 1.212 -78.57 1.196
-78.641 1.259 -78.612 1.266
-78.541 1.205 -78.485 1.193 -78.373 1.074 -78.349 1.056 -78.25 1.02 -78.12 0.921 -78.078 0.901 -78.007 0.898 -77.928 0.872
-78.57 1.196 -78.541 1.205
-77.923 0.875 -77.909 0.864 -77.903 0.832 -77.893 0.823 -77.828 0.809
-77.928 0.872 -77.923 0.875
-77.728 0.843 -77.703 0.843 -77.673 0.82 -77.667 0.748 -77.646 0.716 -77.58 0.671 -77.543 0.656
-77.828 0.809 -77.728 0.843
-77.509 0.661 -77.468 0.651 -77.455 0.602 -77.448 0.497 -77.424 0.408 -77.397 0.388 -77.363 0.375 -77.256 0.353 -77.207 0.334
-77.543 0.656 -77.509 0.661
-76.3 0.462 -76.244 0.415 -76.178 0.4
-76.407 0.4 -76.365 0.407 -76.335 0.442 -76.3 0.462
-76.416 0.402 -76.407 0.4
-76.565 0.216 -76.525 0.231 -76.426 0.243 -76.408 0.255 -76.418 0.321 -76.416 0.402
-76.156 0.401 -76.136 0.397 -76.12 0.352
-76.178 0.4 -76.156 0.401
-76.053 0.364 -76.04 0.337 -75.972 0.252 -75.952 0.204 -75.927 0.181 -75.866 0.144 -75.858 0.13 -75.818 0.1 -75.773 0.078 -75.732 0.071
-76.12 0.352 -76.053 0.364
-77.117 0.358 -77.083 0.349 -77.045 0.306 -77.015 0.296 -76.975 0.295 -76.946 0.287 -76.897 0.245 -76.867 0.24
-77.207 0.334 -77.185 0.335 -77.117 0.358
-76.725 0.278 -76.627 0.259 -76.584 0.223 -76.565 0.216
-76.75 0.233 -76.734 0.233 -76.737 0.273 -76.725 0.278
-76.798 0.25 -76.75 0.233
-76.867 0.24 -76.798 0.25
-75.647 0.085 -75.627 0.079 -75.598 0.05 -75.57 0.038 -75.523 -0.004 -75.465 -0.04 -75.421 -0.062 -75.365 -0.073 -75.283 -0.107
-75.732 0.071 -75.647 0.085
-57.332 5.308 -57.332 5.328 -57.265 5.403 -57.257 5.464 -57.248 5.485
-57.298 5.311 -57.308 5.313
-57.308 5.313 -57.332 5.308
-57.272 5.223 -57.285 5.231 -57.292 5.311
-57.292 5.311 -57.298 5.311
-57.233 5.142 -57.202 5.158 -57.185 5.183 -57.192 5.203 -57.226 5.244 -57.238 5.269 -57.248 5.272
-57.248 5.272 -57.267 5.266 -57.269 5.257 -57.254 5.235 -57.256 5.228 -57.272 5.223
-57.278 5.177 -57.247 5.172 -57.233 5.142
-57.29 5.02 -57.28 5.026 -57.317 5.059 -57.321 5.07 -57.296 5.157 -57.289 5.171 -57.278 5.177
-57.315 5.026 -57.29 5.02
-57.49 4.991 -57.381 5.006 -57.315 5.026
-57.518 5.012 -57.49 4.991
-57.61 4.991 -57.566 5.007 -57.518 5.012
-57.649 5.008 -57.61 4.991
-57.798 4.923 -57.774 4.926 -57.762 4.936 -57.747 4.964 -57.72 4.99 -57.687 5.006 -57.649 5.008
-57.83 4.933 -57.798 4.923
-57.596 3.367 -57.65 3.386 -57.663 3.407 -57.661 3.47 -57.645 3.499 -57.644 3.517 -57.66 3.535 -57.703 3.556 -57.726 3.607 -57.83 3.662 -57.847 3.702 -57.854 3.767 -57.875 3.812 -57.942 3.905 -58.008 3.957 -58.032 3.988 -58.068 4.151 -58.066 4.172 -58.052 4.193 -57.954 4.299 -57.945 4.344 -57.957 4.391 -57.953 4.41 -57.922 4.451 -57.914 4.484 -57.879 4.557 -57.863 4.608 -57.837 4.651 -57.836 4.67 -57.871 4.722 -57.885 4.763 -57.918 4.782 -57.925 4.796 -57.919 4.83 -57.85 4.923 -57.83 4.933
-54.218 3.858 -54.241 3.876 -54.266 3.923 -54.293 3.95 -54.31 3.994 -54.344 4.025 -54.354 4.042 -54.355 4.067 -54.335 4.132 -54.339 4.152 -54.382 4.17 -54.407 4.192 -54.411 4.209 -54.393 4.244 -54.394 4.27 -54.403 4.313 -54.433 4.376 -54.451 4.484 -54.448 4.51 -54.423 4.563 -54.423 4.604 -54.438 4.649 -54.435 4.709 -54.447 4.728 -54.475 4.742 -54.479 4.755 -54.479 4.879 -54.487 4.903 -54.482 4.913 -54.451 4.937 -54.458 4.991 -54.449 5.024 -54.376 5.115 -54.365 5.139 -54.344 5.156 -54.332 5.196 -54.311 5.226 -54.269 5.269 -54.19 5.326 -54.171 5.348
-54.05 3.635 -54.074 3.676 -54.094 3.747 -54.126 3.789 -54.187 3.815 -54.215 3.858
-54.215 3.858 -54.218 3.858
-54.08 3.31 -54.069 3.327 -54.056 3.378 -54.019 3.415 -54.003 3.455 -54.006 3.531 -53.989 3.611 -53.995 3.624 -54.018 3.641
-54.018 3.641 -54.05 3.635
-65.745 -22.114 -65.775 -22.105 -65.805 -22.086 -65.933 -21.945 -65.954 -21.933 -66.047 -21.918 -66.064 -21.864 -66.094 -21.833 -66.138 -21.812 -66.222 -21.787
-66.222 -21.787 -66.24 -21.792 -66.288 -21.957 -66.297 -22.05 -66.31 -22.078
-62.65 -22.234 -62.659 -22.232 -62.667 -22.207 -62.679 -22.195 -62.722 -22.166 -62.769 -22.145 -62.783 -22.131 -62.791 -22.113 -62.804 -22.004 -62.862 -21.993
-62.862 -21.993 -63.01 -22.001
-63.74 -22.051 -63.813 -22.003 -63.906 -21.997
-63.906 -21.997 -63.951 -22.011 -63.968 -22.067 -63.996 -22.083 -64.004 -22.099 -64.02 -22.155 -64.051 -22.229 -64.086 -22.258 -64.161 -22.438 -64.185 -22.471 -64.236 -22.517 -64.251 -22.541 -64.294 -22.691 -64.295 -22.763 -64.327 -22.859 -64.325 -22.872
-63.01 -22.001 -63.639 -21.997
-63.639 -21.997 -63.694 -22.012 -63.74 -22.051
-66.31 -22.078 -66.314 -22.076
-66.314 -22.076 -66.335 -22.082 -66.353 -22.11 -66.377 -22.127 -66.627 -22.193 -66.641 -22.213
-65.457 -22.101 -65.58 -22.086
-65.58 -22.086 -65.605 -22.099 -65.745 -22.114
-64.723 -22.183 -64.762 -22.174 -64.832 -22.138 -65.02 -22.097
-65.02 -22.097 -65.457 -22.101
-64.325 -22.872 -64.344 -22.864 -64.348 -22.817 -64.36 -22.803 -64.352 -22.779 -64.356 -22.752 -64.369 -22.73 -64.402 -22.712 -64.428 -22.659 -64.454 -22.643 -64.449 -22.587 -64.43 -22.557 -64.428 -22.542 -64.498 -22.473 -64.508 -22.444 -64.531 -22.426 -64.525 -22.385 -64.559 -22.361 -64.572 -22.343 -64.542 -22.292 -64.552 -22.255 -64.596 -22.207 -64.616 -22.202 -64.658 -22.178 -64.687 -22.173
-64.687 -22.173 -64.723 -22.183
-66.641 -22.213 -66.699 -22.201
-66.699 -22.201 -66.736 -22.225 -66.749 -22.245 -66.768 -22.343 -66.791 -22.388 -66.785 -22.428 -66.909 -22.468 -66.935 -22.481 -66.965 -22.514 -66.994 -22.526
-66.994 -22.526 -67.016 -22.524
-67.016 -22.524 -67.033 -22.525 -67.027 -22.639 -67.038 -22.655 -67.113 -22.71 -67.143 -22.743 -67.194 -22.822
-62.276 -22.514 -62.281 -22.512 -62.287 -22.484 -62.368 -22.464 -62.438 -22.42 -62.471 -22.382 -62.523 -22.365 -62.565 -22.322 -62.625 -22.305 -62.633 -22.296 -62.62 -22.268 -62.626 -22.255 -62.62 -22.255 -62.632 -22.241 -62.65 -22.234
-62.203 -22.627 -62.253 -22.604 -62.253 -22.591 -62.233 -22.556 -62.241 -22.538 -62.269 -22.513
-62.269 -22.513 -62.276 -22.514
-61.667 -23.283 -61.689 -23.274 -61.704 -23.258 -61.744 -23.235 -61.758 -23.177 -61.814 -23.135 -61.845 -23.097 -61.956 -23.034 -61.992 -22.998 -62.009 -22.97 -62.006 -22.937 -62.036 -22.885 -62.081 -22.832 -62.085 -22.82 -62.116 -22.8 -62.126 -22.776 -62.153 -22.748 -62.171 -22.717 -62.188 -22.708 -62.176 -22.685 -62.195 -22.674 -62.188 -22.639 -62.197 -22.626
-62.197 -22.626 -62.203 -22.627
-61.208 -23.558 -61.243 -23.533 -61.273 -23.524 -61.297 -23.481 -61.362 -23.455 -61.399 -23.45 -61.452 -23.417 -61.501 -23.408 -61.51 -23.384 -61.526 -23.375 -61.516 -23.345 -61.555 -23.338 -61.605 -23.289 -61.62 -23.283
-61.62 -23.283 -61.667 -23.283
-60.975 -23.824 -61.016 -23.797 -61.036 -23.769 -61.05 -23.735 -61.066 -23.716 -61.093 -23.702 -61.119 -23.666 -61.106 -23.627 -61.11 -23.607 -61.139 -23.593 -61.188 -23.556
-61.188 -23.556 -61.208 -23.558
-60.817 -23.874 -60.838 -23.872 -60.9 -23.83 -60.937 -23.814
-60.937 -23.814 -60.975 -23.824
-60.69 -23.894 -60.729 -23.872
-60.729 -23.872 -60.817 -23.874
-60.423 -23.989 -60.485 -23.977 -60.536 -23.948 -60.578 -23.944 -60.595 -23.907 -60.644 -23.891
-60.644 -23.891 -60.69 -23.894
-60.328 -24.018 -60.387 -23.987
-60.387 -23.987 -60.423 -23.989
-58.323 -24.995 -58.336 -24.992 -58.351 -24.969 -58.451 -24.862 -58.473 -24.851 -58.694 -24.812 -58.708 -24.795 -58.737 -24.783 -58.809 -24.777 -59.001 -24.644 -59.033 -24.637 -59.072 -24.607 -59.117 -24.599 -59.206 -24.55 -59.248 -24.537 -59.27 -24.518 -59.295 -24.513 -59.308 -24.499 -59.341 -24.488 -59.378 -24.434 -59.426 -24.393 -59.45 -24.382 -59.466 -24.354 -59.51 -24.333 -59.54 -24.309 -59.611 -24.29 -59.674 -24.225 -60.034 -24.007 -60.052 -24.003
-60.052 -24.003 -60.143 -24.025 -60.218 -24.027
-60.218 -24.027 -60.296 -24.016
-60.296 -24.016 -60.328 -24.018
-58.124 -25.013 -58.134 -24.998 -58.224 -24.941
-58.224 -24.941 -58.243 -24.942 -58.287 -24.98 -58.323 -24.995
-58.032 -25.045 -58.112 -25.012
-58.112 -25.012 -58.124 -25.013
-57.639 -25.616 -57.623 -25.615 -57.616 -25.609 -57.612 -25.586 -57.575 -25.564 -57.557 -25.46 -57.565 -25.43 -57.641 -25.373 -57.671 -25.29 -57.702 -25.271 -57.722 -25.246 -57.766 -25.168 -57.812 -25.144 -57.871 -25.085 -57.89 -25.079 -57.984 -25.074 -58 -25.044 -58.01 -25.043
-58.01 -25.043 -58.032 -25.045
-54.6 -25.575 -54.602 -25.592 -54.586 -25.625 -54.583 -25.645 -54.598 -25.654
-57.668 -25.612 -57.639 -25.616
-57.698 -25.654 -57.679 -25.647 -57.668 -25.612
-54.598 -25.654 -54.634 -25.652
-54.634 -25.652 -54.643 -25.662 -54.643 -25.688 -54.617 -25.774 -54.588 -25.811 -54.59 -25.833 -54.615 -25.883 -54.606 -25.947 -54.615 -25.962 -54.648 -25.966 -54.662 -25.98 -54.643 -26.063 -54.643 -26.085 -54.664 -26.149 -54.638 -26.197 -54.664 -26.236 -54.664 -26.308 -54.683 -26.351 -54.698 -26.428 -54.737 -26.473 -54.78 -26.51 -54.79 -26.529 -54.78 -26.575 -54.785 -26.623 -54.793 -26.645 -54.817 -26.666
-57.709 -25.653 -57.698 -25.654
-58.124 -26.202 -58.106 -26.17 -58.097 -26.137 -58.087 -26.127 -57.988 -26.089 -57.873 -26.01 -57.86 -25.994 -57.86 -25.981 -57.906 -25.969 -57.898 -25.954 -57.863 -25.928 -57.851 -25.908 -57.852 -25.898 -57.875 -25.89 -57.875 -25.876 -57.833 -25.859 -57.802 -25.831 -57.821 -25.778 -57.787 -25.764 -57.751 -25.735 -57.74 -25.722 -57.761 -25.716 -57.775 -25.702 -57.741 -25.662 -57.709 -25.653
-58.151 -26.181 -58.133 -26.189 -58.124 -26.202
-58.196 -26.657 -58.179 -26.651 -58.192 -26.613 -58.165 -26.592 -58.185 -26.565 -58.213 -26.545 -58.217 -26.528 -58.206 -26.479 -58.185 -26.452 -58.21 -26.431 -58.213 -26.419 -58.168 -26.335 -58.17 -26.27 -58.106 -26.24 -58.107 -26.226 -58.149 -26.199 -58.151 -26.181
-58.232 -26.649 -58.196 -26.657
-58.259 -26.764 -58.248 -26.758 -58.245 -26.68 -58.232 -26.649
-54.817 -26.666 -54.835 -26.654
-54.835 -26.654 -54.903 -26.66 -54.92 -26.674 -54.951 -26.758 -54.975 -26.788 -55.061 -26.805 -55.126 -26.864 -55.133 -26.881 -55.119 -26.92 -55.122 -26.942 -55.138 -26.954 -55.162 -26.957
-58.271 -26.764 -58.259 -26.764
-58.289 -26.811 -58.275 -26.798 -58.288 -26.769 -58.271 -26.764
-58.323 -26.804 -58.289 -26.811
-58.512 -27.06 -58.501 -27.024 -58.467 -26.976 -58.482 -26.964 -58.484 -26.951 -58.475 -26.938 -58.46 -26.928 -58.394 -26.91 -58.375 -26.888 -58.329 -26.884 -58.316 -26.874 -58.322 -26.857 -58.352 -26.831 -58.34 -26.809 -58.323 -26.804
-55.162 -26.957 -55.201 -26.955 -55.257 -26.935 -55.281 -26.934
-55.281 -26.934 -55.329 -26.958 -55.376 -26.964 -55.414 -26.98 -55.443 -27.016 -55.451 -27.082 -55.462 -27.098 -55.486 -27.1
-58.536 -27.036 -58.527 -27.054 -58.512 -27.06
-58.604 -27.316 -58.602 -27.246 -58.614 -27.227 -58.652 -27.198 -58.658 -27.185 -58.653 -27.156 -58.639 -27.136 -58.616 -27.124 -58.565 -27.116 -58.56 -27.063 -58.536 -27.036
-55.486 -27.1 -55.514 -27.097
-55.514 -27.097 -55.534 -27.099 -55.545 -27.115 -55.555 -27.154 -55.598 -27.168 -55.599 -27.183 -55.575 -27.224 -55.569 -27.246 -55.584 -27.277 -55.582 -27.306 -55.591 -27.328 -55.607 -27.346 -55.654 -27.36 -55.682 -27.379 -55.717 -27.417 -55.755 -27.444
-58.129 -27.27 -58.238 -27.257
-58.238 -27.257 -58.511 -27.278 -58.604 -27.316
-57.488 -27.416 -57.536 -27.407 -57.709 -27.33 -57.812 -27.311 -57.944 -27.275 -58.054 -27.259
-58.054 -27.259 -58.129 -27.27
-55.985 -27.332 -56.074 -27.305 -56.125 -27.299
-56.125 -27.299 -56.169 -27.325 -56.205 -27.362 -56.28 -27.39 -56.285 -27.461 -56.297 -27.481 -56.336 -27.526 -56.368 -27.581 -56.4 -27.587
-55.755 -27.444 -55.854 -27.401 -55.893 -27.335 -55.913 -27.328
-55.913 -27.328 -55.985 -27.332
-57.109 -27.491 -57.191 -27.484 -57.227 -27.459 -57.292 -27.441 -57.335 -27.409 -57.36 -27.403
-57.36 -27.403 -57.488 -27.416
-56.771 -27.507 -56.807 -27.487 -56.869 -27.432 -56.904 -27.419
-56.904 -27.419 -56.941 -27.422 -57.076 -27.484 -57.109 -27.491
-56.4 -27.587 -56.431 -27.575 -56.461 -27.554 -56.546 -27.455 -56.613 -27.446
-56.613 -27.446 -56.683 -27.465 -56.734 -27.5 -56.771 -27.507
-57.86 -19.98 -57.896 -20.024 -57.918 -20.034
-57.918 -20.034 -57.959 -20.026
-57.959 -20.026 -57.976 -20.048 -58.022 -20.065 -58.054 -20.108 -58.086 -20.121 -58.104 -20.144 -58.159 -20.165
-58.159 -20.165 -58.158 -20.181 -58.152 -20.185
-58.144 -20.184 -58.121 -20.204 -58.119 -20.214 -58.155 -20.226 -58.163 -20.243 -58.156 -20.262 -58.137 -20.274
-58.152 -20.185 -58.144 -20.184
-58.11 -20.261 -58.09 -20.282 -58.1 -20.309 -58.098 -20.335 -58.083 -20.376 -58.046 -20.409 -57.989 -20.433 -58.008 -20.48 -58.009 -20.526 -57.993 -20.574 -57.991 -20.621 -57.973 -20.651 -57.981 -20.693 -57.965 -20.711
-58.137 -20.274 -58.12 -20.261 -58.11 -20.261
-57.934 -20.667 -57.904 -20.679 -57.891 -20.706 -57.86 -20.73 -57.858 -20.74 -57.877 -20.752 -57.899 -20.757 -57.94 -20.794 -57.934 -20.8 -57.888 -20.806 -57.86 -20.832 -57.857 -20.85 -57.909 -20.882 -57.918 -20.894 -57.915 -20.906 -57.898 -20.915
-57.965 -20.711 -57.956 -20.71 -57.947 -20.675 -57.934 -20.667
-57.893 -20.915 -57.847 -20.956
-57.898 -20.915 -57.893 -20.915
-57.836 -20.939 -57.818 -20.954 -57.816 -20.975 -57.852 -21.038 -57.852 -21.052 -57.836 -21.082 -57.83 -21.127 -57.834 -21.174 -57.848 -21.216 -57.871 -21.248 -57.904 -21.275 -57.905 -21.287 -57.882 -21.316 -57.856 -21.331 -57.863 -21.357 -57.93 -21.453 -57.949 -21.508 -57.948 -21.531 -57.94 -21.548 -57.912 -21.564 -57.939 -21.624 -57.935 -21.641 -57.896 -21.688 -57.939 -21.755 -57.936 -21.812 -57.956 -21.851 -57.933 -21.882 -57.925 -21.905 -57.963 -21.967 -57.988 -22.049 -57.986 -22.074 -57.961 -22.09 -57.94 -22.118 -57.906 -22.129
-57.847 -20.956 -57.84 -20.956 -57.836 -20.939
-56.422 -22.074 -56.408 -22.076 -56.397 -22.086 -56.371 -22.147 -56.347 -22.18 -56.317 -22.208 -56.261 -22.239 -56.214 -22.275 -56.025 -22.287
-56.649 -22.263 -56.644 -22.255 -56.655 -22.237 -56.585 -22.191 -56.522 -22.1 -56.494 -22.087 -56.422 -22.074
-57.664 -22.101 -57.654 -22.105 -57.627 -22.165 -57.614 -22.177 -57.597 -22.181
-57.69 -22.109 -57.664 -22.101
-57.736 -22.104 -57.69 -22.109
-57.76 -22.111 -57.736 -22.104
-57.77 -22.107 -57.76 -22.111
-57.795 -22.131 -57.775 -22.124 -57.776 -22.111 -57.77 -22.107
-57.871 -22.121 -57.844 -22.144
-57.906 -22.129 -57.871 -22.121
-57.816 -22.128 -57.795 -22.131
-57.844 -22.144 -57.816 -22.128
-57.555 -22.17 -57.535 -22.174 -57.511 -22.189
-57.597 -22.181 -57.555 -22.17
-57.472 -22.18 -57.432 -22.189 -57.379 -22.213
-57.511 -22.189 -57.472 -22.18
-57.214 -22.188 -57.206 -22.207 -57.19 -22.214
-57.272 -22.214 -57.252 -22.211 -57.227 -22.191 -57.214 -22.188
-57.332 -22.202 -57.272 -22.214
-57.351 -22.217 -57.34 -22.217 -57.332 -22.202
-57.17 -22.206 -57.124 -22.219 -57.108 -22.234 -57.079 -22.239
-57.19 -22.214 -57.17 -22.206
-57.375 -22.207 -57.351 -22.217
-57.379 -22.213 -57.375 -22.207
-56.715 -22.215 -56.699 -22.224 -56.665 -22.26 -56.649 -22.263
-56.744 -22.25 -56.733 -22.244 -56.715 -22.215
-57.059 -22.233 -57.028 -22.235
-57.079 -22.239 -57.059 -22.233
-57.011 -22.234 -56.976 -22.242
-57.028 -22.235 -57.011 -22.234
-56.965 -22.235 -56.965 -22.251 -56.961 -22.255
-56.976 -22.242 -56.965 -22.235
-56.904 -22.237 -56.892 -22.252 -56.88 -22.29 -56.856 -22.293
-56.915 -22.263 -56.904 -22.237
-56.754 -22.243 -56.744 -22.25
-56.795 -22.253 -56.754 -22.243
-56.808 -22.248 -56.795 -22.253
-56.856 -22.293 -56.843 -22.289 -56.808 -22.248
-56.952 -22.254 -56.915 -22.263
-56.961 -22.255 -56.952 -22.254
-55.999 -22.277 -55.955 -22.301 -55.893 -22.307 -55.874 -22.317
-56.025 -22.287 -55.999 -22.277
-55.861 -22.29 -55.811 -22.353 -55.76 -22.392 -55.752 -22.416 -55.741 -22.537 -55.724 -22.57 -55.698 -22.596 -55.631 -22.627 -55.624 -22.639 -55.62 -22.659 -55.628 -22.692 -55.618 -22.726 -55.659 -22.818 -55.657 -22.856 -55.634 -22.933 -55.638 -23.001 -55.601 -23.045 -55.595 -23.064 -55.599 -23.117 -55.589 -23.13 -55.561 -23.146 -55.535 -23.229 -55.536 -23.246 -55.562 -23.308 -55.556 -23.33 -55.514 -23.379 -55.516 -23.41 -55.542 -23.466 -55.531 -23.603 -55.467 -23.673 -55.445 -23.735 -55.43 -23.929 -55.421 -23.955 -55.398 -23.977 -55.367 -23.99 -55.273 -24
-55.874 -22.317 -55.861 -22.29
-54.639 -23.804 -54.613 -23.811 -54.443 -23.9 -54.423 -23.914 -54.368 -23.985 -54.245 -24.051 -54.301 -24.09 -54.325 -24.118 -54.335 -24.149 -54.319 -24.197 -54.314 -24.234 -54.283 -24.275 -54.261 -24.329 -54.262 -24.359 -54.272 -24.389 -54.323 -24.464 -54.335 -24.497 -54.321 -24.628 -54.371 -24.767 -54.407 -24.821 -54.462 -25.037 -54.463 -25.073 -54.43 -25.131 -54.427 -25.149 -54.436 -25.167 -54.481 -25.213 -54.504 -25.279 -54.547 -25.337 -54.576 -25.36 -54.598 -25.398 -54.61 -25.433 -54.612 -25.466 -54.591 -25.525 -54.6 -25.575
-55.042 -23.989 -54.995 -23.973 -54.944 -23.969 -54.927 -23.96 -54.892 -23.921 -54.827 -23.887 -54.697 -23.845 -54.639 -23.804
-55.106 -23.989 -55.042 -23.989
-55.201 -24.02 -55.165 -24.017 -55.106 -23.989
-55.273 -24 -55.272 -24.001
-55.272 -24.001 -55.201 -24.02
-54.116 -25.495 -54.107 -25.501 -54.126 -25.552 -54.123 -25.572 -54.109 -25.59 -54.09 -25.597
-54.178 -25.536 -54.154 -25.528 -54.116 -25.495
-54.207 -25.528 -54.178 -25.536
-54.21 -25.582 -54.19 -25.581 -54.215 -25.531 -54.207 -25.528
-54.083 -25.55 -54.055 -25.571
-54.09 -25.597 -54.089 -25.559 -54.083 -25.55
-54.299 -25.553 -54.284 -25.557 -54.256 -25.599
-54.36 -25.584 -54.35 -25.582 -54.322 -25.555 -54.299 -25.553
-54.03 -25.562 -53.997 -25.575 -53.985 -25.589 -53.968 -25.653
-54.055 -25.571 -54.03 -25.562
-54.56 -25.57 -54.546 -25.575 -54.532 -25.611
-54.6 -25.575 -54.56 -25.57
-54.235 -25.577 -54.21 -25.582
-54.256 -25.599 -54.244 -25.578 -54.235 -25.577
-54.386 -25.577 -54.36 -25.584
-54.447 -25.689 -54.433 -25.677 -54.437 -25.645 -54.405 -25.62 -54.403 -25.59 -54.386 -25.577
-54.511 -25.606 -54.473 -25.626 -54.461 -25.642 -54.457 -25.673 -54.447 -25.689
-54.532 -25.611 -54.511 -25.606
-53.91 -25.629 -53.898 -25.639 -53.876 -25.698 -53.886 -25.723 -53.883 -25.736 -53.849 -25.773 -53.84 -25.791 -53.842 -25.868 -53.83 -25.921 -53.833 -25.962 -53.765 -26.028 -53.733 -26.126 -53.667 -26.219 -53.662 -26.26 -53.673 -26.293 -53.716 -26.347 -53.724 -26.376 -53.713 -26.5 -53.737 -26.525 -53.728 -26.552
-53.968 -25.653 -53.948 -25.651 -53.91 -25.629
-53.727 -26.549 -53.742 -26.601 -53.74 -26.676 -53.746 -26.694 -53.772 -26.704 -53.774 -26.714 -53.77 -26.727 -53.748 -26.739 -53.753 -26.773 -53.734 -26.777 -53.711 -26.874 -53.713 -26.905 -53.725 -26.94 -53.768 -27.024 -53.801 -27.039 -53.805 -27.094 -53.829 -27.114 -53.819 -27.14 -53.83 -27.157 -53.842 -27.164
-53.728 -26.552 -53.727 -26.549
-53.842 -27.164 -53.869 -27.126 -53.882 -27.12
-53.882 -27.12 -53.909 -27.168
-53.909 -27.168 -53.925 -27.166 -53.951 -27.148
-53.951 -27.148 -53.964 -27.154 -53.962 -27.191 -53.981 -27.196
-53.981 -27.196 -53.997 -27.187
-53.997 -27.187 -54.011 -27.194 -54.018 -27.212 -54.092 -27.285 -54.128 -27.289
-54.128 -27.289 -54.158 -27.279 -54.156 -27.258 -54.177 -27.243
-54.177 -27.243 -54.232 -27.352 -54.232 -27.381 -54.261 -27.389 -54.287 -27.428 -54.307 -27.429
-54.307 -27.429 -54.348 -27.394
-54.348 -27.394 -54.348 -27.436 -54.363 -27.454 -54.372 -27.454
-54.372 -27.454 -54.379 -27.423 -54.389 -27.411 -54.404 -27.407
-54.404 -27.407 -54.461 -27.413 -54.465 -27.423 -54.448 -27.446 -54.448 -27.459 -54.469 -27.47 -54.534 -27.487
-54.534 -27.487 -54.554 -27.483 -54.571 -27.456 -54.584 -27.452
-54.584 -27.452 -54.605 -27.468 -54.626 -27.515 -54.64 -27.527
-54.64 -27.527 -54.651 -27.526 -54.659 -27.503
-54.659 -27.503 -54.673 -27.51 -54.677 -27.542 -54.7 -27.553
-54.774 -27.564 -54.794 -27.549 -54.787 -27.534 -54.792 -27.523
-54.792 -27.523 -54.805 -27.526 -54.828 -27.545 -54.845 -27.612 -54.865 -27.621
-54.7 -27.553 -54.722 -27.551
-54.722 -27.551 -54.774 -27.564
-54.865 -27.621 -54.89 -27.621
-54.89 -27.621 -54.898 -27.624 -54.902 -27.704 -54.913 -27.737 -54.933 -27.744 -54.985 -27.785 -55.009 -27.788
-55.009 -27.788 -55.064 -27.771
-55.064 -27.771 -55.081 -27.778 -55.026 -27.84 -55.03 -27.851 -55.046 -27.851
-55.046 -27.851 -55.068 -27.839
-55.068 -27.839 -55.109 -27.847 -55.119 -27.881
-55.119 -27.881 -55.14 -27.877 -55.161 -27.858 -55.178 -27.854
-55.178 -27.854 -55.198 -27.861 -55.224 -27.894 -55.27 -27.922
-55.27 -27.922 -55.302 -27.914
-55.302 -27.914 -55.314 -27.915 -55.33 -27.928 -55.338 -27.963 -55.381 -27.978 -55.383 -28.014 -55.441 -28.079 -55.475 -28.086
-55.475 -28.086 -55.493 -28.074
-55.493 -28.074 -55.506 -28.079 -55.52 -28.107 -55.544 -28.124 -55.553 -28.146 -55.565 -28.148
-55.565 -28.148 -55.577 -28.144 -55.582 -28.121 -55.605 -28.117
-55.605 -28.117 -55.624 -28.146 -55.684 -28.196 -55.748 -28.216 -55.773 -28.232 -55.767 -28.258 -55.687 -28.29 -55.664 -28.327 -55.684 -28.388 -55.706 -28.408
-55.706 -28.408 -55.715 -28.404 -55.719 -28.385 -55.735 -28.366 -55.842 -28.346
-55.842 -28.346 -55.887 -28.363 -55.906 -28.378 -55.897 -28.407 -55.897 -28.453 -55.902 -28.465 -56.012 -28.497 -56.021 -28.51 -56.022 -28.586 -56.041 -28.609 -56.103 -28.648 -56.185 -28.744 -56.218 -28.764 -56.286 -28.78 -56.295 -28.796 -56.301 -28.881 -56.323 -28.916 -56.392 -28.952 -56.411 -28.991 -56.416 -29.051 -56.428 -29.07 -56.513 -29.094 -56.548 -29.11 -56.617 -29.161 -56.651 -29.209 -56.657 -29.238 -56.65 -29.251 -56.689 -29.33 -56.77 -29.379 -56.781 -29.395 -56.783 -29.426 -56.8 -29.434 -56.819 -29.475 -56.897 -29.536 -56.912 -29.558 -56.966 -29.601 -56.979 -29.635 -57.009 -29.663 -57.021 -29.683 -57.113 -29.766 -57.22 -29.778 -57.263 -29.793 -57.292 -29.815 -57.309 -29.849 -57.319 -29.966 -57.325 -29.981 -57.411 -30.04 -57.506 -30.144 -57.549 -30.17 -57.612 -30.183
-57.612 -30.183 -57.634 -30.184 -57.642 -30.193
20.623 69.036 20.675 69.018 20.795 69.011 20.864 68.986 20.911 68.981 20.935 68.967 20.934 68.949 20.918 68.933 20.888 68.927 20.885 68.907 20.906 68.895 21.072 68.869 21.217 68.817 21.305 68.756 21.406 68.749 21.464 68.687 21.496 68.675 21.572 68.667 21.717 68.619 21.737 68.588 21.919 68.568 22.036 68.507 22.038 68.488 22.072 68.477 22.303 68.476 22.371 68.468 22.378 68.454 22.457 68.452 22.608 68.425
22.662 68.427 22.749 68.385
22.608 68.425 22.662 68.427
22.808 68.395 22.833 68.385 22.875 68.351 22.904 68.337 23.067 68.29 23.082 68.265 23.14 68.234 23.155 68.217 23.149 68.194 23.16 68.179 23.149 68.139 23.152 68.13 23.166 68.122
22.749 68.385 22.808 68.395
23.307 68.146 23.331 68.128 23.383 68.051 23.485 68.016 23.574 67.973 23.643 67.963 23.662 67.95 23.661 67.933 23.636 67.913 23.533 67.893 23.499 67.882 23.481 67.865 23.477 67.841 23.485 67.796 23.485 67.737 23.519 67.653 23.55 67.611 23.554 67.587 23.473 67.555 23.485 67.543 23.443 67.505 23.431 67.486 23.444 67.461 23.477 67.444
23.166 68.122 23.187 68.122 23.272 68.145 23.307 68.146
23.595 67.454 23.663 67.436 23.753 67.427 23.765 67.42 23.763 67.398 23.751 67.37 23.751 67.346 23.786 67.338 23.763 67.306 23.735 67.29 23.622 67.269 23.603 67.26 23.591 67.225 23.597 67.218 23.615 67.214 23.598 67.19 23.574 67.173 23.581 67.153 23.667 67.098 23.677 67.058 23.72 67.017 23.744 67.001 23.792 66.989 23.817 66.975 23.874 66.925 23.933 66.889 24.001 66.812 23.999 66.796 23.984 66.793
23.477 67.444 23.595 67.454
23.984 66.793 23.961 66.794
23.961 66.794 23.939 66.791 23.925 66.773 23.892 66.751 23.903 66.686 23.882 66.632 23.893 66.596 23.891 66.579 23.882 66.564 23.808 66.539 23.806 66.528 23.786 66.518 23.731 66.503 23.731 66.487 23.677 66.474 23.652 66.459 23.642 66.436 23.666 66.406 23.677 66.364 23.663 66.317 23.689 66.257 23.724 66.207 23.786 66.177 23.889 66.161 23.911 66.149 23.975 66.073 24.02 66.049 24.055 65.985 24.055 65.948 24.102 65.909 24.124 65.869 24.163 65.841 24.163 65.823
3.454 51.236 3.392 51.247 3.367 51.263 3.353 51.289 3.358 51.337 3.349 51.375
4.221 51.368 4.208 51.331 4.169 51.297 4.119 51.272 3.995 51.233 3.949 51.211 3.809 51.205
3.809 51.205 3.781 51.22 3.776 51.255 3.61 51.29
3.61 51.29 3.514 51.281 3.503 51.274 3.501 51.24 3.454 51.236
4.823 51.414 4.815 51.431 4.826 51.461 4.824 51.476 4.797 51.491 4.764 51.496
4.764 51.496 4.731 51.486 4.654 51.426 4.615 51.418
4.554 51.419 4.522 51.429 4.533 51.468 4.525 51.476 4.513 51.477
4.513 51.477 4.429 51.462 4.377 51.443 4.389 51.435 4.38 51.41 4.416 51.374 4.411 51.357 4.392 51.35
5.14 51.307 5.123 51.313 5.103 51.351 5.068 51.375 5.062 51.384 5.065 51.406 5.08 51.439 5.06 51.462 5.028 51.477
5.028 51.477 5.012 51.474 4.996 51.447 4.957 51.411 4.932 51.396 4.91 51.392
4.779 51.426 4.823 51.414
4.91 51.392 4.853 51.406 4.783 51.408 4.762 51.413 4.768 51.425 4.779 51.426
4.615 51.418 4.583 51.423
4.583 51.423 4.554 51.419
4.392 51.35 4.346 51.352 4.29 51.369 4.261 51.369
5.233 51.256 5.215 51.259 5.215 51.294 5.197 51.308 5.179 51.31
5.179 51.31 5.14 51.307
5.659 51.179 5.625 51.197 5.568 51.208 5.546 51.22 5.535 51.262 5.517 51.277 5.472 51.288
5.472 51.288 5.389 51.259
5.389 51.259 5.271 51.262
5.271 51.262 5.233 51.256
5.781 51.152 5.747 51.178 5.718 51.185
5.718 51.185 5.659 51.179
5.816 51.096 5.846 51.103 5.823 51.119 5.826 51.13 5.841 51.139 5.838 51.144 5.829 51.156 5.812 51.157
5.812 51.157 5.781 51.152
5.805 51.097 5.816 51.096
5.791 51.055 5.812 51.082 5.805 51.097
5.78 51.061 5.791 51.055
5.722 50.959 5.778 51.024 5.764 51.035 5.771 51.058 5.78 51.061
5.717 50.753 5.688 50.761 5.7 50.796 5.641 50.815 5.624 50.83 5.622 50.853 5.694 50.904 5.722 50.912 5.764 50.959 5.745 50.963
5.745 50.963 5.722 50.959
5.793 50.752 5.752 50.773
5.752 50.773 5.728 50.754 5.717 50.753
5.975 50.748 5.88 50.754
5.88 50.754 5.793 50.752
5.995 50.75 5.975 50.748
9.547 47.535 9.55 47.534
8.558 47.801 8.602 47.795 8.608 47.762 8.617 47.757
8.483 47.767 8.552 47.779 8.542 47.795 8.558 47.801
8.644 47.791 8.657 47.788 8.682 47.759 8.692 47.757
8.617 47.757 8.63 47.763 8.635 47.785 8.644 47.791
8.472 47.767 8.483 47.767
8.458 47.64 8.391 47.665 8.398 47.676 8.391 47.692 8.402 47.707 8.438 47.723 8.45 47.75 8.472 47.767
8.703 47.759 8.713 47.757 8.72 47.747 8.7 47.723 8.717 47.695
8.692 47.757 8.703 47.759
8.771 47.721 8.798 47.72 8.83 47.707 8.856 47.691 8.838 47.688 8.838 47.681 8.882 47.656 8.906 47.652
8.717 47.695 8.77 47.695 8.762 47.701 8.771 47.721
9.017 47.679 9.128 47.67
8.906 47.652 8.982 47.662 9.017 47.679
9.183 47.67 9.197 47.656
9.128 47.67 9.183 47.67
8.602 47.633 8.607 47.656 8.568 47.663
8.568 47.663 8.52 47.657 8.476 47.64 8.458 47.64
9.234 47.656 9.273 47.65 9.547 47.535
9.197 47.656 9.234 47.656
8.594 47.643 8.602 47.633
8.561 47.589 8.581 47.6 8.578 47.633 8.594 47.643
8.251 47.622 8.289 47.616 8.316 47.588 8.354 47.581 8.418 47.581
7.912 47.561 8.042 47.561 8.087 47.567 8.114 47.588 8.162 47.604 8.179 47.616 8.251 47.622
8.522 47.622 8.561 47.589
8.418 47.581 8.449 47.584 8.462 47.606 8.492 47.62 8.522 47.622
7.66 47.597 7.647 47.572 7.636 47.565
7.586 47.585 7.66 47.597
7.82 47.595 7.898 47.588 7.912 47.561
7.683 47.544 7.767 47.556 7.786 47.563 7.82 47.595
7.636 47.565 7.61 47.565
7.61 47.565 7.683 47.544
6.392 49.467 6.495 49.436 6.512 49.425 6.519 49.402 6.578 49.356 6.573 49.348 6.556 49.347 6.55 49.338 6.556 49.326 6.64 49.271 6.64 49.253 6.664 49.244 6.681 49.207
6.354 49.455 6.392 49.467
6.703 49.214 6.709 49.198 6.701 49.173 6.714 49.159 6.77 49.155 6.809 49.146
6.681 49.207 6.703 49.214
6.843 49.211 6.885 49.205
6.809 49.146 6.822 49.148 6.839 49.163 6.828 49.196 6.833 49.209 6.843 49.211
6.914 49.207 6.988 49.182 7.009 49.182 7.009 49.146 7.021 49.119 7.043 49.108
6.885 49.205 6.914 49.207
7.391 49.17 7.41 49.169 7.415 49.158 7.476 49.152 7.483 49.137 7.471 49.128 7.521 49.084 7.609 49.062 7.626 49.043 7.649 49.036
7.274 49.105 7.297 49.128 7.334 49.134 7.351 49.159 7.391 49.17
7.08 49.142 7.155 49.114 7.241 49.114 7.274 49.105
7.043 49.108 7.073 49.12 7.071 49.136 7.08 49.142
7.774 49.048 7.857 49.032
7.727 49.036 7.774 49.048
7.685 49.043 7.727 49.036
7.649 49.036 7.685 49.043
7.914 49.036 7.932 49.035 8.09 48.979 8.189 48.966 8.2 48.959 8.179 48.943 8.148 48.904 8.09 48.808 8.039 48.791 8.017 48.762 7.97 48.757 7.959 48.721 7.896 48.677 7.852 48.659 7.81 48.615 7.802 48.582 7.802 48.548 7.813 48.519 7.776 48.498 7.769 48.47 7.751 48.444 7.738 48.407 7.751 48.341 7.737 48.327 7.702 48.311 7.687 48.253 7.613 48.179 7.605 48.153 7.586 48.13 7.573 48.095 7.576 48.054 7.619 48.003 7.621 47.971 7.585 47.94 7.579 47.906 7.559 47.883 7.562 47.839 7.543 47.829 7.526 47.783 7.538 47.748 7.538 47.732 7.512 47.707 7.518 47.675 7.537 47.665 7.59 47.608 7.586 47.585
7.857 49.032 7.914 49.036
9.521 47.263 9.587 47.328 9.601 47.361 9.65 47.41 9.65 47.452 9.622 47.469 9.585 47.481 9.555 47.511 9.547 47.535
9.561 47.052 9.477 47.064 9.476 47.073 9.512 47.108 9.512 47.129 9.485 47.176 9.487 47.21 9.521 47.263
9.581 47.057 9.561 47.052
7.502 47.533 7.483 47.542 7.526 47.566 7.586 47.585
7.493 47.515 7.505 47.523 7.505 47.533
7.505 47.533 7.502 47.533
7.483 47.517 7.493 47.515
7.467 47.482 7.486 47.496 7.476 47.512 7.483 47.517
7.01 47.499 7.054 47.49
6.867 47.354 6.884 47.383 6.925 47.406 6.926 47.425 6.952 47.429 6.983 47.444 6.991 47.452 6.973 47.489 7.01 47.499
7.104 47.496 7.154 47.486
7.054 47.49 7.104 47.496
7.426 47.493 7.467 47.482
7.379 47.431 7.406 47.438 7.426 47.456 7.428 47.471 7.414 47.49 7.426 47.493
7.181 47.488 7.163 47.46 7.168 47.444 7.219 47.428 7.238 47.417
7.154 47.486 7.181 47.488
7.309 47.433 7.379 47.431
7.238 47.417 7.309 47.433
6.062 46.241 6.09 46.246 6.094 46.253 6.101 46.301 6.136 46.359 6.135 46.37 6.108 46.396 6.054 46.419 6.068 46.434 6.06 46.46 6.064 46.471 6.146 46.552 6.122 46.57 6.118 46.583 6.266 46.68 6.338 46.707 6.374 46.734 6.429 46.761 6.433 46.786 6.417 46.802 6.447 46.858 6.445 46.883 6.428 46.909 6.443 46.944 6.491 46.963 6.599 46.987 6.665 47.021 6.688 47.044 6.676 47.062 6.699 47.085 6.746 47.104 6.745 47.121 6.775 47.128 6.84 47.17 6.888 47.211 6.956 47.245 6.952 47.27 6.959 47.291 7.006 47.319 7.037 47.33 7.044 47.34 7.004 47.368
7.004 47.368 6.986 47.362 6.867 47.354
6.849 46.085 6.869 46.112 6.854 46.123 6.774 46.135 6.766 46.152 6.792 46.222 6.828 46.269 6.75 46.346 6.756 46.357 6.782 46.378 6.789 46.395 6.787 46.414 6.763 46.429 6.614 46.456 6.547 46.457
6.547 46.457 6.483 46.449 6.398 46.408 6.302 46.394 6.269 46.375 6.219 46.329 6.214 46.315 6.238 46.268 6.252 46.26
6.269 46.265 6.276 46.263 6.281 46.24 6.255 46.221 6.191 46.192 6.14 46.15 6.108 46.139
6.252 46.26 6.269 46.265
6.046 46.244 6.062 46.241
5.959 46.13 5.983 46.171 5.955 46.2 5.959 46.212 6.046 46.244
6.108 46.139 6.074 46.149
6.074 46.149 6.028 46.148 5.959 46.13
6.869 46.044 6.851 46.05 6.851 46.086
6.851 46.086 6.849 46.085
7.022 45.925 6.988 45.993 6.915 46.049 6.892 46.056
6.892 46.056 6.869 46.044
-7.27 38.618 -7.291 38.638 -7.293 38.656 -7.284 38.713 -7.27 38.738 -7.18 38.791 -7.151 38.819 -7.105 38.827
13.784 48.715 13.816 48.766
13.737 48.559 13.774 48.569 13.802 48.612 13.806 48.643 13.801 48.675 13.804 48.687 13.817 48.696 13.799 48.703 13.789 48.717
13.789 48.717 13.784 48.715
13.521 48.585 13.624 48.565 13.658 48.551 13.673 48.535 13.717 48.522
12.758 48.122 12.782 48.142 12.822 48.161 12.863 48.197 12.933 48.209 13.033 48.264 13.136 48.291 13.274 48.307 13.308 48.32 13.406 48.377 13.42 48.392 13.436 48.431 13.438 48.479 13.459 48.516 13.44 48.561 13.455 48.573 13.521 48.585
13.734 48.56 13.737 48.559
13.717 48.522 13.734 48.56
12.751 48.122 12.758 48.122
12.964 47.705 12.908 47.712 12.892 47.724 12.917 47.75 12.927 47.777 12.991 47.847 12.965 47.872 12.931 47.925 12.862 47.963 12.831 48.015 12.751 48.075 12.737 48.1 12.739 48.113 12.751 48.122
12.242 47.732 12.223 47.696 12.239 47.679
12.166 47.604 12.202 47.63 12.207 47.646 12.205 47.672 12.182 47.692 12.177 47.706 12.242 47.732
13.041 47.583 13.072 47.622 13.072 47.659 13.032 47.707 13.004 47.715
13.004 47.715 12.964 47.705
12.408 47.694 12.424 47.692 12.453 47.65 12.497 47.629 12.517 47.629
12.351 47.682 12.408 47.694
12.294 47.69 12.351 47.682
12.239 47.679 12.294 47.69
12.689 47.675 12.745 47.665
12.517 47.629 12.554 47.636 12.617 47.669 12.689 47.675
12.762 47.667 12.752 47.649 12.813 47.612 12.786 47.603 12.774 47.58 12.779 47.555 12.804 47.541 12.828 47.537 12.883 47.499 12.943 47.47
12.745 47.665 12.762 47.667
11.936 47.611 12.166 47.604
11.82 47.575 11.831 47.578 11.841 47.595 11.852 47.599 11.936 47.611
11.62 47.59 11.82 47.575
11.483 47.503 11.551 47.514 11.569 47.527 11.589 47.57 11.62 47.59
9.782 47.588 9.808 47.576 9.813 47.542 9.833 47.535
9.613 47.522 9.677 47.523 9.704 47.531 9.753 47.582 9.782 47.588
13.038 47.584 13.041 47.583
13.039 47.561 13.038 47.584
10.454 47.581 10.462 47.57 10.452 47.555 10.459 47.542 10.525 47.528
10.16 47.271 10.239 47.278 10.306 47.302 10.343 47.331 10.372 47.367 10.412 47.381 10.428 47.396 10.452 47.439 10.452 47.46 10.442 47.481 10.42 47.493 10.431 47.542 10.414 47.573 10.454 47.581
10.584 47.562 10.608 47.562 10.74 47.528 10.761 47.514
10.525 47.528 10.55 47.537 10.584 47.562
12.991 47.466 13.009 47.47 13.037 47.493 13.028 47.542 13.041 47.562
13.041 47.562 13.039 47.561
9.859 47.541 9.919 47.532
9.833 47.535 9.859 47.541
9.946 47.541 9.949 47.524 9.972 47.506 9.983 47.481 9.994 47.477
9.919 47.532 9.946 47.541
9.55 47.534 9.613 47.522
10.845 47.531 10.892 47.515 10.852 47.493 10.858 47.485 10.91 47.469 10.96 47.433 10.963 47.421 10.955 47.41 10.966 47.396 10.979 47.391 11.084 47.39
10.761 47.514 10.845 47.531
11.435 47.51 11.483 47.503
11.237 47.394 11.259 47.401 11.306 47.435 11.384 47.445 11.392 47.455 11.389 47.462 11.365 47.469 11.413 47.506 11.435 47.51
10.023 47.488 10.081 47.427 10.076 47.417 10.053 47.405 10.064 47.396 10.073 47.365 10.083 47.359
9.994 47.477 10.023 47.488
12.97 47.476 12.991 47.466
12.943 47.47 12.97 47.476
11.194 47.429 11.215 47.423 11.213 47.396 11.237 47.394
11.084 47.39 11.169 47.424 11.194 47.429
10.191 47.379 10.209 47.372 10.209 47.354 10.19 47.317 10.191 47.298 10.169 47.29 10.155 47.273 10.16 47.271
10.131 47.363 10.147 47.374 10.191 47.379
10.11 47.367 10.131 47.363
10.083 47.359 10.11 47.367
16.094 46.863 15.972 46.821 15.978 46.809 15.971 46.743 15.982 46.719 16.003 46.709 16.015 46.694 16.017 46.671
16.017 46.671 15.987 46.692 15.946 46.697 15.879 46.721 15.851 46.724
15.851 46.724 15.729 46.703
15.729 46.703 15.652 46.711 15.636 46.718
15.636 46.718 15.627 46.681 15.604 46.673
15.604 46.673 15.589 46.676
15.589 46.676 15.546 46.672 15.531 46.664 15.511 46.628 15.493 46.618 15.463 46.615
15.205 46.639 15.062 46.65
15.062 46.65 15.004 46.637 14.967 46.6
15.463 46.615 15.418 46.638 15.388 46.646
15.388 46.646 15.205 46.639
14.967 46.6 14.948 46.619 14.934 46.621
14.934 46.621 14.898 46.606 14.877 46.604
14.877 46.604 14.863 46.605
14.863 46.605 14.85 46.601 14.834 46.584 14.789 46.507 14.735 46.493
13.782 46.508 13.701 46.52
13.999 46.481 13.891 46.512 13.861 46.515
13.861 46.515 13.782 46.508
14.735 46.493 14.726 46.498
14.726 46.498 14.704 46.488 14.68 46.459
14.362 46.436 14.15 46.44 14.081 46.476 14.032 46.485
14.032 46.485 13.999 46.481
14.68 46.459 14.667 46.461
14.667 46.461 14.632 46.441 14.59 46.434 14.575 46.42 14.558 46.384 14.54 46.379
14.468 46.413 14.42 46.424 14.406 46.439 14.396 46.441
14.396 46.441 14.362 46.436
14.54 46.379 14.502 46.418
14.502 46.418 14.468 46.413
19 43.548 19.038 43.511 19.055 43.507
18.946 43.444 18.951 43.464 18.938 43.479 18.906 43.491 18.905 43.499 18.977 43.546 19 43.548
19.148 43.538 19.195 43.533
19.055 43.507 19.096 43.513 19.123 43.536 19.148 43.538
18.992 43.267 19.025 43.299 19.07 43.309 19.04 43.351 19.01 43.411 18.968 43.448
18.968 43.448 18.946 43.444
18.899 43.352 18.95 43.333 18.957 43.326 18.959 43.303 18.992 43.267
18.639 43.02 18.621 43.096 18.621 43.123 18.629 43.155 18.645 43.18 18.688 43.224 18.664 43.233 18.68 43.249 18.807 43.318 18.834 43.324 18.821 43.341 18.899 43.352
18.598 43.024 18.639 43.02
18.482 42.564 18.496 42.571 18.487 42.59 18.538 42.618 18.55 42.639 18.55 42.668 18.54 42.695 18.502 42.727 18.454 42.793 18.444 42.834 18.473 42.863 18.434 42.937 18.434 42.954 18.453 42.993 18.483 43.015 18.539 43.024 18.598 43.024
18.459 42.57 18.482 42.564
18.437 42.559 18.459 42.57
16.947 45.236 16.933 45.279 16.924 45.285
16.924 45.285 16.867 45.243 16.862 45.232 16.831 45.217 16.824 45.189 16.812 45.181 16.786 45.179
16.999 45.231 16.961 45.251
16.961 45.251 16.968 45.237 16.947 45.236
17.008 45.216 17.014 45.231 17.008 45.244
17.008 45.244 16.999 45.231
17.187 45.149 17.098 45.178 17.056 45.2 17.036 45.23
17.036 45.23 17.008 45.216
16.786 45.179 16.587 45.221 16.529 45.222
16.529 45.222 16.482 45.2 16.436 45.133 16.389 45.117 16.382 45.108 16.382 45.084 16.357 45.049 16.341 45.006 16.316 45.001
16.316 45.001 16.279 45.007 16.213 45.031 16.104 45.113 16.067 45.17 16.024 45.184 16.029 45.205 16.02 45.214 15.998 45.219
15.998 45.219 15.975 45.215
15.975 45.215 15.879 45.217
15.879 45.217 15.825 45.211 15.792 45.19 15.781 45.168 15.784 45.101 15.756 45.042 15.756 45.024 15.767 44.993 15.764 44.976 15.731 44.927 15.734 44.902 15.773 44.845 15.769 44.827 15.731 44.817 15.716 44.803 15.717 44.786 15.754 44.739 15.783 44.723 15.806 44.697
17.382 45.14 17.269 45.19
17.269 45.19 17.245 45.155 17.187 45.149
17.836 45.064 17.797 45.082 17.715 45.152 17.685 45.164 17.652 45.165
17.652 45.165 17.63 45.157 17.593 45.13 17.561 45.119
17.46 45.131 17.448 45.134 17.458 45.146 17.443 45.162
17.443 45.162 17.434 45.149 17.382 45.14
18.541 45.055 18.491 45.063 18.412 45.112 18.322 45.123 18.238 45.157
18.238 45.157 18.213 45.154 18.202 45.144 18.193 45.109 18.154 45.098
18.154 45.098 18.09 45.108 18.019 45.149
18.019 45.149 17.988 45.144 17.911 45.081 17.836 45.064
17.482 45.114 17.496 45.142
17.496 45.142 17.46 45.131
17.561 45.119 17.54 45.121
17.54 45.121 17.482 45.114
18.649 45.063 18.609 45.1
18.609 45.1 18.582 45.091
18.582 45.091 18.55 45.095
18.55 45.095 18.535 45.09 18.541 45.055
18.89 44.861 18.818 44.888 18.783 44.914 18.773 44.942 18.802 44.964 18.805 44.974 18.792 45.002 18.785 45.008 18.738 45.016 18.678 45.087
18.678 45.087 18.666 45.083 18.658 45.066 18.649 45.063
19.016 44.866 18.89 44.861
15.876 44.725 15.896 44.719 15.905 44.69 15.913 44.685
15.806 44.697 15.856 44.704 15.876 44.725
15.93 44.689 15.948 44.678 15.956 44.653 15.969 44.639 16.028 44.625 16.036 44.615 16.045 44.589 16.035 44.585 16.006 44.541 16.027 44.525 16.047 44.523
15.913 44.685 15.93 44.689
16.084 44.535 16.105 44.532 16.116 44.521 16.16 44.416 16.16 44.401 16.139 44.385 16.138 44.378
16.047 44.523 16.084 44.535
16.142 44.381 16.171 44.377 16.203 44.36 16.203 44.333 16.19 44.309 16.188 44.282 16.216 44.208 16.276 44.157 16.327 44.082 16.357 44.062 16.378 44.057
16.138 44.378 16.142 44.381
16.404 44.059 16.427 44.041 16.44 44.014 16.501 43.993 16.556 43.937 16.679 43.841 16.698 43.788 16.713 43.772 16.824 43.707 17.031 43.548 17.085 43.513 17.143 43.489 17.239 43.478 17.271 43.463 17.286 43.437 17.268 43.353 17.29 43.303 17.329 43.26 17.4 43.216 17.427 43.166 17.442 43.152 17.587 43.082 17.628 43.047 17.659 42.993 17.663 42.966 17.635 42.95 17.581 42.942
16.378 44.057 16.404 44.059
19.202 44.908 19.187 44.928
19.187 44.928 19.085 44.879 19.016 44.866
19.284 44.908 19.239 44.915
19.239 44.915 19.202 44.908
19.34 44.896 19.31 44.912
19.31 44.912 19.284 44.908
19.264 44.27 19.157 44.294 19.139 44.309 19.117 44.344 19.107 44.383 19.116 44.404 19.141 44.431 19.143 44.458 19.127 44.503 19.13 44.518 19.165 44.527 19.18 44.538 19.187 44.553 19.188 44.576 19.209 44.588 19.256 44.646 19.278 44.685 19.308 44.705 19.328 44.734 19.364 44.855 19.377 44.863 19.373 44.881 19.353 44.899
19.353 44.899 19.34 44.896
19.443 44.143 19.362 44.191 19.342 44.246 19.324 44.264 19.296 44.276
19.296 44.276 19.264 44.27
19.58 44.052 19.555 44.071 19.522 44.085 19.476 44.127 19.474 44.145 19.466 44.153
19.466 44.153 19.443 44.143
19.504 43.976 19.552 43.983 19.61 44.019 19.619 44.036 19.611 44.055 19.599 44.063
19.599 44.063 19.58 44.052
19.287 44.013 19.365 43.973
19.482 43.561 19.492 43.569 19.477 43.589 19.477 43.617 19.482 43.629 19.507 43.647 19.506 43.674 19.462 43.762 19.359 43.842 19.275 43.933 19.229 43.958 19.241 43.966 19.238 43.993 19.244 44.002 19.287 44.013
19.447 43.98 19.504 43.976
19.365 43.973 19.447 43.98
19.347 43.609 19.38 43.586 19.411 43.541
19.289 43.588 19.347 43.609
19.264 43.591 19.289 43.588
19.195 43.533 19.217 43.533 19.239 43.572 19.253 43.589 19.264 43.591
19.444 43.572 19.482 43.561
19.411 43.541 19.432 43.571 19.444 43.572
18.901 45.931 18.907 45.916 18.873 45.895 18.904 45.876 18.907 45.868 18.9 45.861 18.855 45.857 18.845 45.816 18.9 45.765 18.909 45.719 18.917 45.707 18.963 45.683 18.968 45.669 18.935 45.633 18.912 45.619 18.904 45.573 18.942 45.539 18.96 45.539 19.018 45.567 19.041 45.545 19.095 45.526 19.106 45.512 19.077 45.492 19.01 45.499 18.996 45.474 18.997 45.456 19.031 45.416 19.023 45.402 18.976 45.391 18.977 45.371 19.008 45.36
17.148 48.005 17.125 48.02 17.07 48.036 17.075 48.052 17.059 48.06 17.07 48.089 17.08 48.098 17.047 48.131 17.007 48.143 16.982 48.161 16.97 48.217 16.954 48.253 16.954 48.273 16.917 48.291 16.898 48.316 16.906 48.331 16.902 48.339 16.875 48.355 16.848 48.36 16.844 48.366 16.865 48.458 16.901 48.497 16.914 48.519 16.947 48.54 16.954 48.557 16.945 48.604
18.705 49.479 18.733 49.48 18.774 49.505 18.792 49.51 18.833 49.51
18.636 49.497 18.705 49.479
18.6 49.486 18.636 49.497
18.556 49.49 18.6 49.486
18.417 49.385 18.439 49.395 18.482 49.429 18.523 49.446 18.536 49.482 18.556 49.49
18.388 49.39 18.417 49.385
18.013 49.019 18.046 49.029 18.076 49.047 18.096 49.07 18.103 49.092 18.105 49.17 18.136 49.233 18.161 49.259 18.19 49.277 18.325 49.311 18.385 49.342 18.388 49.39
17.959 49.022 18.013 49.019
17.841 48.921 17.86 48.922 17.879 48.934 17.901 48.993 17.914 49.01 17.959 49.022
17.82 48.923 17.841 48.921
17.535 48.813 17.727 48.863 17.745 48.873 17.779 48.912 17.796 48.921 17.82 48.923
17.212 48.866 17.26 48.858 17.374 48.82
16.945 48.604 16.948 48.623 16.975 48.65 17.025 48.746 17.05 48.774 17.099 48.806 17.114 48.834 17.167 48.86 17.212 48.866
17.453 48.843 17.498 48.817 17.535 48.813
17.374 48.82 17.453 48.843
20.8 48.569 20.845 48.546 20.891 48.541 20.946 48.519 20.981 48.517
20.272 48.252 20.324 48.28 20.349 48.305 20.421 48.429 20.482 48.479 20.482 48.526 20.8 48.569
21.425 48.561 21.491 48.54 21.522 48.5 21.538 48.495
21.262 48.503 21.277 48.509 21.302 48.54 21.322 48.548 21.425 48.561
21.22 48.519 21.262 48.503
21.109 48.489 21.22 48.519
21.006 48.518 21.036 48.515 21.084 48.493 21.109 48.489
20.981 48.517 21.006 48.518
21.575 48.496 21.592 48.493 21.613 48.44 21.678 48.372 21.728 48.341 21.759 48.334
21.538 48.495 21.575 48.496
22.078 48.376 22.096 48.379 22.133 48.405
22.018 48.38 22.078 48.376
21.759 48.334 21.789 48.336 21.929 48.373 22.018 48.38
20.229 48.271 20.272 48.252
20.171 48.244 20.229 48.271
20.143 48.248 20.171 48.244
19.905 48.124 19.929 48.13 19.997 48.168 20.097 48.198 20.113 48.212 20.122 48.237 20.143 48.248
19.623 48.227 19.644 48.225 19.687 48.197
19.428 48.086 19.482 48.111 19.481 48.134 19.494 48.151 19.503 48.189 19.514 48.204 19.623 48.227
19.733 48.203 19.757 48.2 19.774 48.186 19.767 48.159 19.786 48.149
19.687 48.197 19.733 48.203
19.822 48.158 19.846 48.153 19.884 48.13 19.905 48.124
19.786 48.149 19.822 48.158
19.293 48.088 19.428 48.086
19.223 48.061 19.293 48.088
19.099 48.071 19.223 48.061
19.039 48.065 19.099 48.071
18.996 48.066 19.039 48.065
18.664 47.776 18.693 47.778 18.768 47.822 18.816 47.833 18.749 47.871 18.742 47.889 18.755 47.952 18.743 47.971 18.756 47.982 18.794 47.993 18.821 48.03 18.838 48.04 18.996 48.066
17.185 48.02 17.338 47.999 17.369 47.981 17.472 47.889 17.527 47.872 17.573 47.83
17.148 48.005 17.185 48.02
17.604 47.834 17.64 47.819 17.677 47.789 17.742 47.765 17.826 47.75
17.573 47.83 17.604 47.834
18.553 47.793 18.597 47.791 18.664 47.776
18.236 47.754 18.273 47.756 18.348 47.777 18.553 47.793
18.113 47.762 18.236 47.754
17.826 47.75 18.113 47.762
14.81 50.858 14.81 50.877 14.86 50.917 14.955 51.064 14.96 51.105 14.98 51.123 14.991 51.189 15.022 51.237 15.014 51.243 15.019 51.272 14.964 51.328 14.947 51.423 14.955 51.435 14.945 51.449 14.911 51.469 14.732 51.516 14.71 51.53 14.705 51.548 14.713 51.567 14.744 51.607 14.742 51.633 14.732 51.658 14.72 51.676 14.648 51.717 14.634 51.769 14.586 51.804 14.583 51.825 14.596 51.842 14.653 51.879 14.687 51.912 14.696 51.931 14.699 51.993 14.726 52.026 14.735 52.054 14.761 52.077 14.696 52.107 14.686 52.121 14.707 52.179 14.693 52.2 14.712 52.215 14.712 52.236 14.697 52.253 14.607 52.276 14.584 52.291 14.59 52.309 14.545 52.382 14.54 52.422 14.592 52.45 14.632 52.497 14.628 52.507 14.609 52.518 14.617 52.541 14.645 52.577 14.55 52.636 14.49 52.651 14.461 52.675 14.432 52.686 14.382 52.738 14.249 52.795 14.216 52.818 14.153 52.828 14.135 52.837 14.124 52.851 14.15 52.865 14.161 52.877 14.165 52.896 14.144 52.96 14.254 53.001 14.343 53.049 14.39 53.132 14.378 53.177 14.381 53.19 14.442 53.252 14.403 53.279 14.398 53.315 14.37 53.392 14.36 53.444 14.304 53.509 14.297 53.529 14.297 53.598 14.261 53.656 14.264 53.7
22.257 48.357 22.257 48.373 22.272 48.403 22.236 48.415 22.202 48.418
22.202 48.418 22.157 48.402
22.157 48.402 22.133 48.405
22.371 48.237 22.357 48.243 22.308 48.294 22.297 48.314 22.299 48.349 22.284 48.358
22.284 48.358 22.257 48.357
22.434 48.237 22.395 48.245
22.395 48.245 22.371 48.237
22.608 48.097 22.583 48.125 22.556 48.177 22.473 48.244
22.473 48.244 22.434 48.237
22.878 47.947 22.841 47.967 22.832 47.979 22.849 47.993 22.862 48.028 22.844 48.061 22.801 48.091 22.746 48.116
22.746 48.116 22.693 48.102 22.621 48.102 22.608 48.097
22.692 44.228 22.906 44.123 23.031 44.093 23.04 44.062 23.023 44.032 22.988 44.018 22.906 44.004 22.886 43.995 22.875 43.972 22.851 43.897 22.851 43.874 22.863 43.855 22.889 43.84 22.92 43.834
27.027 44.177 27.1 44.144 27.206 44.129 27.227 44.121
25.534 43.669 25.617 43.688 25.671 43.717 25.74 43.719 25.781 43.732 25.806 43.764 25.839 43.788 25.869 43.801 25.916 43.844 25.934 43.87 26.054 43.934 26.079 43.969 26.116 43.999 26.151 44.012 26.231 44.027 26.311 44.053 26.614 44.085 26.709 44.108 26.754 44.108 26.789 44.116 26.884 44.157 27.002 44.165 27.027 44.177
27.251 44.122 27.269 44.112 27.264 44.09 27.285 44.072 27.342 44.053 27.384 44.015
27.227 44.121 27.251 44.122
27.633 44.03 27.656 44.024 27.676 43.994 27.722 43.949
27.384 44.015 27.575 44.016 27.633 44.03
27.912 43.993 27.936 43.964 27.981 43.849 28.015 43.83 28.221 43.762 28.435 43.735
27.722 43.949 27.787 43.96 27.856 43.989 27.912 43.993
23.325 43.887 23.485 43.881 23.593 43.837 23.636 43.832
22.92 43.834 23.132 43.848 23.234 43.877 23.325 43.887
23.721 43.846 23.743 43.843 23.8 43.818 24.159 43.753
23.636 43.832 23.721 43.846
24.466 43.802 24.5 43.799 24.706 43.744 24.753 43.739
24.159 43.753 24.358 43.76 24.431 43.794 24.466 43.802
24.964 43.75 25.082 43.719 25.252 43.705 25.36 43.654 25.403 43.65
24.753 43.739 24.964 43.75
28.435 43.735 28.578 43.741
25.489 43.671 25.534 43.669
25.403 43.65 25.489 43.671
20.243 46.108 20.306 46.054 20.339 45.993 20.354 45.977 20.429 45.947 20.482 45.913 20.557 45.898 20.605 45.846 20.637 45.827 20.646 45.789 20.688 45.743 20.713 45.733
20.765 45.767 20.777 45.762 20.786 45.743 20.779 45.724 20.777 45.658 20.754 45.606 20.758 45.589 20.8 45.531 20.798 45.516 20.761 45.493 20.767 45.479 20.816 45.463 20.863 45.419 20.928 45.377 20.966 45.342 21.103 45.286
20.713 45.733 20.739 45.743 20.754 45.764 20.765 45.767
21.139 45.304 21.156 45.295 21.206 45.246 21.239 45.229 21.299 45.223 21.406 45.2 21.459 45.174 21.493 45.145 21.498 45.132 21.494 45.119 21.459 45.107 21.442 45.093 21.444 45.073 21.43 45.057 21.422 45.031 21.409 45.024 21.363 45.017 21.351 44.998 21.353 44.99 21.384 44.987 21.385 44.97 21.408 44.958 21.456 44.952 21.531 44.925 21.539 44.908 21.536 44.889 21.522 44.881 21.453 44.87
21.103 45.286 21.139 45.304
21.453 44.87 21.395 44.872
21.395 44.872 21.356 44.857 21.343 44.832 21.379 44.817 21.396 44.79 21.497 44.778
21.558 44.782 21.596 44.766 21.62 44.714 21.656 44.688 21.705 44.677
21.497 44.778 21.558 44.782
22.426 44.734 22.484 44.724 22.587 44.649 22.621 44.637 22.7 44.631 22.765 44.583 22.759 44.565 22.742 44.552 22.7 44.542
22.148 44.501 22.172 44.505 22.185 44.515 22.299 44.662 22.305 44.677 22.381 44.701 22.426 44.734
21.855 44.698 21.962 44.662 21.994 44.659 22.004 44.652 22.032 44.603 22.04 44.577 22.076 44.551 22.087 44.522 22.104 44.51 22.148 44.501
21.705 44.677 21.757 44.677 21.855 44.698
22.7 44.542 22.621 44.569 22.6 44.57
22.6 44.57 22.566 44.555 22.557 44.521 22.548 44.512 22.484 44.5 22.477 44.464 22.505 44.435 22.505 44.404 22.523 44.375 22.549 44.349 22.583 44.328 22.682 44.305 22.689 44.292 22.685 44.244 22.692 44.228
26.212 41.75 26.234 41.746 26.274 41.715 26.295 41.71
26.115 41.355 26.132 41.372 26.159 41.422 26.176 41.432 26.174 41.446 26.146 41.478 26.159 41.494 26.163 41.529 26.152 41.547 26.131 41.553 26.13 41.583 26.115 41.617 26.107 41.624 26.067 41.635 26.055 41.649 26.048 41.689 26.061 41.707 26.081 41.712 26.108 41.728 26.19 41.735 26.212 41.75
26.295 41.71 26.333 41.713
24.251 41.563 24.286 41.54 24.287 41.518 24.296 41.515
24.17 41.512 24.182 41.537 24.196 41.547 24.251 41.563
24.51 41.562 24.531 41.548 24.543 41.521 24.549 41.485 24.581 41.46 24.58 41.441 24.609 41.427
24.424 41.525 24.439 41.528 24.459 41.55 24.51 41.562
24.077 41.536 24.146 41.527 24.17 41.512
24.035 41.451 24.052 41.463 24.047 41.526 24.077 41.536
24.403 41.528 24.424 41.525
24.345 41.518 24.403 41.528
24.318 41.521 24.345 41.518
24.296 41.515 24.318 41.521
23.895 41.464 23.95 41.438
23.81 41.434 23.852 41.44 23.895 41.464
24.001 41.464 24.035 41.451
23.95 41.438 23.965 41.438 24.001 41.464
23.792 41.434 23.81 41.434
23.738 41.397 23.754 41.401 23.777 41.429 23.792 41.434
24.644 41.428 24.638 41.418
24.609 41.427 24.644 41.428
24.661 41.418 24.699 41.409 24.774 41.348 24.794 41.347
24.638 41.418 24.661 41.418
23.705 41.403 23.738 41.397
23.612 41.371 23.653 41.398 23.705 41.403
24.873 41.402 25.08 41.334
24.794 41.347 24.803 41.362 24.803 41.393 24.873 41.402
23.415 41.4 23.513 41.398 23.579 41.372 23.612 41.371
23.326 41.369 23.347 41.371 23.415 41.4
23.288 41.398 23.326 41.369
23.115 41.313 23.191 41.326 23.205 41.343 23.21 41.369 23.247 41.39 23.288 41.398
26.107 41.357 26.115 41.355
25.949 41.314 26.022 41.342 26.107 41.357
25.811 41.341 25.833 41.335 25.863 41.31 25.882 41.304
25.68 41.297 25.717 41.314 25.763 41.319 25.811 41.341
25.097 41.337 25.117 41.321 25.177 41.294 25.22 41.25 25.262 41.238
25.08 41.334 25.097 41.337
22.917 41.336 23.115 41.313
25.921 41.316 25.949 41.314
25.882 41.304 25.921 41.316
25.551 41.316 25.64 41.311 25.68 41.297
25.505 41.281 25.524 41.292 25.538 41.312 25.551 41.316
25.479 41.284 25.505 41.281
25.262 41.238 25.479 41.284
26.36 41.715 26.377 41.711 26.404 41.692 26.476 41.676 26.464 41.649 26.576 41.591
26.333 41.713 26.36 41.715
26.595 41.612 26.602 41.585 26.598 41.573 26.602 41.547 26.595 41.537 26.611 41.506 26.637 41.378 26.623 41.34 26.61 41.331 26.591 41.329
26.576 41.591 26.595 41.612
26.591 41.329 26.551 41.342 26.54 41.352
26.54 41.352 26.489 41.311 26.479 41.31 26.412 41.266 26.395 41.259 26.332 41.254 26.321 41.246 26.336 41.229 26.321 41.188 26.324 41.17 26.336 41.153 26.317 41.13 26.317 41.122 26.339 41.114 26.322 41.089 26.325 41.074 26.348 41.041 26.374 41.031 26.375 41.019 26.368 41.008 26.336 40.997 26.333 40.991 26.336 40.982 26.359 40.965 26.294 40.927 26.304 40.909 26.291 40.906
26.291 40.906 26.275 40.91 26.266 40.92
26.266 40.92 26.26 40.92 26.246 40.891 26.232 40.886
26.232 40.886 26.226 40.899
26.226 40.899 26.225 40.884 26.212 40.879 26.219 40.872 26.206 40.865 26.212 40.847 26.158 40.812 26.143 40.794 26.135 40.767 26.112 40.747 26.082 40.736
26.082 40.736 26.044 40.738
19.748 42.579 19.738 42.624 19.722 42.646 19.699 42.655
19.699 42.655 19.676 42.647 19.622 42.605 19.605 42.585 19.588 42.533 19.549 42.509 19.518 42.458 19.482 42.434 19.417 42.374 19.403 42.352 19.4 42.326 19.305 42.215 19.275 42.191 19.272 42.181 19.282 42.165 19.372 42.104 19.375 42.095 19.357 42.065 19.351 42.028 19.354 42.009 19.371 41.987 19.366 41.97 19.346 41.962 19.353 41.939 19.345 41.91 19.365 41.889 19.365 41.852
19.746 42.58 19.748 42.579
19.82 42.466 19.784 42.475 19.752 42.493 19.73 42.54 19.734 42.563 19.746 42.58
20.065 42.547 20.039 42.558
20.039 42.558 20.018 42.546 19.982 42.511 19.956 42.505
19.956 42.505 19.908 42.506
19.908 42.506 19.82 42.466
26.689 48.275 26.722 48.26
26.618 48.259 26.666 48.274 26.689 48.275
26.733 48.271 26.744 48.256 26.764 48.253
26.722 48.26 26.733 48.271
26.805 48.258 26.822 48.253 26.845 48.233
26.764 48.253 26.805 48.258
26.855 48.238 26.898 48.209 26.908 48.185
26.845 48.233 26.855 48.238
26.938 48.205 26.951 48.198 26.963 48.175 26.998 48.167 26.998 48.158 26.986 48.15 26.967 48.15 26.967 48.143 27.013 48.128
26.908 48.185 26.938 48.205
27.025 48.135 27.048 48.122 27.034 48.102 27.042 48.077 27.059 48.058 27.109 48.034 27.109 48.026 27.089 48.02 27.096 48.006
27.013 48.128 27.025 48.135
27.121 48.013 27.144 47.987
27.096 48.006 27.121 48.013
27.157 47.992 27.169 47.983 27.17 47.974 27.151 47.958 27.178 47.944 27.161 47.922 27.212 47.89 27.212 47.848 27.246 47.837 27.253 47.828 27.219 47.814 27.245 47.793 27.265 47.765 27.288 47.752 27.295 47.718 27.272 47.715 27.281 47.693 27.369 47.608 27.397 47.589 27.428 47.581 27.442 47.537 27.459 47.533 27.473 47.492 27.507 47.478 27.533 47.477
27.144 47.987 27.157 47.992
27.535 47.478 27.563 47.468 27.583 47.451 27.569 47.439 27.563 47.417 27.58 47.406 27.572 47.375 27.6 47.361 27.637 47.307 27.672 47.3 27.733 47.276 27.754 47.251 27.752 47.239 27.788 47.204 27.808 47.162 27.795 47.156 27.807 47.145 27.85 47.129 27.844 47.114 27.938 47.061 27.939 47.047 28.008 47.026
27.533 47.477 27.535 47.478
28.028 47.033 28.037 47.016 28.083 46.972 28.102 46.935 28.105 46.918 28.097 46.903 28.114 46.895 28.113 46.871 28.124 46.862 28.122 46.834 28.178 46.759 28.178 46.74 28.234 46.662 28.247 46.607 28.225 46.57 28.234 46.553 28.221 46.541 28.219 46.504 28.238 46.476
28.008 47.026 28.028 47.033
28.242 46.477 28.247 46.467 28.246 46.428 28.226 46.415 28.233 46.402 28.213 46.389 28.207 46.358 28.19 46.351 28.191 46.308 28.178 46.287 28.135 46.269 28.132 46.24 28.109 46.234 28.145 46.183 28.127 46.135 28.101 46.082 28.09 46.073 28.097 46.06 28.083 46.015 28.125 45.918 28.117 45.895 28.131 45.871 28.111 45.854 28.113 45.825 28.155 45.762 28.162 45.645 28.168 45.632 28.154 45.627
28.238 46.476 28.242 46.477
28.154 45.627 28.121 45.628
28.121 45.628 28.091 45.616 28.062 45.594 28.141 45.56 28.165 45.528 28.166 45.495 28.199 45.462
26.33 48.209 26.397 48.226 26.445 48.228 26.587 48.249 26.618 48.259
26.303 48.212 26.33 48.209
25.966 47.965 26.029 47.978 26.126 47.978 26.173 47.993 26.205 48.037 26.255 48.072 26.271 48.094 26.297 48.156 26.303 48.212
23.139 48.098 23.231 48.08 23.36 47.993 23.375 47.991
23.004 47.983 23.02 47.985 23.063 48.007 23.099 48.071 23.119 48.092 23.139 48.098
23.563 48.006 23.711 47.985
23.461 47.971 23.482 47.972 23.514 47.999 23.563 48.006
22.939 48.006 23.004 47.983
22.878 47.947 22.916 47.959 22.924 47.973 22.916 47.993 22.924 48.005 22.939 48.006
23.393 47.994 23.461 47.971
23.375 47.991 23.393 47.994
23.78 47.988 23.848 47.95 23.855 47.934
23.711 47.985 23.78 47.988
25.918 47.968 25.966 47.965
24.897 47.71 25.017 47.725 25.08 47.743 25.122 47.77 25.219 47.878 25.262 47.899 25.753 47.935 25.818 47.953 25.918 47.968
23.977 47.962 24.009 47.961 24.075 47.944 24.131 47.915 24.149 47.912
23.855 47.934 23.877 47.934 23.977 47.962
24.429 47.953 24.486 47.943
24.231 47.897 24.298 47.92 24.347 47.921 24.386 47.944 24.429 47.953
24.542 47.944 24.562 47.941 24.634 47.908 24.649 47.895 24.661 47.854 24.679 47.84 24.808 47.796 24.878 47.719 24.897 47.71
24.486 47.943 24.542 47.944
24.15 47.913 24.231 47.897
24.149 47.912 24.15 47.913
28.199 45.462 28.213 45.45
28.238 45.452 28.267 45.44 28.286 45.422 28.281 45.402 28.33 45.323 28.405 45.295 28.494 45.279 28.577 45.248 28.71 45.227
28.213 45.45 28.238 45.452
29.322 45.444 29.431 45.43 29.57 45.395 29.65 45.346 29.667 45.312 29.672 45.273 29.659 45.244 29.666 45.231 29.659 45.216
29.261 45.422 29.29 45.425 29.322 45.444
29.245 45.424 29.261 45.422
28.93 45.279 28.953 45.285 28.96 45.311 28.974 45.324 29.018 45.331 29.07 45.361 29.128 45.375 29.15 45.388 29.174 45.389 29.207 45.415 29.245 45.424
28.816 45.326 28.881 45.306 28.93 45.279
28.71 45.227 28.779 45.231 28.803 45.244 28.767 45.258 28.76 45.274 28.762 45.282 28.79 45.292 28.79 45.321 28.816 45.326
27.583 48.486 27.605 48.484 27.607 48.458 27.627 48.451
27.403 48.411 27.481 48.451 27.504 48.472 27.557 48.474 27.583 48.486
27.752 48.452 27.85 48.41 27.926 48.339 28.076 48.315 28.093 48.302 28.098 48.284 28.079 48.245 28.093 48.237 28.116 48.237
27.627 48.451 27.752 48.452
27.342 48.436 27.361 48.433 27.403 48.411
27.209 48.361 27.246 48.374 27.306 48.424 27.342 48.436
27.037 48.4 27.176 48.362 27.209 48.361
27.028 48.358 27.033 48.36 27.026 48.397 27.037 48.4
26.843 48.394 26.943 48.351
26.817 48.372 26.832 48.391 26.843 48.394
26.794 48.376 26.817 48.372
26.755 48.286 26.786 48.294 26.789 48.326 26.778 48.366 26.794 48.376
26.991 48.362 27.005 48.359
26.943 48.351 26.981 48.356 26.991 48.362
27.016 48.359 27.028 48.358
27.005 48.359 27.016 48.359
26.68 48.33 26.699 48.325 26.736 48.292 26.755 48.286
26.618 48.259 26.625 48.283 26.636 48.295 26.669 48.309 26.68 48.33
28.179 48.259 28.189 48.223 28.2 48.212 28.217 48.208
28.116 48.237 28.179 48.259
28.341 48.24 28.358 48.239 28.368 48.231 28.37 48.212 28.363 48.191 28.322 48.163 28.316 48.149 28.317 48.135 28.329 48.127
28.217 48.208 28.24 48.212 28.294 48.236 28.341 48.24
28.412 48.171 28.427 48.163 28.437 48.15 28.436 48.135 28.419 48.122 28.447 48.083 28.48 48.065
28.329 48.127 28.35 48.13 28.389 48.169 28.412 48.171
28.542 48.156 28.574 48.155 28.666 48.129 28.771 48.124 28.799 48.112 28.828 48.057 28.833 48.025 28.915 47.953 28.981 47.926
28.48 48.065 28.49 48.065 28.501 48.113 28.519 48.149 28.542 48.156
29.093 47.98 29.124 47.976 29.148 47.955 29.173 47.891 29.236 47.871 29.233 47.857 29.187 47.818 29.178 47.79 29.222 47.775 29.235 47.767 29.239 47.756 29.197 47.718 29.192 47.651 29.182 47.613 29.131 47.56 29.117 47.533 29.13 47.493 29.156 47.45 29.182 47.43
28.981 47.926 29.017 47.931 29.061 47.97 29.093 47.98
29.218 47.452 29.233 47.446 29.251 47.425 29.281 47.411 29.301 47.378 29.346 47.366 29.359 47.353 29.368 47.308 29.381 47.293 29.426 47.279
29.182 47.43 29.202 47.447 29.218 47.452
29.501 47.34 29.54 47.334 29.557 47.324 29.579 47.284 29.58 47.26 29.569 47.243 29.544 47.234 29.54 47.213 29.551 47.16 29.545 47.136 29.53 47.124 29.479 47.115 29.52 47.06
29.426 47.279 29.459 47.293 29.481 47.338 29.501 47.34
29.57 47.091 29.595 47.075 29.603 47.046 29.572 47.012 29.559 46.946 29.573 46.934
29.52 47.06 29.551 47.09 29.57 47.091
29.598 46.935 29.632 46.914 29.696 46.905 29.736 46.867 29.754 46.858 29.786 46.855
29.573 46.934 29.598 46.935
29.815 46.857 29.844 46.854 29.872 46.838 29.885 46.813 29.899 46.807
29.786 46.855 29.815 46.857
29.917 46.814 29.928 46.81 29.932 46.772 29.951 46.743 29.944 46.662 29.931 46.619 29.95 46.579 29.938 46.557 29.899 46.553 29.902 46.531 29.916 46.519 29.96 46.506 29.971 46.492
29.899 46.807 29.917 46.814
29.201 46.357 29.184 46.367 29.183 46.378 29.206 46.406 29.207 46.503 29.2 46.524 29.184 46.538 29.163 46.538
29.163 46.538 29.075 46.504 29.02 46.49 28.946 46.455 28.925 46.433 28.919 46.405 28.946 46.305 28.933 46.273 28.934 46.259 29.01 46.204 29.015 46.183 29.003 46.159 28.946 46.105 28.939 46.089 28.941 46.065 28.959 46.021 28.957 46.001 28.758 45.961 28.74 45.953 28.729 45.939 28.728 45.922 28.746 45.871 28.738 45.838 28.706 45.821 28.67 45.812 28.67 45.777 28.644 45.767 28.577 45.762 28.561 45.743 28.568 45.725 28.561 45.717 28.515 45.702 28.474 45.658 28.511 45.635 28.523 45.593 28.537 45.58 28.51 45.571 28.498 45.559 28.506 45.521 28.502 45.509 28.481 45.502
29.989 46.499 30.003 46.494 30.022 46.471 30.014 46.462 30.077 46.423
29.971 46.492 29.989 46.499
29.616 46.362 29.583 46.37 29.556 46.404 29.541 46.413 29.481 46.425 29.473 46.44 29.486 46.462 29.486 46.476 29.481 46.482 29.458 46.485
29.458 46.485 29.418 46.462 29.375 46.416 29.362 46.416
29.362 46.416 29.321 46.469 29.307 46.472
29.307 46.472 29.289 46.452 29.29 46.41 29.278 46.396
29.828 46.339 29.808 46.355 29.8 46.398 29.714 46.471
29.714 46.471 29.714 46.443 29.703 46.428 29.654 46.423 29.648 46.416 29.653 46.392 29.646 46.376 29.616 46.362
30.102 46.431 30.132 46.423 30.107 46.392 30.081 46.374 30.037 46.369
30.077 46.423 30.102 46.431
29.278 46.396 29.271 46.397
29.271 46.397 29.201 46.357
30.037 46.369 29.919 46.374
29.919 46.374 29.885 46.364 29.848 46.341 29.828 46.339
28.481 45.502 28.417 45.504 28.342 45.518 28.271 45.522
28.271 45.522 28.217 45.493 28.199 45.462
23.565 53.742 23.54 53.764 23.53 53.784 23.521 53.837 23.487 53.91 23.486 53.939
23.284 52.22 23.19 52.241 23.198 52.258 23.194 52.271 23.166 52.289 23.212 52.348 23.392 52.51 23.48 52.554 23.569 52.586 23.736 52.615 23.869 52.67 23.909 52.7 23.922 52.743 23.912 52.894 23.901 52.923 23.918 52.951 23.909 52.987 23.911 53.005 23.898 53.028 23.868 53.051 23.859 53.068 23.861 53.087 23.891 53.128 23.894 53.152 23.848 53.184 23.819 53.228 23.801 53.242 23.743 53.365 23.676 53.456 23.591 53.611 23.567 53.681 23.565 53.742
23.391 52.183 23.396 52.2 23.313 52.215 23.3 52.223
23.3 52.223 23.284 52.22
23.471 52.172 23.45 52.186
23.45 52.186 23.437 52.176
23.437 52.176 23.406 52.186
23.406 52.186 23.391 52.183
23.532 52.121 23.512 52.124 23.485 52.159 23.492 52.174 23.488 52.182
23.488 52.182 23.471 52.172
23.567 51.555 23.574 51.555 23.543 51.593 23.544 51.644 23.532 51.651 23.532 51.659 23.56 51.672 23.546 51.69 23.559 51.695 23.547 51.714 23.56 51.755 23.618 51.787 23.629 51.81 23.595 51.843 23.606 51.852 23.61 51.873 23.622 51.877 23.615 51.884 23.629 51.946 23.648 51.974 23.676 51.994 23.643 52.061 23.637 52.084 23.616 52.092 23.598 52.115 23.579 52.122
23.579 52.122 23.532 52.121
23.56 51.555 23.567 51.555
23.606 51.517 23.602 51.531 23.573 51.54 23.56 51.555
24.047 50.829 24.131 50.839 24.143 50.856 24.13 50.869 24.047 50.898 23.979 50.938 23.964 50.953 23.955 50.984 23.944 50.994 23.912 51.007 23.916 51.021 23.904 51.063 23.854 51.122 23.858 51.131 23.875 51.136 23.864 51.148 23.743 51.216 23.687 51.292 23.635 51.305 23.629 51.326 23.634 51.339 23.666 51.366 23.684 51.37 23.679 51.394 23.698 51.404 23.649 51.454 23.647 51.46 23.663 51.48 23.615 51.497 23.606 51.517
24.02 50.839 24.047 50.829
22.688 49.156 22.682 49.161 22.703 49.195 22.738 49.275 22.72 49.383 22.68 49.419 22.667 49.478 22.641 49.529 22.666 49.567 22.742 49.634 22.766 49.674 22.81 49.686 22.827 49.697 22.888 49.77 22.933 49.791 22.951 49.827 22.993 49.854 23.101 49.957 23.178 50.004 23.208 50.034 23.436 50.193 23.565 50.258 23.644 50.313 23.658 50.326 23.682 50.368 23.748 50.389 23.929 50.391 23.981 50.405 24.008 50.448 24.011 50.493 24.075 50.514 24.108 50.541 24.095 50.557 24.085 50.604 24.108 50.63 24.075 50.69 24.081 50.713 24.027 50.728 24.013 50.743 24.026 50.767 23.974 50.776 23.959 50.789 23.958 50.808 23.97 50.825 23.993 50.836 24.02 50.839
22.855 48.994 22.867 49.01 22.843 49.043 22.853 49.085 22.841 49.095 22.778 49.12 22.749 49.146 22.706 49.169
22.706 49.169 22.688 49.156
22.561 49.086 22.581 49.081 22.643 49.043 22.664 49.041
22.54 49.072 22.561 49.086
22.744 49.046 22.755 49.045 22.784 49.021 22.855 48.994
22.722 49.041 22.744 49.046
22.686 49.043 22.722 49.041
22.664 49.041 22.686 49.043
28.149 56.142 28.111 56.157
28.111 56.157 27.981 56.118 27.927 56.109 27.911 56.1 27.881 56.064 27.781 56.016 27.777 55.992 27.744 55.96 27.645 55.923 27.617 55.879 27.61 55.831 27.593 55.794 27.565 55.792
27.263 55.787 27.173 55.826 27.111 55.836
27.111 55.836 26.981 55.827 26.958 55.819 26.9 55.779 26.843 55.719 26.823 55.706 26.743 55.683 26.72 55.682
27.565 55.792 27.406 55.804 27.375 55.815 27.35 55.831
27.35 55.831 27.282 55.792 27.263 55.787
26.72 55.682 26.64 55.696
26.64 55.696 26.616 55.688 26.595 55.667
21.375 55.29 21.406 55.272 21.468 55.211 21.504 55.194 21.605 55.192 21.646 55.181 21.751 55.128 21.82 55.119 21.873 55.095 21.943 55.078
21.268 55.249 21.35 55.288 21.375 55.29
22.003 55.093 22.015 55.088 22.019 55.061 22.028 55.044 22.077 55.029
21.943 55.078 21.977 55.092 22.003 55.093
22.541 55.076 22.581 55.058 22.622 54.97 22.633 54.958 22.65 54.953
22.436 55.058 22.541 55.076
22.251 55.071 22.436 55.058
22.077 55.029 22.1 55.03 22.143 55.055 22.251 55.071
22.706 54.953 22.752 54.931 22.741 54.918 22.749 54.91 22.821 54.885 22.848 54.814 22.846 54.796 22.833 54.779 22.787 54.756 22.765 54.737 22.725 54.723 22.727 54.705 22.701 54.68 22.708 54.636 22.682 54.57 22.675 54.492 22.68 54.453 22.767 54.356
22.65 54.953 22.706 54.953
28.311 56.043 28.269 56.058 28.149 56.142
28.809 55.935 28.732 55.947 28.706 55.96 28.681 56.027 28.621 56.083 28.595 56.092 28.538 56.098
28.538 56.098 28.39 56.089 28.367 56.079 28.333 56.05 28.311 56.043
29.434 55.9 29.444 55.907 29.432 55.924 29.377 55.954 29.224 55.978 29.145 56.012 29.089 56.023 29.031 56.024
29.031 56.024 28.86 55.976 28.833 55.961 28.831 55.938 28.809 55.935
29.426 55.9 29.434 55.9
29.481 55.681 29.461 55.687 29.413 55.728 29.363 55.751 29.344 55.787 29.372 55.836 29.384 55.88 29.392 55.888 29.426 55.9
30.639 55.654 30.596 55.665 30.584 55.679 30.592 55.706 30.58 55.725 30.481 55.754 30.469 55.763 30.478 55.779 30.477 55.788 30.469 55.794 30.271 55.831 30.2 55.858
30.2 55.858 30.132 55.827 30.106 55.822
30.106 55.822 29.988 55.847 29.948 55.848
29.948 55.848 29.869 55.831 29.806 55.771 29.78 55.764
29.78 55.764 29.711 55.774
29.711 55.774 29.684 55.771 29.585 55.738 29.508 55.685 29.481 55.681
30.771 55.592 30.742 55.594 30.694 55.652 30.68 55.656
30.68 55.656 30.639 55.654
30.981 55.019 31.006 55.023 31.006 55.042 30.97 55.101 30.984 55.131 30.959 55.144 30.96 55.163 30.887 55.205 30.87 55.242 30.857 55.253 30.804 55.273 30.794 55.286 30.797 55.304 30.811 55.323 30.846 55.351 30.906 55.376 30.918 55.388 30.919 55.408 30.889 55.433 30.881 55.451 30.887 55.468 30.913 55.48 30.919 55.492 30.899 55.499 30.92 55.534 30.913 55.572 30.886 55.6 30.848 55.611
30.848 55.611 30.771 55.592
30.933 55.026 30.981 55.019
30.999 54.671 30.996 54.69 30.981 54.706 30.827 54.771 30.771 54.786 30.763 54.802 30.768 54.83 30.826 54.877 30.827 54.903 30.815 54.928 30.839 54.939 30.899 54.946 30.917 54.954 30.936 54.973 30.907 55.013 30.913 55.025 30.933 55.026
31.784 54.046 31.771 54.049 31.748 54.086 31.737 54.094 31.667 54.102 31.583 54.13 31.506 54.144 31.325 54.229 31.31 54.244 31.299 54.273 31.292 54.331 31.285 54.347 31.249 54.377 31.225 54.428 31.209 54.448 31.179 54.453 31.168 54.467 31.094 54.479 31.065 54.492 31.09 54.536 31.139 54.583 31.168 54.622 31.129 54.64 31.105 54.668 31.021 54.674
31.021 54.674 30.999 54.671
31.873 53.777 31.787 53.794 31.745 53.795 31.754 53.82 31.81 53.883 31.847 53.992 31.823 54.053 31.814 54.057
31.814 54.057 31.784 54.046
32.372 53.714 32.326 53.745 32.29 53.761 32.165 53.782 32.106 53.807 32.084 53.81
32.084 53.81 31.873 53.777
32.584 53.484 32.554 53.511 32.453 53.546 32.411 53.582 32.399 53.635 32.481 53.662 32.49 53.677 32.462 53.707 32.422 53.716
32.422 53.716 32.372 53.714
32.658 53.456 32.647 53.458 32.642 53.469 32.65 53.488 32.618 53.494
32.618 53.494 32.584 53.484
32.698 53.326 32.717 53.335 32.704 53.366 32.72 53.439 32.701 53.462 32.689 53.462
32.689 53.462 32.658 53.456
32.65 53.334 32.698 53.326
32.537 53.295 32.596 53.308 32.58 53.324 32.65 53.334
32.481 53.305 32.537 53.295
32.268 53.125 32.353 53.18 32.406 53.193 32.424 53.204 32.456 53.237 32.479 53.275 32.456 53.278 32.447 53.289 32.455 53.3 32.481 53.305
31.594 53.211 31.756 53.187 31.77 53.169 31.78 53.128 31.807 53.11
31.512 53.194 31.594 53.211
31.464 53.2 31.512 53.194
31.611 52.536 31.624 52.538 31.629 52.548 31.579 52.578 31.536 52.63 31.481 52.682 31.548 52.706 31.57 52.725 31.57 52.768 31.561 52.787 31.524 52.812 31.505 52.849 31.451 52.857 31.388 52.888 31.366 52.909 31.323 52.977 31.247 53.014 31.319 53.076 31.364 53.089 31.367 53.099 31.36 53.134 31.379 53.182 31.416 53.2 31.464 53.2
32.216 53.126 32.268 53.125
32.201 53.098 32.216 53.126
31.843 53.112 31.931 53.088
31.807 53.11 31.843 53.112
32.01 53.1 32.083 53.082 32.117 53.081
31.931 53.088 32.01 53.1
32.189 53.099 32.201 53.098
32.117 53.081 32.152 53.096 32.189 53.099
31.574 52.541 31.611 52.536
31.764 52.101 31.763 52.15 31.749 52.164 31.699 52.185 31.682 52.202 31.682 52.23 31.699 52.251 31.631 52.265 31.597 52.284 31.567 52.311 31.592 52.329 31.609 52.354 31.608 52.372 31.583 52.403 31.588 52.483 31.553 52.502 31.551 52.512 31.576 52.525 31.559 52.541 31.574 52.541
33.197 52.369 33.294 52.357
33.07 52.304 33.087 52.311 33.099 52.325 33.128 52.333 33.167 52.36 33.197 52.369
33.734 52.361 33.804 52.355 33.839 52.314 33.901 52.286 33.958 52.225 34.039 52.186 34.065 52.159 34.074 52.14 34.074 52.128 34.057 52.106 34.063 52.05 34.068 52.031 34.101 51.993 34.104 51.975 34.096 51.952 34.146 51.952 34.166 51.942 34.228 51.899 34.234 51.878 34.246 51.875
33.51 52.288 33.532 52.289 33.6 52.331 33.688 52.356 33.734 52.361
33.481 52.358 33.499 52.341 33.493 52.303 33.51 52.288
33.419 52.338 33.437 52.339 33.481 52.358
33.359 52.358 33.419 52.338
33.294 52.357 33.359 52.358
32.394 52.327 32.481 52.307
32.077 52.04 32.233 52.081 32.278 52.103 32.307 52.141 32.319 52.201 32.328 52.219 32.361 52.236 32.367 52.247 32.34 52.287 32.354 52.322 32.394 52.327
32.528 52.316 32.725 52.252
32.481 52.307 32.528 52.316
33.048 52.309 33.07 52.304
32.909 52.241 33.048 52.309
32.844 52.262 32.891 52.242 32.909 52.241
32.725 52.252 32.844 52.262
31.826 52.104 31.859 52.1 31.882 52.086 31.892 52.036 31.91 52.029
31.764 52.101 31.826 52.104
32.017 52.05 32.077 52.04
31.91 52.029 31.981 52.048 32.017 52.05
34.277 51.881 34.386 51.818 34.413 51.778 34.414 51.736 34.376 51.709 34.357 51.706
34.246 51.875 34.277 51.881
34.357 51.706 34.298 51.706
34.298 51.706 34.128 51.681 34.089 51.667 34.08 51.643 34.091 51.633 34.14 51.621 34.153 51.584 34.215 51.532 34.226 51.493 34.212 51.455 34.217 51.417 34.182 51.402 34.216 51.374 34.264 51.361
34.3 51.368 34.309 51.335 34.284 51.301 34.244 51.274 34.186 51.249 34.282 51.226
34.264 51.361 34.3 51.368
34.372 51.257 34.513 51.23
34.282 51.226 34.337 51.251 34.372 51.257
34.578 51.237 34.608 51.234 34.622 51.225 34.643 51.181 34.657 51.172 34.748 51.165
34.513 51.23 34.578 51.237
34.962 51.215 34.999 51.202
34.748 51.165 34.818 51.175 34.962 51.215
35.059 51.212 35.091 51.198 35.124 51.091 35.144 51.058 35.173 51.041 35.206 51.039
34.999 51.202 35.059 51.212
35.274 51.049 35.328 51.043 35.346 51.037 35.355 51.026 35.347 51.008 35.333 51 35.278 50.993 35.285 50.944 35.329 50.929 35.342 50.916 35.341 50.876 35.378 50.834 35.379 50.797 35.418 50.779 35.438 50.762 35.447 50.734 35.445 50.688 35.469 50.669 35.392 50.646 35.376 50.635 35.425 50.5 35.446 50.476 35.523 50.46 35.541 50.45 35.555 50.433 35.57 50.376 35.592 50.36 35.632 50.345 35.673 50.34
35.206 51.039 35.274 51.049
37.415 50.432 37.435 50.425 37.48 50.34 37.568 50.313 37.599 50.291 37.602 50.249 37.589 50.215 37.597 50.197 37.632 50.174 37.728 50.079 37.843 50.039 37.916 50.003 37.979 49.941 37.995 49.921 38 49.9
37.052 50.335 37.197 50.362 37.285 50.415 37.415 50.432
35.932 50.43 36.106 50.421 36.133 50.412 36.141 50.393 36.169 50.384 36.269 50.281 36.292 50.274
35.673 50.34 35.697 50.345 35.738 50.382 35.774 50.387 35.819 50.419 35.932 50.43
36.98 50.342 37.052 50.335
36.594 50.204 36.636 50.214 36.683 50.261 36.849 50.324 36.914 50.339 36.98 50.342
36.4 50.307 36.536 50.268 36.535 50.22 36.594 50.204
36.292 50.274 36.34 50.281 36.381 50.304 36.4 50.307
38.19 50.063 38.254 50.059
38.119 49.919 38.166 49.941 38.171 49.984 38.164 50.03 38.174 50.06 38.19 50.063
38.281 50.062 38.3 50.061 38.314 50.05 38.344 49.992 38.356 49.981 38.42 49.972 38.498 49.948
38.254 50.059 38.281 50.062
38.665 49.965 38.676 49.927 38.687 49.914 38.748 49.885 38.852 49.866 38.937 49.803
38.619 49.951 38.665 49.965
38.57 49.957 38.619 49.951
38.498 49.948 38.57 49.957
38.079 49.93 38.119 49.919
38 49.9 38.079 49.93
39.156 49.874 39.183 49.859 39.238 49.765 39.261 49.745 39.29 49.732 39.328 49.726
38.937 49.803 39.049 49.811 39.117 49.864 39.156 49.874
39.444 49.75 39.499 49.728 39.558 49.724 39.57 49.713 39.597 49.648 39.623 49.613 39.653 49.6 39.729 49.581 39.781 49.548 39.829 49.541
39.328 49.726 39.444 49.75
39.998 49.608 40.116 49.591 40.131 49.58 40.126 49.559 40.111 49.545 40.054 49.52 40.035 49.487 40.041 49.455 40.062 49.426 40.101 49.385 40.148 49.35 40.16 49.334 40.157 49.316 40.143 49.282 40.142 49.246 40.134 49.236 40.091 49.217 40.038 49.169 39.952 49.125 39.931 49.101 39.919 49.048 39.891 49.042
39.829 49.541 39.915 49.563 39.974 49.603 39.998 49.608
39.891 49.042 39.832 49.045
39.832 49.045 39.749 49.026
39.749 49.026 39.698 49.028
39.698 49.028 39.681 49.02 39.674 48.97 39.726 48.937 39.759 48.895 39.862 48.876
40.009 48.888 40.034 48.886 40.054 48.869 40.053 48.85 40.039 48.83 39.975 48.79 39.935 48.787
39.95 48.853 39.972 48.86 40.009 48.888
39.897 48.88 39.95 48.853
39.862 48.876 39.897 48.88
39.935 48.787 39.824 48.816
39.824 48.816 39.779 48.808 39.759 48.793 39.736 48.762 39.711 48.755 39.703 48.747 39.632 48.587
39.69 48.594 39.809 48.584 39.835 48.573 39.855 48.556 39.87 48.51 39.865 48.501 39.856 48.499
39.632 48.587 39.69 48.594
39.856 48.499 39.847 48.5
39.847 48.5 39.842 48.499 39.845 48.484 39.865 48.47 39.924 48.376 39.816 48.308 39.885 48.279
39.957 48.293 39.979 48.29 39.993 48.273 39.991 48.254 39.96 48.222 39.894 48.183 39.843 48.12 39.831 48.1 39.829 48.077 39.844 48.046 39.84 48.035
39.885 48.279 39.957 48.293
39.84 48.035 39.834 48.036
39.834 48.036 39.779 48.029 39.76 48.015 39.78 47.993 39.796 47.961 39.777 47.914 39.783 47.887 39.776 47.858 39.759 47.833 39.734 47.816 39.701 47.812
39.114 47.829 39.093 47.832 39.039 47.857 38.877 47.861
38.877 47.861 38.831 47.848 38.796 47.82 38.771 47.781 38.753 47.735 38.745 47.693 38.735 47.677 38.713 47.676
39.392 47.823 39.32 47.846
39.32 47.846 39.114 47.829
39.509 47.823 39.457 47.831
39.457 47.831 39.392 47.823
39.701 47.812 39.57 47.831
39.57 47.831 39.509 47.823
38.713 47.676 38.678 47.685
38.678 47.685 38.662 47.683 38.588 47.634 38.562 47.627 38.353 47.607 38.319 47.591 38.293 47.563 38.26 47.493 38.264 47.422 38.258 47.393 38.191 47.317 38.189 47.301 38.201 47.291 38.22 47.289
38.258 47.293 38.292 47.287 38.301 47.276 38.298 47.256 38.285 47.241 38.223 47.215 38.203 47.192 38.197 47.162 38.201 47.131 38.217 47.103
38.22 47.289 38.258 47.293
46.378 38.925 46.514 38.882
46.136 38.864 46.202 38.871 46.291 38.914 46.378 38.925
43.44 41.107 43.436 41.083 43.445 41.051 43.46 41.023 43.48 41.009 43.522 41.004 43.565 40.988 43.605 40.963 43.636 40.934 43.648 40.914 43.66 40.852 43.721 40.763 43.729 40.677 43.7 40.635 43.707 40.612 43.665 40.574 43.651 40.553 43.653 40.529
43.653 40.529 43.631 40.537
43.631 40.537 43.639 40.523 43.615 40.52 43.594 40.509 43.559 40.478 43.564 40.465 43.625 40.42 43.594 40.345 43.604 40.33 43.676 40.266 43.691 40.239 43.673 40.228 43.721 40.169 43.712 40.156 43.666 40.149 43.653 40.139 43.665 40.11 43.711 40.091 43.803 40.071 43.912 40.024 44.032 40.009
44.289 40.043 44.326 40.035 44.464 39.972 44.522 39.934 44.559 39.897 44.567 39.873 44.591 39.858 44.598 39.831
44.135 40.022 44.255 40.043 44.289 40.043
44.104 40.036 44.135 40.022
44.032 40.009 44.104 40.036
44.612 39.837 44.648 39.805 44.671 39.796
44.598 39.831 44.612 39.837
44.682 39.797 44.775 39.703
44.671 39.796 44.682 39.797
47.957 39.707 47.991 39.694 48.052 39.65 48.22 39.494 48.289 39.445 48.317 39.415 48.339 39.379 48.302 39.37 48.25 39.342 48.187 39.333 48.154 39.319 48.125 39.298 48.106 39.269 48.104 39.235 48.118 39.208 48.142 39.181 48.199 39.138 48.256 39.12 48.271 39.108 48.307 39.045 48.294 39.005 48.284 38.994 48.243 38.974 48.059 38.948 48.052 38.928 48 38.903 47.991 38.891 47.993 38.85 48.013 38.822 48.078 38.781 48.223 38.721 48.23 38.699 48.228 38.662 48.277 38.632 48.31 38.6 48.341 38.6
47.923 39.684 47.935 39.687 47.957 39.707
47.847 39.685 47.923 39.684
46.942 39.159 47.02 39.19 47.031 39.2 47.053 39.245 47.102 39.308 47.15 39.331 47.291 39.38 47.374 39.456 47.407 39.477 47.449 39.495 47.541 39.515 47.607 39.564 47.745 39.624 47.804 39.67 47.847 39.685
44.807 39.64 44.828 39.629 44.872 39.625 44.865 39.618 44.886 39.606 44.898 39.584 44.928 39.488 44.941 39.468 44.962 39.454 44.953 39.442 44.957 39.434 44.988 39.419
44.999 39.42 45.052 39.387 45.096 39.341 45.136 39.278 45.153 39.214
44.988 39.419 44.999 39.42
45.179 39.22 45.283 39.193
45.153 39.214 45.179 39.22
45.302 39.201 45.311 39.201 45.314 39.194 45.311 39.176 45.348 39.164 45.354 39.153 45.345 39.138 45.379 39.111 45.396 39.073 45.43 39.059 45.435 39.053 45.427 39.015 45.46 38.993 45.543 38.967 45.628 38.956 45.717 38.955 45.791 38.932 46.002 38.897 46.068 38.874 46.126 38.863
45.283 39.193 45.302 39.201
46.899 39.172 46.942 39.159
46.514 38.882 46.554 38.89 46.585 38.908 46.652 38.993 46.728 39.028 46.745 39.04 46.774 39.085 46.806 39.102 46.851 39.155 46.883 39.171 46.899 39.172
46.126 38.863 46.136 38.864
48.415 38.618 48.434 38.57 48.549 38.456 48.576 38.42 48.608 38.396 48.659 38.393
48.341 38.6 48.392 38.618 48.415 38.618
48.778 38.445 48.874 38.434
48.659 38.393 48.71 38.407 48.778 38.445
44.775 39.703 44.784 39.69 44.796 39.652 44.807 39.64
100.006 51.732 99.918 51.749 99.71 51.881 99.679 51.889 99.557 51.891 99.295 51.944 99.233 51.994 99.025 52.046 98.995 52.058 98.974 52.08 98.962 52.113 98.928 52.13
98.928 52.13 98.886 52.129 98.856 52.107 98.847 52.039 98.839 52.025 98.8 51.993 98.777 51.93 98.711 51.845 98.651 51.797 98.619 51.781 98.425 51.746 98.332 51.718 98.274 51.655 98.228 51.583 98.224 51.56 98.234 51.517 98.22 51.475
100.21 51.726 100.098 51.739
100.098 51.739 100.006 51.732
101.35 51.45 101.315 51.464 101.242 51.515 101.117 51.528 101.069 51.553 100.639 51.692 100.571 51.705 100.511 51.727
100.511 51.727 100.21 51.726
98.22 51.475 98.138 51.486
98.138 51.486 98.111 51.485 98.051 51.466 98.021 51.435 97.975 51.369 97.923 51.318 97.916 51.286 97.928 51.251 97.929 51.215 97.9 51.168 97.87 51.087 97.806 51.001 97.809 50.97 97.836 50.941 97.872 50.917 97.919 50.897 97.953 50.863 97.985 50.847 97.99 50.836 97.947 50.796 97.944 50.774 98.038 50.623 98.136 50.571 98.251 50.551 98.275 50.538 98.293 50.519 98.301 50.493 98.298 50.46 98.266 50.401 98.262 50.367 98.272 50.319 98.269 50.299 98.106 50.064 98.048 50.023 97.906 49.973 97.83 49.923
101.644 51.45 101.526 51.476
101.526 51.476 101.482 51.473 101.388 51.451 101.35 51.45
101.822 51.414 101.795 51.419 101.742 51.445 101.697 51.452
101.697 51.452 101.644 51.45
102.974 50.296 102.887 50.315 102.763 50.375 102.618 50.399 102.587 50.415 102.513 50.504 102.472 50.525 102.373 50.534 102.328 50.546 102.303 50.564 102.282 50.591 102.272 50.621 102.276 50.65 102.32 50.696 102.329 50.719 102.308 50.748 102.217 50.799 102.203 50.829 102.213 50.857 102.232 50.885 102.239 50.912 102.215 50.938 102.231 50.965 102.23 50.979 102.165 51.058 102.147 51.098 102.142 51.135 102.15 51.185 102.135 51.24 102.193 51.307 102.184 51.324 102.075 51.375 102.051 51.384 101.974 51.387 101.902 51.417
101.902 51.417 101.822 51.414
92.65 50.674 92.612 50.688 92.555 50.743 92.443 50.786 92.419 50.812 92.4 50.851 92.385 50.866 92.361 50.868
92.361 50.868 92.315 50.856 92.302 50.843 92.294 50.791 92.243 50.72 92.159 50.689 92.063 50.686
93.105 50.599 93.043 50.61 93.011 50.623 92.973 50.694 92.974 50.742 92.962 50.778 92.921 50.792 92.858 50.796
92.858 50.796 92.796 50.788 92.76 50.771 92.747 50.721 92.735 50.705 92.695 50.682 92.65 50.674
92.063 50.686 91.9 50.707
91.9 50.707 91.824 50.702 91.75 50.684 91.68 50.657 91.653 50.64 91.603 50.58 91.576 50.562 91.475 50.536 91.45 50.519 91.432 50.478 91.416 50.461 91.382 50.455
94.625 50.015 94.603 50.02 94.564 50.071 94.509 50.11 94.492 50.152 94.475 50.162 94.392 50.186 94.369 50.203 94.344 50.249 94.332 50.301 94.328 50.404 94.32 50.429 94.28 50.493 94.273 50.545 94.259 50.558 94.238 50.565 93.536 50.585 93.422 50.609
93.422 50.609 93.105 50.599
105.639 50.422 105.329 50.476
105.329 50.476 105.278 50.473 105.241 50.458 105.131 50.398 105.05 50.383
91.382 50.455 91.26 50.467
91.26 50.467 91.13 50.426 91.012 50.425 90.975 50.414 90.877 50.339 90.84 50.321 90.762 50.306 90.727 50.292 90.718 50.281 90.713 50.238 90.684 50.216 90.648 50.207 90.605 50.206
106.245 50.29 106.222 50.292 106.135 50.327 106.056 50.334 106.044 50.346 106.039 50.371 105.985 50.4 105.904 50.404 105.779 50.429
105.779 50.429 105.639 50.422
105.05 50.383 104.934 50.393
104.934 50.393 104.879 50.384 104.818 50.358 104.79 50.353
104.79 50.353 104.697 50.353
104.697 50.353 104.672 50.348 104.61 50.314 104.577 50.309
107.225 49.997 107.192 50.006 107.115 50.05 107.057 50.074 107.034 50.119 106.998 50.15 106.974 50.196 106.936 50.209 106.788 50.292 106.746 50.307 106.657 50.327 106.548 50.336
106.548 50.336 106.44 50.328 106.245 50.29
104.577 50.309 104.474 50.313
104.474 50.313 104.406 50.301 104.377 50.289 104.269 50.229 104.198 50.17 104.122 50.148 104.04 50.141
103.307 50.19 103.277 50.198 103.253 50.215 103.24 50.244 103.202 50.297 103.13 50.309
103.13 50.309 102.974 50.296
114.473 50.234 114.425 50.242 114.333 50.272 114.286 50.277
114.286 50.277 114.2 50.256 114.118 50.224 114.055 50.184 113.973 50.161 113.85 50.081 113.816 50.077
115.388 49.891 115.21 49.972 115.063 50.078 115.015 50.133 114.997 50.144 114.754 50.236 114.66 50.251
114.66 50.251 114.473 50.234
90.605 50.206 90.519 50.218
90.519 50.218 90.475 50.215 90.425 50.187 90.344 50.175 90.223 50.114 90.182 50.102 90.051 50.084 90.021 50.071 90.005 50.051 89.996 49.993 89.969 49.967 89.92 49.951 89.866 49.943 89.721 49.94 89.668 49.927 89.624 49.903 89.615 49.842 89.644 49.819 89.626 49.788 89.639 49.775 89.702 49.753 89.713 49.735 89.702 49.72 89.616 49.685 89.52 49.663 89.475 49.643
103.668 50.131 103.601 50.134 103.534 50.154 103.474 50.182 103.407 50.197
103.407 50.197 103.307 50.19
104.04 50.141 103.974 50.149 103.845 50.185 103.785 50.186
103.785 50.186 103.668 50.131
113.816 50.077 113.773 50.082
113.773 50.082 113.58 50.02 113.459 49.957 113.416 49.922 113.212 49.822 113.183 49.802 113.157 49.777 113.087 49.687 113.077 49.669 113.072 49.618 113.061 49.596 113.044 49.589 112.97 49.583 112.926 49.567 112.868 49.532 112.777 49.501 112.701 49.491
95.076 49.946 95.028 49.963 94.981 50.025 94.954 50.041 94.922 50.046
94.922 50.046 94.746 50.04 94.625 50.015
95.946 49.939 95.923 49.945 95.904 49.965 95.892 49.993 95.867 50.015 95.828 50.02
95.828 50.02 95.788 50.012 95.721 49.959 95.68 49.946 95.584 49.937 95.563 49.928 95.521 49.89 95.501 49.887
116.684 49.823 116.653 49.864 116.617 49.897 116.575 49.922 116.218 50.014 116.135 50.014
116.135 50.014 116.054 49.998 115.751 49.885 115.683 49.878
107.808 49.944 107.729 49.972 107.364 49.976 107.305 50.01
107.305 50.01 107.225 49.997
96.373 49.886 96.323 49.898 96.236 49.949 96.056 49.999
96.056 49.999 96.012 49.985 95.975 49.952 95.946 49.939
97.83 49.923 97.778 49.956 97.756 49.961
97.756 49.961 97.642 49.93 97.567 49.917 97.563 49.909 97.581 49.878 97.574 49.848 97.543 49.823 97.391 49.749 97.302 49.726
95.501 49.887 95.481 49.892 95.4 49.939 95.355 49.948
95.355 49.948 95.076 49.946
107.963 49.661 107.927 49.67 107.927 49.683 107.955 49.733 107.95 49.782 107.93 49.851 107.953 49.897 107.956 49.923 107.947 49.933 107.839 49.947
107.839 49.947 107.808 49.944
96.585 49.858 96.568 49.862 96.524 49.916 96.503 49.922
96.503 49.922 96.475 49.922 96.373 49.886
97.302 49.726 97.205 49.734 97.153 49.75 97.12 49.794 97.057 49.813 97.006 49.865 96.969 49.887 96.702 49.914
96.702 49.914 96.68 49.91 96.626 49.873 96.585 49.858
115.683 49.878 115.578 49.894
115.578 49.894 115.509 49.887
115.509 49.887 115.45 49.891
115.45 49.891 115.388 49.891
108.608 49.324 108.538 49.327 108.474 49.356 108.335 49.436 108.277 49.483 108.251 49.522 108.236 49.532 108.21 49.54 108.126 49.547 108.033 49.589 108.005 49.618 108.016 49.656 108.003 49.663
108.003 49.663 107.963 49.661
89.475 49.643 89.442 49.644
89.442 49.644 89.398 49.599 89.372 49.582 89.339 49.581
89.339 49.581 89.252 49.629 89.216 49.634
89.216 49.634 89.187 49.622 89.178 49.598 89.216 49.545 89.195 49.522 89.161 49.503 89.014 49.461 88.975 49.456
88.975 49.456 88.963 49.462 88.908 49.536 88.889 49.542
88.889 49.542 88.868 49.538 88.859 49.527 88.855 49.474 88.875 49.442 88.871 49.436
112.701 49.491 112.671 49.496 112.584 49.526 112.473 49.534
112.473 49.534 112.432 49.529 112.03 49.412 111.661 49.396 111.504 49.347 111.455 49.343
88.871 49.436 88.696 49.447 88.649 49.484 88.616 49.493
88.616 49.493 88.539 49.467 88.475 49.464
88.475 49.464 88.402 49.476
88.402 49.476 88.2 49.454 88.175 49.444 88.116 49.357 88.148 49.297 88.144 49.271 88.109 49.247 88.03 49.216 87.975 49.176 87.957 49.169 87.855 49.159
111.455 49.343 111.363 49.368
111.363 49.368 111.338 49.365 111.274 49.323 111.139 49.292 110.966 49.207 110.841 49.162 110.731 49.138 110.688 49.135
109.033 49.328 108.93 49.349
108.93 49.349 108.859 49.341
109.411 49.303 109.287 49.339 109.161 49.347
109.161 49.347 109.033 49.328
108.859 49.341 108.751 49.341
108.751 49.341 108.608 49.324
109.516 49.256 109.474 49.269 109.462 49.3 109.451 49.306
109.451 49.306 109.411 49.303
110.181 49.162 109.818 49.228 109.785 49.251 109.729 49.266
109.729 49.266 109.516 49.256
110.688 49.135 110.604 49.145 110.508 49.184 110.451 49.195 110.382 49.24 110.371 49.242
110.371 49.242 110.309 49.196 110.268 49.177 110.225 49.165 110.181 49.162
87.855 49.159 87.816 49.166
123.277 53.569 123.34 53.561 123.368 53.546 123.432 53.536 123.482 53.518
122.402 53.451 122.471 53.465 122.86 53.474 123.003 53.507 123.154 53.513 123.235 53.56 123.277 53.569
123.614 53.563 123.64 53.551 123.678 53.52 123.702 53.51 123.85 53.495 123.971 53.455 123.99 53.441 124.017 53.407 124.069 53.39 124.122 53.353
123.542 53.514 123.561 53.524 123.592 53.558 123.614 53.563
123.514 53.562 123.535 53.555 123.547 53.541 123.52 53.52 123.542 53.514
123.482 53.518 123.495 53.56 123.514 53.562
122.317 53.496 122.338 53.491 122.402 53.451
122.082 53.43 122.169 53.469 122.226 53.474 122.317 53.496
121.889 53.431 122.082 53.43
121.406 53.317 121.512 53.33 121.641 53.385 121.889 53.431
124.209 53.383 124.253 53.376 124.293 53.351 124.343 53.272 124.384 53.246 124.408 53.236 124.528 53.21
124.122 53.353 124.182 53.379 124.209 53.383
121.358 53.324 121.406 53.317
121.152 53.275 121.203 53.277 121.254 53.287 121.3 53.303 121.328 53.32 121.358 53.324
121.055 53.29 121.152 53.275
120.176 52.584 120.079 52.59 120.043 52.614 120.03 52.639 120.033 52.659 120.053 52.693 120.046 52.734 120.033 52.761 120.066 52.783 120.156 52.809 120.22 52.845 120.28 52.866 120.291 52.885 120.327 52.899 120.354 52.933 120.392 52.957 120.45 53.008 120.528 53.056 120.615 53.097 120.652 53.123 120.714 53.185 120.751 53.207 120.824 53.235 120.83 53.245 120.826 53.262 120.846 53.273 120.874 53.28 121.055 53.29
125.074 53.212 125.127 53.207 125.428 53.095 125.477 53.084 125.5 53.051 125.521 53.042
124.87 53.108 124.896 53.118 124.879 53.154 124.88 53.173 124.898 53.186 125.019 53.211 125.074 53.212
124.64 53.21 124.688 53.194 124.696 53.184 124.698 53.163 124.72 53.149 124.747 53.148
124.528 53.21 124.64 53.21
124.801 53.155 124.822 53.147 124.848 53.114 124.87 53.108
124.747 53.148 124.801 53.155
125.621 53.062 125.65 53.023 125.734 52.982 125.72 52.946 125.679 52.933 125.647 52.901 125.646 52.885 125.669 52.878
125.521 53.042 125.584 53.059 125.621 53.062
125.837 52.907 125.857 52.899 125.864 52.889 125.857 52.864 125.867 52.849 125.977 52.765 125.985 52.765
125.669 52.878 125.736 52.896 125.837 52.907
126.067 52.783 126.088 52.775 126.104 52.754 126.066 52.744 126.035 52.727 126.062 52.697 126.069 52.68 126.003 52.665 125.983 52.653 125.973 52.632 125.991 52.586 126.009 52.568 126.028 52.566
125.985 52.765 126.018 52.782 126.067 52.783
120.625 51.905 120.648 51.911 120.711 51.988 120.712 52.002 120.696 52.034 120.706 52.061 120.745 52.077 120.779 52.118 120.771 52.141 120.783 52.162 120.751 52.203 120.758 52.237 120.739 52.257 120.655 52.299 120.626 52.347 120.628 52.358 120.652 52.372 120.66 52.399 120.69 52.439 120.69 52.47 120.702 52.489 120.708 52.518 120.724 52.542 120.654 52.567 120.609 52.574 120.492 52.617 120.454 52.639
120.454 52.639 120.368 52.617 120.261 52.611 120.176 52.584
126.069 52.595 126.212 52.533 126.2 52.467 126.217 52.465
126.028 52.566 126.059 52.575 126.069 52.595
126.247 52.466 126.276 52.463 126.313 52.417 126.344 52.391 126.351 52.377 126.344 52.358 126.316 52.316 126.344 52.303 126.421 52.287 126.439 52.275 126.392 52.264 126.312 52.228 126.309 52.214 126.317 52.2 126.453 52.166 126.531 52.153 126.556 52.131 126.514 52.043 126.467 52.032 126.447 52.019 126.439 51.998 126.446 51.983 126.648 51.741 126.714 51.723 126.726 51.709 126.725 51.698 126.707 51.686 126.725 51.65 126.724 51.636 126.675 51.588 126.677 51.577 126.701 51.563 126.807 51.534 126.83 51.508 126.802 51.477 126.793 51.459 126.789 51.436 126.8 51.419 126.89 51.407 126.909 51.391 126.909 51.377 126.898 51.362 126.843 51.349 126.814 51.325 126.807 51.308 126.809 51.289 126.824 51.266 126.846 51.251
126.217 52.465 126.247 52.466
120.579 51.908 120.625 51.905
120.512 51.876 120.541 51.883 120.566 51.905 120.579 51.908
120.502 51.877 120.512 51.876
120.154 51.664 120.319 51.776 120.374 51.802 120.408 51.826 120.465 51.84 120.481 51.867 120.502 51.877
120.122 51.667 120.154 51.664
119.802 51.213 119.815 51.216 119.806 51.244 119.82 51.275 119.861 51.289 119.883 51.318 119.916 51.331 119.895 51.384 119.943 51.391 119.953 51.398 119.983 51.442 119.974 51.464 119.977 51.487 120.042 51.539 120.053 51.552 120.057 51.596 120.065 51.615 120.1 51.66 120.122 51.667
126.955 51.33 126.972 51.324 126.981 51.309 126.978 51.297 126.947 51.258 126.916 51.233 126.904 51.193 126.905 51.164 126.932 51.064 126.981 51.028 127.032 50.972 127.111 50.932 127.144 50.904 127.221 50.788 127.287 50.751 127.296 50.73 127.282 50.695 127.289 50.675 127.344 50.628 127.359 50.605 127.367 50.578 127.365 50.555 127.324 50.514 127.303 50.478 127.289 50.466 127.359 50.415 127.359 50.381 127.338 50.353 127.331 50.328 127.355 50.299 127.405 50.276 127.578 50.221 127.591 50.209 127.587 50.167 127.57 50.13 127.507 50.063 127.487 50.026 127.494 49.973 127.534 49.922 127.532 49.908 127.512 49.869 127.508 49.822 127.539 49.79 127.644 49.767 127.68 49.739 127.69 49.681 127.704 49.661 127.722 49.649 127.77 49.634 127.831 49.594 127.855 49.585 127.907 49.58
126.846 51.251 126.87 51.252 126.891 51.271 126.885 51.303 126.899 51.317 126.955 51.33
119.772 51.218 119.802 51.213
119.198 50.413 119.244 50.446 119.265 50.483 119.251 50.505 119.265 50.52 119.287 50.578 119.285 50.589 119.294 50.599 119.326 50.61 119.349 50.635 119.374 50.643 119.383 50.667 119.392 50.672 119.443 50.685 119.497 50.737 119.515 50.792 119.514 50.813 119.497 50.836 119.516 50.848 119.528 50.867 119.53 50.887 119.518 50.905 119.573 50.946 119.604 50.978 119.683 51.016 119.71 51.039 119.71 51.062 119.741 51.072 119.765 51.142 119.758 51.158 119.785 51.172 119.758 51.199 119.762 51.215 119.772 51.218
119.168 50.414 119.198 50.413
119.188 50.355 119.175 50.356 119.181 50.37 119.172 50.376 119.133 50.381 119.147 50.404 119.168 50.414
119.251 50.343 119.214 50.357
119.214 50.357 119.188 50.355
118.99 49.979 119.092 49.987 119.19 50.007 119.223 50.025 119.316 50.093 119.338 50.124 119.348 50.185 119.332 50.217 119.334 50.276 119.339 50.294 119.362 50.304 119.366 50.311 119.353 50.346 119.314 50.352
119.314 50.352 119.251 50.343
118.924 49.992 118.99 49.979
118.713 49.949 118.891 49.979 118.924 49.992
118.671 49.962 118.713 49.949
118.242 49.729 118.305 49.767 118.354 49.776 118.373 49.786 118.381 49.811 118.394 49.82 118.477 49.836 118.491 49.87 118.521 49.894 118.644 49.955 118.671 49.962
116.684 49.823 116.722 49.802 117.058 49.673 117.253 49.622 117.473 49.614 117.769 49.511
118.229 49.729 118.242 49.729
117.837 49.509 117.874 49.513 117.894 49.547 117.931 49.567 118.017 49.596 118.055 49.614 118.106 49.652 118.188 49.681 118.223 49.712 118.229 49.729
128.672 49.611 128.734 49.584 128.797 49.572 128.803 49.555 128.8 49.532 128.769 49.521 128.754 49.502 128.75 49.485 128.76 49.471 128.787 49.465
128.629 49.575 128.672 49.611
127.968 49.603 128.012 49.587 128.067 49.547 128.198 49.539
127.907 49.58 127.93 49.585 127.948 49.601 127.968 49.603
128.551 49.588 128.629 49.575
128.32 49.545 128.345 49.548 128.365 49.57 128.384 49.579 128.551 49.588
128.268 49.559 128.32 49.545
128.198 49.539 128.225 49.542 128.268 49.559
117.795 49.519 117.837 49.509
117.769 49.511 117.795 49.519
128.854 49.481 128.879 49.48 128.947 49.45 128.998 49.441 129.015 49.431 129.067 49.362 129.115 49.349
128.787 49.465 128.854 49.481
129.403 49.431 129.455 49.427 129.502 49.411 129.528 49.385 129.532 49.322 129.539 49.304 129.572 49.28 129.619 49.274
129.341 49.341 129.362 49.35 129.373 49.37 129.371 49.411 129.379 49.425 129.403 49.431
129.218 49.391 129.272 49.375 129.316 49.344 129.341 49.341
129.115 49.349 129.136 49.354 129.194 49.39 129.218 49.391
129.669 49.279 129.711 49.274 129.735 49.239 129.742 49.196 129.756 49.184 129.842 49.167 129.842 49.109 129.883 49.1 129.921 49.082 129.912 49.059 129.913 49.04 129.926 49.026 129.974 49.015 130.037 48.972 130.202 48.883 130.249 48.865
129.619 49.274 129.669 49.279
130.44 48.897 130.465 48.891 130.487 48.864 130.541 48.853
130.249 48.865 130.294 48.87 130.387 48.896 130.44 48.897
130.651 48.876 130.674 48.871 130.676 48.857 130.628 48.796 130.533 48.636 130.53 48.616 130.541 48.598 130.608 48.577 130.62 48.56 130.616 48.508 130.626 48.482 130.639 48.477
130.541 48.853 130.651 48.876
130.716 48.499 130.744 48.497 130.759 48.486 130.76 48.468 130.738 48.43 130.743 48.412 130.78 48.356 130.822 48.334 130.824 48.294 130.819 48.282 130.774 48.244 130.753 48.19 130.707 48.163 130.675 48.136 130.663 48.116 130.675 48.064 130.682 48.05 130.857 47.928 130.907 47.884 130.942 47.821 130.942 47.718 131.023 47.682 131.084 47.675
130.639 48.477 130.716 48.499
134.386 48.381 134.453 48.344 134.49 48.339
133.937 48.273 133.982 48.285 134.025 48.315 134.057 48.327 134.116 48.335 134.206 48.36 134.386 48.381
134.543 48.357 134.569 48.316 134.611 48.285 134.661 48.267 134.701 48.262
134.49 48.339 134.543 48.357
133.878 48.275 133.937 48.273
133.797 48.251 133.878 48.275
134.719 48.263 134.703 48.253 134.687 48.22 134.683 48.136 134.663 48.108 134.586 48.061 134.567 48.04 134.559 48.01 134.567 47.985 134.601 47.944 134.588 47.926 134.599 47.911 134.646 47.896 134.658 47.887 134.676 47.824 134.697 47.795 134.77 47.741 134.765 47.718 134.773 47.711 134.725 47.663 134.693 47.649 134.683 47.588 134.668 47.574 134.624 47.55 134.561 47.482 134.557 47.471 134.535 47.466 134.5 47.439 134.472 47.429
134.701 48.262 134.719 48.263
133.738 48.251 133.797 48.251
133.464 48.09 133.544 48.102 133.56 48.113 133.594 48.164 133.67 48.19 133.721 48.245 133.738 48.251
133.224 48.126 133.263 48.119 133.301 48.101 133.324 48.1
132.79 47.933 132.821 47.942 132.865 47.986 132.941 48.027 133.033 48.057 133.061 48.092 133.075 48.101 133.185 48.125 133.224 48.126
133.379 48.106 133.464 48.09
133.324 48.1 133.379 48.106
132.706 47.96 132.738 47.954 132.775 47.934 132.79 47.933
132.476 47.707 132.536 47.711 132.574 47.74 132.582 47.756 132.574 47.782 132.576 47.794 132.668 47.881 132.671 47.903 132.66 47.931 132.668 47.945 132.706 47.96
131.418 47.743 131.475 47.734 131.508 47.722 131.577 47.669 131.603 47.662
131.084 47.675 131.129 47.681 131.21 47.709 131.418 47.743
132.332 47.737 132.401 47.73 132.476 47.707
132.117 47.689 132.189 47.696 132.251 47.725 132.332 47.737
132.025 47.698 132.117 47.689
131.914 47.668 131.967 47.69 132.025 47.698
131.703 47.696 131.78 47.679
131.603 47.662 131.631 47.667 131.684 47.695 131.703 47.696
131.836 47.685 131.914 47.668
131.78 47.679 131.836 47.685
134.472 47.429 134.437 47.43 134.415 47.439
134.415 47.439 134.313 47.42 134.279 47.398 134.245 47.355 134.184 47.328 134.154 47.258 134.162 47.238 134.197 47.205 134.19 47.173 134.227 47.118 134.217 47.094 134.197 47.085 134.146 47.081 134.124 47.071 134.087 46.999 134.069 46.981 134.063 46.907 134.017 46.819 134.045 46.772 134.015 46.665 133.988 46.625 133.92 46.59 133.902 46.574 133.892 46.529 133.846 46.471 133.854 46.445 133.9 46.427 133.921 46.41 133.934 46.391 133.926 46.371 133.881 46.354 133.863 46.339 133.874 46.32
133.896 46.327 133.916 46.313 133.894 46.302 133.902 46.259 133.855 46.237 133.861 46.224 133.83 46.197
133.874 46.32 133.896 46.327
133.83 46.197 133.806 46.217
133.806 46.217 133.794 46.214 133.775 46.187 133.741 46.159 133.687 46.142 133.696 46.115 133.719 46.079 133.72 46.064 133.695 46.023 133.658 45.935 133.65 45.928
133.65 45.928 133.628 45.938
133.628 45.938 133.61 45.93 133.603 45.899 133.587 45.888 133.586 45.876 133.58 45.875
133.58 45.875 133.552 45.888
133.552 45.888 133.532 45.888 133.514 45.879 133.503 45.862 133.498 45.837 133.477 45.82 133.477 45.806 133.511 45.779 133.485 45.768 133.471 45.729 133.443 45.71 133.452 45.699 133.488 45.687 133.492 45.673 133.457 45.649 133.477 45.628 133.428 45.615 133.415 45.6 133.425 45.58 133.413 45.573 133.375 45.573 133.33 45.549 133.202 45.511 133.18 45.494 133.133 45.42 133.102 45.287 133.107 45.265 133.098 45.244 133.127 45.155 133.122 45.131 133.099 45.108 133.05 45.082 133.024 45.058 132.993 45.048 132.953 45.024
132.953 45.024 132.921 45.028 132.84 45.059 131.969 45.234 131.915 45.26 131.9 45.273 131.871 45.326 131.853 45.338
131.853 45.338 131.818 45.333 131.785 45.305 131.723 45.215 131.711 45.209
131.711 45.209 131.667 45.21
131.667 45.21 131.628 45.198 131.605 45.165 131.605 45.147 131.622 45.124 131.62 45.104 131.609 45.09 131.452 44.984 131.434 44.961 131.42 44.959
131.42 44.959 131.35 44.968
131.35 44.968 131.313 44.964 131.245 44.922 131.158 44.902
131.158 44.902 131.11 44.92
131.11 44.92 131.052 44.909 131.041 44.898 131.039 44.875 131.025 44.862 130.933 44.842 130.93 44.825 130.972 44.776 131.021 44.747 131.066 44.682 131.264 44.054 131.261 44.046 131.218 44.016 131.207 43.975 131.217 43.908 131.193 43.86 131.17 43.781 131.178 43.725 131.175 43.694 131.188 43.657 131.18 43.623 131.192 43.589 131.161 43.533 131.167 43.521 131.274 43.451 131.282 43.393 131.281 43.38 131.248 43.344 131.238 43.266 131.179 43.217 131.169 43.202 131.167 43.182 131.19 43.139 131.184 43.121 131.134 43.089 131.127 43.082 131.12 43.059 131.085 43.042 131.078 43.032 131.074 42.993 131.099 42.935 131.103 42.91 131.074 42.897
131.074 42.897 131.039 42.898
131.039 42.898 131.009 42.887 130.992 42.849
130.992 42.849 130.856 42.85 130.794 42.869
130.794 42.869 130.77 42.866 130.735 42.824
130.735 42.824 130.649 42.829
130.649 42.829 130.586 42.817 130.491 42.781 130.407 42.735 130.38 42.697 130.404 42.678 130.438 42.675
130.474 42.679 130.504 42.678 130.527 42.666 130.572 42.622 130.584 42.599 130.585 42.569 130.531 42.53
130.438 42.675 130.474 42.679
130.008 42.961 129.981 42.967 129.942 43.004 129.921 43.01
129.921 43.01 129.88 42.996 129.89 42.983 129.907 42.976 129.863 42.969 129.852 42.962 129.847 42.928 129.799 42.837 129.79 42.792 129.757 42.735 129.758 42.704 129.787 42.685 129.788 42.677 129.772 42.662 129.777 42.647 129.751 42.643 129.742 42.629 129.746 42.616 129.763 42.612 129.763 42.606 129.737 42.585 129.729 42.476 129.703 42.442 129.671 42.438
130.14 42.907 130.099 42.922 130.112 42.929 130.13 42.959 130.134 42.973 130.121 42.982
130.121 42.982 130.047 42.962 130.008 42.961
130.404 42.604 130.325 42.65 130.317 42.667 130.263 42.709 130.243 42.743 130.242 42.782 130.256 42.867 130.239 42.902 130.194 42.908
130.194 42.908 130.14 42.907
130.531 42.53 130.517 42.599 130.501 42.611
130.501 42.611 130.484 42.61 130.455 42.585 130.471 42.57 130.468 42.555 130.453 42.549
130.453 42.549 130.431 42.562 130.428 42.599 130.413 42.605
130.413 42.605 130.404 42.604
129.671 42.438 129.592 42.448
129.592 42.448 129.594 42.422 129.588 42.411 129.563 42.404 129.554 42.377 129.535 42.37
129.386 42.428 129.352 42.448
129.352 42.448 129.34 42.445 129.339 42.438 129.352 42.421 129.338 42.414
129.535 42.37 129.527 42.373 129.517 42.391 129.489 42.403 129.434 42.441
129.434 42.441 129.386 42.428
129.338 42.414 129.327 42.427
129.327 42.427 129.315 42.422 129.304 42.39 129.236 42.374 129.229 42.35 129.242 42.339 129.236 42.324 129.226 42.318
129.226 42.318 129.194 42.318
129.194 42.318 129.194 42.311 129.228 42.298 129.216 42.291 129.211 42.267 129.183 42.255 129.181 42.243 129.187 42.236 129.209 42.235 129.214 42.226 129.106 42.142
129.106 42.142 129.065 42.154
129.065 42.154 129.063 42.136 129.053 42.123 129.009 42.095 128.964 42.089 128.94 42.035 128.903 42.026
128.903 42.026 128.817 42.044 128.721 42.048
128.721 42.048 128.709 42.03 128.683 42.026
128.408 42.008 128.364 42.026 128.262 42.033
128.262 42.033 128.101 41.999 128.055 41.998 128.035 41.994 128.021 41.98 128.04 41.88 128.058 41.85 128.091 41.842 128.097 41.823 128.144 41.755 128.159 41.712 128.224 41.669 128.251 41.66 128.269 41.643 128.281 41.623 128.283 41.605 128.303 41.583 128.288 41.545 128.186 41.404 128.146 41.376
128.683 42.026 128.608 42.03
128.608 42.03 128.564 42.001
128.502 41.996 128.454 42.01
128.454 42.01 128.408 42.008
128.564 42.001 128.544 42.008
128.544 42.008 128.502 41.996
126.946 41.766 126.941 41.772 126.94 41.794 126.93 41.801
126.93 41.801 126.887 41.785 126.865 41.747 126.809 41.73 126.789 41.696
127.033 41.732 126.981 41.763 126.959 41.767
126.959 41.767 126.946 41.766
126.789 41.696 126.742 41.729 126.713 41.741
126.713 41.741 126.679 41.736 126.687 41.724 126.728 41.701 126.669 41.667
127.077 41.681 127.043 41.733
127.043 41.733 127.033 41.732
127.06 41.682 127.077 41.681
127.135 41.522 127.128 41.532 127.105 41.537 127.137 41.569 127.18 41.585 127.166 41.595 127.097 41.612 127.105 41.626 127.059 41.643 127.045 41.668 127.049 41.678 127.06 41.682
126.669 41.667 126.634 41.669
126.634 41.669 126.618 41.666 126.602 41.642 126.567 41.614 126.567 41.602 126.581 41.575 126.577 41.562 126.559 41.534 126.542 41.489 126.501 41.434 126.522 41.378 126.522 41.352 126.488 41.344
127.258 41.525 127.207 41.546
127.207 41.546 127.18 41.517
127.344 41.491 127.269 41.505 127.29 41.519 127.281 41.531
127.281 41.531 127.258 41.525
127.18 41.517 127.156 41.531
127.156 41.531 127.135 41.522
127.526 41.484 127.474 41.499
127.474 41.499 127.427 41.483
127.427 41.483 127.405 41.484 127.379 41.499
127.379 41.499 127.344 41.491
127.638 41.43 127.598 41.45 127.559 41.458 127.545 41.469 127.543 41.491
127.543 41.491 127.526 41.484
128.024 41.411 128.015 41.413 128.012 41.46 128.001 41.471
128.001 41.471 127.974 41.45
127.974 41.45 127.944 41.471
127.944 41.471 127.881 41.461 127.865 41.437 127.849 41.431
127.785 41.437 127.69 41.439 127.663 41.447
127.663 41.447 127.638 41.43
127.849 41.431 127.81 41.444
127.81 41.444 127.785 41.437
128.064 41.388 128.047 41.399 128.051 41.421
128.051 41.421 128.024 41.411
128.146 41.376 128.104 41.379 128.118 41.393 128.104 41.4
128.104 41.4 128.088 41.389 128.064 41.388
126.488 41.344 126.501 41.366 126.473 41.367
126.473 41.367 126.441 41.348 126.391 41.303 126.357 41.249 126.31 41.208 126.275 41.153 126.147 41.092 126.124 41.076 126.138 41.057 126.101 41.022 126.104 41.009 126.076 40.997 126.066 40.969 126.046 40.945 126.029 40.935 125.992 40.928 125.981 40.914
125.997 40.915 126.015 40.909 125.995 40.894 125.964 40.891 125.936 40.877
125.981 40.914 125.997 40.915
125.936 40.877 125.902 40.899
125.902 40.899 125.822 40.87
125.822 40.87 125.771 40.886
125.771 40.886 125.755 40.882 125.746 40.868 125.706 40.86 125.683 40.848 125.645 40.811 125.683 40.769 125.669 40.762 125.61 40.761
125.61 40.761 125.587 40.782 125.572 40.785
125.572 40.785 125.56 40.778 125.546 40.726 125.479 40.719 125.46 40.701 125.456 40.68 125.444 40.669
125.444 40.669 125.426 40.671
125.426 40.671 125.419 40.667 125.413 40.632
125.337 40.641 125.308 40.65
125.308 40.65 125.277 40.644 125.256 40.615 125.182 40.594 125.074 40.548 125.025 40.534 125.015 40.522 125.015 40.508 125.046 40.471 125.041 40.461 125.007 40.456
125.413 40.632 125.391 40.632 125.364 40.647
125.364 40.647 125.337 40.641
124.96 40.454 124.918 40.461 124.896 40.484
124.896 40.484 124.85 40.432 124.801 40.394 124.741 40.37 124.712 40.31 124.643 40.294 124.571 40.252 124.555 40.241 124.549 40.221 124.528 40.214 124.37 40.098
125.007 40.456 124.987 40.457
124.987 40.457 124.96 40.454
130.7 42.295 130.663 42.321 130.657 42.383 130.646 42.401 130.629 42.415 130.587 42.432 130.546 42.495 130.531 42.53
70.703 40.789 70.705 40.807 70.697 40.816 70.514 40.973 70.446 41.026 70.401 41.04
70.401 41.04 70.364 41.032 70.336 40.927 70.28 40.878 70.208 40.845 70.104 40.813 70.01 40.758 69.803 40.706 69.718 40.636 69.691 40.63
70.649 40.818 70.683 40.795 70.703 40.789
70.372 40.413 70.357 40.43 70.354 40.456 70.37 40.476 70.399 40.49 70.478 40.505 70.525 40.557 70.569 40.57 70.617 40.612 70.707 40.669 70.732 40.675 70.741 40.688 70.756 40.695 70.767 40.738 70.729 40.754 70.637 40.771 70.622 40.786 70.619 40.803 70.629 40.816 70.649 40.818
69.691 40.63 69.648 40.647 69.619 40.682 69.571 40.712 69.532 40.759 69.509 40.775 69.477 40.777 69.436 40.803 69.418 40.804
69.418 40.804 69.355 40.78 69.33 40.755 69.314 40.729 69.307 40.699 69.313 40.609 69.309 40.596 69.295 40.589 69.234 40.585 69.198 40.567 69.198 40.546 69.238 40.494
69.238 40.494 69.26 40.438 69.306 40.365 69.313 40.343 69.305 40.294 69.273 40.29
70.371 40.413 70.372 40.413
70.442 40.343 70.371 40.365 70.385 40.4 70.371 40.413
70.664 40.197 70.622 40.2 70.582 40.222 70.551 40.31 70.524 40.344 70.502 40.351
70.502 40.351 70.442 40.343
69.273 40.29 69.235 40.301
69.235 40.301 69.208 40.298 69.212 40.269 69.285 40.219 69.285 40.195 69.248 40.182
70.959 40.238 70.938 40.24
70.938 40.24 70.85 40.234 70.707 40.2 70.664 40.197
69.248 40.182 69.198 40.183 69.019 40.232
69.019 40.232 68.857 40.213 68.802 40.191 68.778 40.189
68.778 40.189 68.721 40.197
68.721 40.197 68.602 40.175 68.581 40.164 68.607 40.142 68.687 40.11
68.931 40.147 68.977 40.121 68.984 40.107 68.985 40.077 68.977 40.065 68.955 40.062
68.687 40.11 68.931 40.147
68.813 40.039 68.79 40.07 68.775 40.08
68.775 40.08 68.762 40.061 68.764 40.052 68.785 40.034 68.783 40.013 68.789 39.994 68.877 39.901 68.881 39.878 68.838 39.865
68.955 40.062 68.882 40.071
68.882 40.071 68.862 40.066 68.813 40.039
68.838 39.865 68.815 39.892 68.8 39.935 68.78 39.969 68.759 39.981
68.759 39.981 68.752 39.973 68.756 39.954 68.788 39.896 68.787 39.882 68.775 39.863 68.758 39.858 68.742 39.82
68.742 39.82 68.728 39.825 68.702 39.858 68.685 39.868
68.685 39.868 68.651 39.845
68.651 39.845 68.626 39.85
68.626 39.85 68.616 39.828 68.606 39.667 68.6 39.643 68.587 39.623 68.563 39.604 68.52 39.583 68.507 39.568 68.517 39.548 68.436 39.529 68.387 39.525
68.387 39.525 68.338 39.528 68.256 39.551 68.106 39.554 67.765 39.623 67.718 39.623
67.718 39.623 67.68 39.614 67.587 39.563 67.507 39.553 67.488 39.538 67.495 39.494 67.477 39.484
67.477 39.484 67.452 39.487
67.452 39.487 67.436 39.486 67.427 39.477 67.415 39.438 67.407 39.361 67.387 39.294 67.38 39.292
67.38 39.292 67.371 39.295
67.371 39.295 67.346 39.281 67.343 39.26 67.35 39.22 67.378 39.199 67.499 39.166 67.58 39.164 67.62 39.151 67.645 39.131
67.661 39.133 67.677 39.12 67.679 39.106 67.667 39.028 67.672 39.004 67.691 38.99 67.818 38.973
67.645 39.131 67.661 39.133
67.949 39.002 67.98 38.997 68.003 38.982 68.02 38.98
67.818 38.973 67.845 38.974 67.949 39.002
68.069 38.996 68.085 38.994
68.02 38.98 68.069 38.996
68.085 38.994 68.101 38.979 68.174 38.867 68.173 38.845 68.151 38.815 68.119 38.797 68.096 38.793
68.096 38.793 68.078 38.793
68.078 38.793 68.067 38.788 68.063 38.766 68.077 38.738 68.076 38.727 68.045 38.707 68.038 38.692 68.054 38.636 68.055 38.536 68.087 38.494 68.098 38.432 68.108 38.418 68.147 38.389 68.184 38.335 68.201 38.322 68.253 38.299 68.332 38.243 68.356 38.213 68.361 38.174 68.344 38.115 68.32 38.06 68.281 38.013 68.249 37.949 68.218 37.936 68.14 37.923 68.122 37.908 68.08 37.806 68.05 37.76 67.977 37.68 67.923 37.639 67.872 37.587 67.829 37.528 67.801 37.466 67.797 37.424 67.817 37.345 67.821 37.303 67.804 37.233 67.781 37.189
71.05 38.409 71.009 38.459 70.974 38.474
70.974 38.474 70.951 38.473 70.943 38.466 70.947 38.443 70.936 38.433
70.936 38.433 70.871 38.453
70.871 38.453 70.843 38.44
70.843 38.44 70.777 38.446
70.777 38.446 70.761 38.444 70.742 38.419 70.683 38.415 70.665 38.405 70.665 38.399 70.685 38.387 70.677 38.375 70.632 38.35
71.264 37.924 71.258 37.926 71.256 37.95 71.273 37.998 71.302 38.042 71.316 38.083 71.335 38.112 71.359 38.184 71.365 38.207 71.358 38.251 71.334 38.281 71.3 38.299 71.218 38.326 71.156 38.376 71.117 38.399 71.077 38.412
71.077 38.412 71.05 38.409
70.632 38.35 70.609 38.351
70.609 38.351 70.596 38.338 70.597 38.309 70.583 38.275 70.547 38.263 70.47 38.121 70.415 38.095 70.326 38.011 70.294 37.996 70.284 37.982 70.254 37.973 70.25 37.956 70.262 37.939 70.215 37.929
71.7 36.679 71.653 36.687 71.611 36.705 71.564 36.751 71.545 36.79 71.539 36.836 71.528 36.856 71.463 36.948 71.46 37.011 71.431 37.067 71.433 37.127 71.441 37.168 71.454 37.193 71.45 37.217 71.487 37.267 71.494 37.308 71.495 37.371 71.487 37.409 71.511 37.486 71.497 37.567 71.502 37.61 71.522 37.638 71.543 37.72 71.53 37.761 71.538 37.779 71.575 37.798 71.59 37.816 71.594 37.834 71.59 37.891 71.598 37.898 71.567 37.928 71.537 37.944 71.501 37.946
71.501 37.946 71.379 37.913 71.341 37.893
70.215 37.929 70.192 37.933 70.172 37.946
70.172 37.946 70.161 37.921 70.165 37.89 70.179 37.861 70.196 37.84 70.24 37.828 70.257 37.792 70.275 37.774 70.27 37.763 70.283 37.705 70.275 37.675 70.254 37.655 70.254 37.631 70.241 37.617
71.341 37.893 71.271 37.926
71.271 37.926 71.264 37.924
70.048 37.541 70.008 37.549 69.99 37.567 69.955 37.575 69.935 37.606 69.919 37.617 69.895 37.618
69.895 37.618 69.802 37.582
70.241 37.617 70.238 37.618
70.238 37.618 70.216 37.617 70.199 37.579 70.158 37.541 70.129 37.532
69.802 37.582 69.754 37.597
69.754 37.597 69.665 37.576
69.665 37.576 69.529 37.586
69.529 37.586 69.509 37.579 69.491 37.537 69.425 37.494 69.412 37.473 69.384 37.453 69.378 37.437 69.377 37.381 69.391 37.371 69.384 37.36 69.386 37.342 69.403 37.311 69.41 37.277 69.418 37.268 69.41 37.246 69.445 37.236 69.442 37.224 69.408 37.177 69.351 37.144 69.324 37.121 69.246 37.104
70.129 37.532 70.042 37.549
70.042 37.549 70.048 37.541
73.674 37.431 73.485 37.481
73.485 37.481 73.441 37.48 73.378 37.453
73.378 37.453 73.321 37.467
73.321 37.467 73.276 37.459 73.201 37.404
73.618 37.233 73.602 37.241 73.597 37.262 73.61 37.281 73.631 37.296 73.705 37.311 73.739 37.338 73.746 37.353 73.746 37.395 73.753 37.428 73.718 37.432
73.718 37.432 73.674 37.431
74.321 37.414 74.316 37.427
74.316 37.427 74.304 37.4 74.279 37.398
74.418 37.389 74.368 37.396 74.344 37.421
74.344 37.421 74.321 37.414
73.201 37.404 73.179 37.411
73.179 37.411 73.132 37.384 73.088 37.326 73.068 37.315 72.996 37.309 72.924 37.275 72.902 37.254 72.831 37.24 72.791 37.22 72.761 37.187 72.658 37.029 72.509 37.011 72.475 36.997
74.279 37.398 74.25 37.404
74.25 37.404 74.224 37.403 74.208 37.39 74.206 37.356 74.188 37.338 74.052 37.312 73.899 37.265 73.836 37.257 73.798 37.229 73.784 37.226
74.513 37.377 74.455 37.394
74.455 37.394 74.418 37.389
69.246 37.104 69.124 37.169 69.096 37.213 69.036 37.252 69.021 37.288 68.985 37.32 68.965 37.329 68.888 37.338
68.888 37.338 68.89 37.323 68.918 37.302 68.921 37.288 68.916 37.279 68.905 37.277
68.905 37.277 68.89 37.282 68.857 37.325 68.836 37.329
68.836 37.329 68.814 37.323 68.81 37.312 68.822 37.282 68.82 37.251
68.726 37.275 68.687 37.279
68.687 37.279 68.669 37.278 68.658 37.268 68.671 37.247 68.649 37.244 68.627 37.206 68.551 37.193 68.524 37.165 68.404 37.152 68.418 37.128 68.411 37.113 68.366 37.103
68.82 37.251 68.747 37.276
68.747 37.276 68.726 37.275
73.709 37.217 73.68 37.242 73.66 37.244
73.66 37.244 73.618 37.233
73.784 37.226 73.746 37.231
73.746 37.231 73.709 37.217
68.033 36.925 68.011 36.931 67.996 36.956 67.962 36.99 67.918 37.014 67.878 37.064 67.833 37.073 67.785 37.097 67.773 37.11 67.772 37.125 67.781 37.189
68.366 37.103 68.307 37.114
68.307 37.114 68.288 37.103 68.281 37.087 68.288 37.024 68.278 37.01
68.278 37.01 68.213 37.021
68.213 37.021 68.186 37.018 68.152 36.993 68.121 36.98 68.033 36.925
72.475 36.997 72.406 37.008
72.406 37.008 72.361 37 72.26 36.967 72.22 36.946 72.187 36.911 72.153 36.896 72.127 36.873 71.837 36.699 71.749 36.679 71.7 36.679
66.175 37.375 66.143 37.385 66.08 37.441 65.855 37.508 65.829 37.526 65.804 37.565 65.761 37.578
65.761 37.578 65.753 37.538 65.739 37.529
65.739 37.529 65.698 37.529
65.698 37.529 65.669 37.521 65.659 37.51 65.626 37.453 65.621 37.43 65.629 37.365 65.624 37.345 65.537 37.257 65.501 37.242 65.063 37.233 64.989 37.214 64.779 37.118 64.76 37.093 64.756 37.054 64.779 36.938 64.765 36.905 64.605 36.661 64.592 36.621 64.589 36.58 64.611 36.501 64.606 36.461 64.577 36.39 64.478 36.272 64.445 36.25 64.337 36.226 64.304 36.212 64.292 36.199 64.276 36.159 64.266 36.152
66.321 37.329 66.294 37.331 66.258 37.357 66.208 37.377
66.208 37.377 66.175 37.375
66.52 37.364 66.461 37.324 66.451 37.323
66.451 37.323 66.413 37.35
66.413 37.35 66.321 37.329
64.266 36.152 64.196 36.166
64.196 36.166 64.159 36.16 64.123 36.146 64.045 36.092 64.036 36.076 64.045 35.999
64.045 35.999 63.922 36.034
63.922 36.034 63.86 36.022 63.766 35.977 63.726 35.969 63.582 35.959 63.563 35.951 63.511 35.902 63.43 35.871 63.343 35.856
63.343 35.856 63.125 35.86
63.125 35.86 63.104 35.856 63.089 35.843 63.084 35.826 63.112 35.77 63.177 35.717 63.214 35.699 63.208 35.683 63.18 35.666 63.103 35.646 63.077 35.625 63.077 35.559 63.081 35.547 63.097 35.535 63.101 35.525 63.08 35.437 63.067 35.426 62.985 35.415 62.918 35.388 62.828 35.329 62.76 35.302 62.709 35.256 62.605 35.219
61.364 35.598 61.352 35.607 61.361 35.621 61.344 35.631
61.344 35.631 61.27 35.618
61.74 35.414 61.605 35.431 61.539 35.452 61.428 35.543 61.393 35.554 61.38 35.567 61.383 35.586 61.365 35.599
61.365 35.599 61.364 35.598
62.286 35.141 62.251 35.202 62.251 35.26 62.244 35.278 62.219 35.306 62.136 35.341 62.034 35.424 62.007 35.439 61.978 35.451 61.919 35.452
61.919 35.452 61.799 35.417 61.74 35.414
62.535 35.227 62.459 35.282
62.459 35.282 62.432 35.281 62.399 35.256 62.302 35.148 62.286 35.141
62.605 35.219 62.566 35.231
62.566 35.231 62.535 35.227
67.259 37.185 67.237 37.192 67.208 37.243 67.188 37.258 67.123 37.282 67.097 37.341 67.085 37.35 67.006 37.384 66.958 37.385
66.958 37.385 66.866 37.368 66.735 37.363 66.694 37.343
66.694 37.343 66.655 37.346 66.589 37.368 66.565 37.371
66.565 37.371 66.52 37.364
67.561 37.22 67.545 37.232 67.526 37.273 67.503 37.282
67.503 37.282 67.482 37.277 67.431 37.24 67.391 37.22 67.32 37.208 67.281 37.189 67.259 37.185
67.69 37.232 67.633 37.254
67.633 37.254 67.592 37.247 67.572 37.223 67.561 37.22
67.781 37.189 67.776 37.208 67.764 37.221 67.726 37.234
67.726 37.234 67.69 37.232
42.211 37.325 42.223 37.314 42.223 37.288 42.267 37.275
41.201 37.065 41.48 37.076 42.009 37.176 42.053 37.197 42.128 37.253 42.179 37.306 42.211 37.325
42.286 37.287 42.306 37.265 42.347 37.24 42.353 37.227 42.335 37.171 42.355 37.152 42.357 37.11
42.267 37.275 42.286 37.287
40.896 37.123 41.135 37.084 41.201 37.065
39.186 36.66 39.24 36.661 39.765 36.742 39.98 36.807 40.079 36.855 40.19 36.884 40.414 37.004 40.526 37.026 40.659 37.085 40.709 37.1 40.896 37.123
38.224 36.908 38.29 36.902 38.48 36.856 38.529 36.834 38.664 36.72 38.725 36.694 38.795 36.687
37.446 36.634 37.593 36.711 37.654 36.732 37.82 36.761 38.008 36.826 38.123 36.885 38.19 36.906 38.224 36.908
36.649 36.829 36.844 36.776 36.907 36.773 36.965 36.754 37.011 36.72 37.018 36.707 37.019 36.686 37.011 36.654 37.015 36.642 37.053 36.62
36.593 36.218 36.664 36.229 36.67 36.237 36.669 36.26 36.658 36.29 36.637 36.317 36.588 36.325 36.578 36.333 36.594 36.357 36.593 36.373 36.586 36.387 36.553 36.408 36.531 36.479 36.535 36.494 36.565 36.532 36.569 36.62 36.595 36.686 36.603 36.747 36.643 36.804 36.64 36.828 36.649 36.829
39.032 36.701 39.186 36.66
38.795 36.687 39.032 36.701
37.242 36.659 37.404 36.634 37.446 36.634
37.156 36.644 37.242 36.659
37.104 36.651 37.156 36.644
37.053 36.62 37.104 36.651
36.499 36.228 36.593 36.218
36.445 36.2 36.459 36.203 36.469 36.222 36.499 36.228
36.373 36.228 36.398 36.208 36.445 36.2
36.337 35.988 36.358 35.994 36.359 36.167 36.36 36.182 36.376 36.205 36.361 36.218 36.373 36.228
36.297 36.001 36.337 35.988
36.253 35.956 36.269 35.959 36.278 35.994 36.297 36.001
36.229 35.961 36.253 35.956
36.138 35.82 36.158 35.823 36.169 35.852 36.175 35.923 36.197 35.952 36.229 35.961
35.98 35.927 35.993 35.915 35.992 35.877 36.004 35.869 36.051 35.865 36.138 35.82
35.921 35.915 35.98 35.927
35.911 35.918 35.921 35.915
44.811 37.042 44.797 37.048 44.788 37.07 44.761 37.086 44.753 37.113 44.766 37.142
44.877 36.776 44.831 36.792 44.823 36.809 44.834 36.834 44.883 36.887 44.889 36.911 44.869 36.967 44.875 36.994 44.887 37.016 44.841 37.047
44.841 37.047 44.811 37.042
45.111 36.403 45.072 36.423 45.062 36.455 45.039 36.48 45.038 36.494 44.991 36.534 44.993 36.55 45.013 36.558 45.025 36.613 45.044 36.649 45.046 36.668 45.035 36.69 44.996 36.742 44.955 36.752 44.923 36.776 44.908 36.778
44.908 36.778 44.877 36.776
45.36 35.977 45.338 35.979 45.32 35.994 45.314 36.01 45.32 36.031 45.344 36.067 45.348 36.088 45.305 36.14 45.297 36.227 45.264 36.25 45.259 36.262 45.283 36.275 45.264 36.294 45.257 36.312 45.25 36.378 45.239 36.403 45.221 36.421 45.196 36.422
45.196 36.422 45.14 36.404 45.111 36.403
45.749 35.811 45.731 35.815 45.719 35.828 45.693 35.88 45.647 35.933 45.617 35.955 45.59 35.96 45.54 35.994 45.479 36.012
45.479 36.012 45.453 36.012 45.36 35.977
46.164 35.798 46.129 35.816 46.115 35.846 46.06 35.857
46.06 35.857 46.005 35.838
46.005 35.838 45.941 35.84
45.941 35.84 45.909 35.831
45.909 35.831 45.878 35.835
45.878 35.835 45.835 35.811 45.814 35.809
46.217 35.714 46.238 35.716 46.267 35.744 46.313 35.772 46.325 35.788 46.327 35.803 46.32 35.817 46.303 35.827 46.281 35.828
46.281 35.828 46.227 35.806 46.164 35.798
45.814 35.809 45.787 35.82
45.787 35.82 45.749 35.811
46.178 35.715 46.217 35.714
46.107 35.69 46.178 35.715
46.037 35.692 46.107 35.69
45.999 35.572 46.002 35.586 45.992 35.624 45.996 35.658 46.016 35.686 46.037 35.692
45.969 35.58 45.999 35.572
46.115 35.226 46.101 35.234 46.099 35.25 46.127 35.289 46.12 35.319 46.041 35.382 45.977 35.465 45.964 35.503 45.985 35.531 45.959 35.579 45.969 35.58
46.095 35.086 46.143 35.1 46.151 35.112 46.13 35.131 46.165 35.19 46.169 35.216 46.154 35.227
46.154 35.227 46.115 35.226
46.077 35.09 46.095 35.086
46.009 35.061 46.077 35.09
45.92 35.09 45.966 35.071
45.835 34.89 45.85 34.907 45.866 34.95 45.869 34.968 45.857 35.008 45.862 35.033 45.872 35.041 45.899 35.047 45.899 35.069 45.92 35.09
45.979 35.072 46.009 35.061
45.966 35.071 45.979 35.072
45.778 34.911 45.835 34.89
45.696 34.55 45.706 34.558 45.709 34.579 45.694 34.599 45.688 34.653 45.667 34.69 45.627 34.721 45.635 34.737 45.663 34.763 45.667 34.807 45.677 34.818 45.718 34.825 45.745 34.841 45.755 34.91 45.778 34.911
45.501 34.592 45.574 34.567 45.696 34.55
45.479 34.329 45.461 34.34 45.448 34.362 45.417 34.444 45.427 34.458 45.479 34.467 45.503 34.494 45.505 34.524 45.497 34.564 45.501 34.592
45.45 33.937 45.424 33.939 45.401 33.949 45.38 33.974 45.42 33.994 45.455 34.07 45.545 34.139 45.545 34.151 45.527 34.179 45.548 34.216 45.563 34.289 45.558 34.312 45.542 34.332 45.522 34.343
45.522 34.343 45.499 34.342 45.479 34.329
45.735 33.583 45.728 33.59 45.728 33.626 45.721 33.641 45.674 33.669 45.645 33.698 45.617 33.769 45.575 33.804 45.479 33.941
45.479 33.941 45.45 33.937
45.899 33.476 45.87 33.482 45.853 33.494 45.868 33.512 45.916 33.536 45.928 33.551 45.921 33.573 45.882 33.6 45.886 33.631
45.886 33.631 45.816 33.626 45.752 33.587 45.735 33.583
46.089 33.116 46.126 33.132 46.167 33.168 46.174 33.19 46.158 33.206 46.164 33.243 46.155 33.26 46.11 33.294 46.07 33.341 46.036 33.368 46.019 33.438 45.974 33.491 45.958 33.497
45.958 33.497 45.93 33.48 45.899 33.476
46.072 33.117 46.089 33.116
46.156 32.948 46.097 32.954 46.076 32.994 46.119 33.031 46.126 33.048 46.12 33.062 46.106 33.073 46.043 33.083 46.029 33.094 46.03 33.106 46.05 33.115 46.072 33.117
47.058 32.494 46.757 32.716 46.716 32.756 46.65 32.789 46.604 32.821 46.507 32.868 46.479 32.892 46.38 32.932 46.273 32.959
46.273 32.959 46.156 32.948
47.153 32.455 47.121 32.461 47.059 32.494
47.059 32.494 47.058 32.494
48.223 30.318 48.192 30.331 48.17 30.407 48.141 30.442 48.119 30.451 48.014 30.464 48.012 30.989 48.002 30.995 47.673 30.995 47.679 31.408 47.831 31.762 47.837 31.784 47.834 31.806 47.821 31.824 47.765 31.864 47.751 31.898 47.718 31.922 47.683 31.977 47.668 32.012 47.633 32.027 47.618 32.042 47.578 32.106 47.544 32.115 47.527 32.133 47.491 32.149 47.492 32.17 47.509 32.214 47.504 32.227 47.485 32.239 47.479 32.252 47.402 32.324 47.396 32.342 47.418 32.376 47.411 32.395 47.384 32.413 47.343 32.459 47.251 32.485
47.251 32.485 47.188 32.458 47.153 32.455
48.531 29.961 48.493 29.972 48.458 29.995 48.424 30.084 48.383 30.138 48.383 30.156 48.408 30.181 48.411 30.192 48.404 30.213 48.326 30.283 48.306 30.313 48.272 30.324
48.272 30.324 48.223 30.318
35.612 32.682 35.561 32.641 35.564 32.625 35.573 32.621 35.566 32.608 35.58 32.56 35.574 32.554
35.574 32.554 35.573 32.56
35.573 32.56 35.566 32.546
35.566 32.546 35.559 32.553
35.559 32.553 35.566 32.526 35.552 32.526 35.552 32.519
35.557 32.519 35.58 32.491 35.561 32.477 35.559 32.47 35.573 32.464 35.573 32.457 35.559 32.451 35.566 32.444 35.554 32.434
35.552 32.519 35.557 32.519
35.556 32.435 35.559 32.429 35.552 32.429 35.552 32.423 35.559 32.414 35.545 32.41 35.561 32.385
35.554 32.434 35.556 32.435
35.458 31.492 35.453 31.401 35.416 31.332 35.424 31.325 35.422 31.303 35.396 31.258 35.411 31.205 35.436 31.16 35.443 31.132 35.438 31.104 35.392 31.024 35.385 30.963 35.374 30.945 35.335 30.913 35.322 30.89 35.317 30.823 35.28 30.78 35.264 30.72 35.205 30.617 35.14 30.43 35.14 30.406 35.162 30.361 35.142 30.314 35.125 30.245 35.125 30.216 35.145 30.155 35.145 30.123 35.129 30.09 35.086 30.034 35.054 29.923 35.049 29.842 35.003 29.733 34.99 29.652 34.967 29.608 34.956 29.559
35.561 32.385 35.566 32.368 35.559 32.368
35.559 32.368 35.559 32.375
35.559 32.375 35.552 32.375 35.552 32.368 35.557 32.358 35.557 32.328 35.566 32.313 35.561 32.283 35.573 32.252 35.559 32.238
35.573 32.238 35.555 32.174 35.559 32.155 35.547 32.147 35.552 32.135 35.535 32.111 35.535 32.099 35.545 32.087 35.528 32.075 35.523 32.058 35.525 32.012 35.546 31.945 35.545 31.937 35.527 31.927 35.525 31.919 35.549 31.839 35.538 31.819 35.559 31.765 35.528 31.735 35.48 31.641 35.464 31.569 35.459 31.492
35.559 32.238 35.573 32.238
35.459 31.492 35.458 31.492
81.614 30.417 81.779 30.358
81.509 30.328 81.521 30.332 81.537 30.379 81.577 30.391 81.592 30.414 81.614 30.417
81.407 30.379 81.426 30.373 81.463 30.341 81.509 30.328
81.31 30.132 81.338 30.144 81.357 30.174 81.362 30.205 81.378 30.233 81.369 30.266 81.372 30.317 81.387 30.345 81.388 30.374 81.407 30.379
81.844 30.371 81.887 30.355
81.779 30.358 81.844 30.371
81.921 30.357 81.941 30.354 81.969 30.328 81.979 30.327
81.887 30.355 81.921 30.357
82.05 30.339 82.089 30.33 82.093 30.315 82.082 30.257 82.085 30.231 82.096 30.213 82.156 30.181 82.151 30.162 82.128 30.124 82.129 30.111 82.145 30.069 82.154 30.058 82.174 30.055
81.979 30.327 82.008 30.337 82.05 30.339
80.996 30.197 81.031 30.153 81.044 30.12 81.074 30.072 81.085 30.026 81.098 30.017
81.293 30.133 81.31 30.132
81.195 30.004 81.217 30.008 81.227 30.022 81.226 30.05 81.267 30.07 81.276 30.095 81.267 30.125 81.293 30.133
82.211 30.064 82.256 30.04 82.319 30.032 82.347 30.003 82.364 30.001
82.174 30.055 82.211 30.064
81.148 30.023 81.195 30.004
81.098 30.017 81.148 30.023
82.379 30.003 82.394 30.003 82.41 29.995 82.457 29.954 82.542 29.923 82.619 29.84 82.636 29.829
82.364 30.001 82.379 30.003
82.667 29.835 82.689 29.828 82.682 29.798 82.691 29.781 82.752 29.739 82.781 29.705 82.816 29.69 82.837 29.66
82.636 29.829 82.667 29.835
82.9 29.688 82.932 29.664 82.942 29.663
82.837 29.66 82.9 29.688
82.964 29.666 82.976 29.664 83.033 29.62 83.065 29.579
82.942 29.663 82.964 29.666
83.15 29.626 83.187 29.612 83.197 29.589 83.229 29.576 83.253 29.555 83.263 29.527 83.247 29.495 83.264 29.473
83.065 29.579 83.08 29.58 83.093 29.615 83.15 29.626
83.328 29.485 83.355 29.461 83.357 29.415 83.387 29.394 83.393 29.356 83.428 29.333 83.437 29.305 83.493 29.276 83.503 29.261 83.517 29.192 83.524 29.184 83.561 29.176 83.584 29.162 83.639 29.155
83.264 29.473 83.328 29.485
83.946 29.292 83.967 29.285 83.976 29.264
83.771 29.232 83.793 29.235 83.862 29.26 83.883 29.282 83.946 29.292
84.001 29.273 84.013 29.27 84.035 29.248
83.976 29.264 84.001 29.273
84.072 29.257 84.09 29.257 84.099 29.247 84.112 29.209 84.126 29.206
84.035 29.248 84.072 29.257
83.745 29.234 83.771 29.232
83.639 29.155 83.656 29.161 83.675 29.209 83.695 29.226 83.745 29.234
84.142 29.208 84.155 29.207 84.162 29.193 84.132 29.144 84.138 29.125 84.166 29.098 84.175 29.057 84.221 29.039 84.231 29.026 84.207 28.941 84.235 28.9 84.286 28.874 84.354 28.861 84.377 28.849 84.393 28.824 84.423 28.799 84.438 28.753 84.451 28.734 84.476 28.727
84.126 29.206 84.142 29.208
84.499 28.728 84.552 28.706 84.616 28.694 84.633 28.669 84.683 28.651 84.678 28.604 84.691 28.596 84.737 28.594 84.756 28.585 84.799 28.547 84.824 28.541
84.476 28.727 84.499 28.728
85.055 28.639 85.112 28.609 85.161 28.595 85.168 28.583 85.154 28.525 85.14 28.511 85.123 28.505 85.109 28.459 85.084 28.446 85.078 28.436 85.086 28.381 85.08 28.319 85.087 28.304 85.109 28.292 85.134 28.292
84.919 28.536 84.936 28.545 84.955 28.574 85.002 28.594 85.032 28.634 85.055 28.639
84.879 28.544 84.919 28.536
84.824 28.541 84.879 28.544
85.693 28.335 85.7 28.269 85.734 28.222 85.783 28.188 85.848 28.159 85.863 28.143 85.872 28.111 85.889 28.09 85.898 28.036 85.957 27.976 85.951 27.916 85.963 27.891 85.98 27.885
85.599 28.251 85.612 28.251 85.639 28.288 85.675 28.306 85.679 28.333 85.693 28.335
85.174 28.304 85.206 28.278 85.26 28.267
85.134 28.292 85.174 28.304
85.432 28.297 85.476 28.279
85.363 28.26 85.415 28.296 85.432 28.297
85.521 28.283 85.565 28.275 85.599 28.251
85.476 28.279 85.521 28.283
85.313 28.283 85.345 28.261 85.363 28.26
85.26 28.267 85.313 28.283
86.156 28.157 86.176 28.153 86.186 28.134 86.187 28.109 86.172 28.072 86.203 28.003 86.278 27.984 86.318 27.946 86.338 27.938
86.089 27.995 86.078 28.007 86.085 28.044 86.069 28.077 86.156 28.157
86.662 28.107 86.7 28.099 86.732 28.077 86.736 28.065 86.732 28.035 86.74 28.021 86.77 28.012
86.612 28.08 86.627 28.083 86.662 28.107
86.57 28.107 86.612 28.08
86.425 27.91 86.439 27.911 86.497 27.938 86.51 27.952 86.517 27.971 86.516 28.012 86.538 28.047 86.544 28.093 86.554 28.104 86.57 28.107
86.84 28.015 86.868 27.995 86.877 27.971 86.893 27.954 86.94 27.943
86.77 28.012 86.84 28.015
86.051 27.888 86.076 27.895 86.113 27.927 86.112 27.937 86.096 27.958 86.098 27.986 86.089 27.995
86.989 27.952 87.006 27.951 87.031 27.938 87.117 27.845 87.156 27.826 87.182 27.825
86.94 27.943 86.989 27.952
86.363 27.946 86.425 27.91
86.338 27.938 86.363 27.946
87.837 27.908 87.856 27.899 87.935 27.895 87.978 27.881
87.7 27.806 87.727 27.808 87.756 27.82 87.78 27.839 87.826 27.907 87.837 27.908
88.03 27.893 88.118 27.861
87.978 27.881 88.03 27.893
86.026 27.89 86.051 27.888
85.98 27.885 86.026 27.89
87.364 27.855 87.385 27.849 87.369 27.819 87.369 27.804
87.291 27.816 87.336 27.846 87.364 27.855
87.532 27.837 87.551 27.832 87.573 27.805 87.59 27.805
87.369 27.804 87.532 27.837
87.233 27.83 87.291 27.816
87.182 27.825 87.233 27.83
87.636 27.824 87.7 27.806
87.59 27.805 87.636 27.824
80.264 29.315 80.255 29.317 80.249 29.327 80.242 29.367 80.214 29.417 80.218 29.435 80.257 29.45 80.266 29.472 80.327 29.525 80.327 29.549 80.351 29.562 80.385 29.605 80.387 29.627 80.354 29.705 80.354 29.73 80.369 29.758 80.395 29.777 80.455 29.791 80.476 29.806 80.55 29.894 80.571 29.947 80.641 29.963 80.716 30.013 80.77 30.077 80.83 30.117 80.85 30.143 80.836 30.17 80.884 30.21
97.293 27.878 97.334 27.894 97.338 27.902 97.336 27.936 97.362 27.995 97.355 28.023 97.307 28.07 97.293 28.095 97.299 28.129 97.329 28.19 97.323 28.217
97.261 27.912 97.276 27.91 97.288 27.898 97.293 27.878
97.106 27.083 97.119 27.087 97.135 27.127 97.104 27.156 97.101 27.183 96.905 27.408 96.881 27.444 96.877 27.463 96.89 27.492 96.888 27.507 96.877 27.553 96.862 27.578 96.862 27.599 96.884 27.636 96.957 27.688 96.991 27.727 97.057 27.747 97.065 27.774 97.092 27.785 97.106 27.806 97.132 27.817 97.223 27.9 97.261 27.912
96.687 27.362 96.724 27.356 96.776 27.331 96.822 27.273 96.854 27.249 96.86 27.241 96.842 27.204 96.843 27.189 96.865 27.172 97.003 27.115 97.038 27.087
96.636 27.336 96.659 27.341 96.687 27.362
96.587 27.354 96.614 27.348 96.636 27.336
96.49 27.291 96.547 27.306 96.587 27.354
96.408 27.298 96.49 27.291
95.575 26.816 95.591 26.824 95.624 26.881 95.699 26.896 95.778 26.995 95.861 27.014 95.889 27.027 95.938 27.08 95.975 27.143 96.013 27.191 96.074 27.23 96.143 27.258 96.408 27.298
97.077 27.096 97.106 27.083
97.038 27.087 97.077 27.096
95.531 26.82 95.575 26.816
95.261 26.648 95.411 26.702 95.49 26.811 95.531 26.82
95.223 26.67 95.239 26.65 95.261 26.648
94.543 24.707 94.569 24.716 94.582 24.73 94.59 24.747 94.599 24.813 94.655 24.889 94.674 24.975 94.709 25.026 94.714 25.068 94.707 25.11 94.689 25.139 94.653 25.154 94.577 25.174 94.553 25.204 94.55 25.245 94.608 25.395 94.631 25.427 94.692 25.476 94.764 25.492 94.782 25.505 94.822 25.559 94.86 25.567 94.853 25.586 94.872 25.598 94.961 25.718 94.969 25.726 95.009 25.737 95.015 25.755 95.013 25.778 94.993 25.881 95.001 25.922 95.066 25.954 95.14 26.03 95.151 26.05 95.15 26.071 95.137 26.083 95.102 26.093 95.088 26.104 95.078 26.171 95.094 26.195 95.091 26.203 95.059 26.218 95.046 26.248 95.044 26.328 95.066 26.407 95.041 26.476 95.11 26.551 95.123 26.612 95.141 26.625 95.173 26.634 95.205 26.668 95.223 26.67
94.531 24.707 94.543 24.707
94.117 23.842 94.132 23.857 94.135 23.919 94.19 23.995 94.199 24.048 94.214 24.069 94.234 24.16 94.283 24.266 94.295 24.333 94.331 24.363 94.329 24.394 94.361 24.425 94.364 24.466 94.37 24.478 94.397 24.495 94.418 24.56 94.475 24.597 94.508 24.689 94.516 24.705 94.531 24.707
93.349 24.089 93.368 24.078 93.397 24.038 93.439 23.995 93.457 23.96 93.475 23.958
93.247 23.004 93.273 23.006 93.318 23.034 93.375 23.13 93.378 23.297 93.407 23.347 93.4 23.454 93.432 23.647 93.43 23.68 93.406 23.719 93.375 23.739 93.356 23.907 93.316 23.961 93.301 24.017 93.31 24.064 93.322 24.08 93.349 24.089
93.66 24.011 93.743 23.995 93.783 23.945 93.804 23.936
93.561 23.966 93.577 23.973 93.588 23.995 93.612 24.009 93.66 24.011
93.543 23.981 93.561 23.966
93.475 23.958 93.496 23.959 93.543 23.981
93.883 23.945 93.998 23.917 94.055 23.888 94.1 23.843 94.117 23.842
93.804 23.936 93.883 23.945
93.177 23.058 93.197 23.054 93.247 23.004
93.116 22.798 93.125 22.822 93.176 22.882 93.177 22.9 93.143 22.978 93.138 23.005 93.14 23.032 93.152 23.05 93.177 23.058
93.112 22.8 93.116 22.798
93.13 22.232 93.169 22.247 93.174 22.269 93.166 22.387 93.154 22.428 93.118 22.463 93.099 22.512 93.098 22.535 93.111 22.596 93.074 22.672 93.071 22.693 93.08 22.773 93.112 22.8
93.125 22.232 93.13 22.232
93.12 22.181 93.142 22.187 93.123 22.218 93.125 22.232
93.046 22.207 93.091 22.197 93.12 22.181
92.962 21.987 92.975 21.991 92.98 22.002 92.965 22.05 92.967 22.063 92.985 22.096 93.025 22.113 93.022 22.196 93.025 22.202 93.046 22.207
92.684 22.154 92.708 22.148 92.772 22.104 92.836 22.047 92.854 22.024 92.867 21.967 92.877 21.957
92.67 22.093 92.674 22.095 92.674 22.147 92.684 22.154
92.662 22.095 92.67 22.093
92.576 21.978 92.598 21.989 92.615 22.009 92.651 22.019 92.658 22.033 92.656 22.075 92.662 22.095
92.921 22.022 92.937 22.013 92.962 21.987
92.877 21.957 92.889 21.967 92.906 22.017 92.921 22.022
99.937 20.445 99.952 20.436 99.965 20.409 99.997 20.384
99.77 20.328 99.787 20.334 99.804 20.349 99.838 20.417 99.878 20.435 99.937 20.445
100.008 20.384 100.036 20.373 100.055 20.344 100.099 20.318
99.997 20.384 100.008 20.384
99.44 20.382 99.503 20.345 99.589 20.321
99.296 20.062 99.441 20.102 99.51 20.154 99.521 20.171 99.526 20.196 99.519 20.212 99.486 20.245 99.466 20.322 99.43 20.359 99.421 20.376 99.44 20.382
99.729 20.329 99.77 20.328
99.652 20.307 99.729 20.329
99.608 20.323 99.652 20.307
99.589 20.321 99.608 20.323
99.158 20.124 99.236 20.103 99.296 20.062
98.884 19.745 98.974 19.788 99.001 19.821 99.009 19.846 98.999 19.908 99.014 19.935 99.006 19.972 99.017 20.041 99.036 20.075 99.073 20.101 99.117 20.118 99.158 20.124
98.046 19.808 98.073 19.777 98.086 19.773
98 19.636 98.008 19.639 98.014 19.652 98.005 19.724 98.018 19.789 98.025 19.803 98.046 19.808
98.808 19.807 98.852 19.784 98.884 19.745
98.533 19.676 98.548 19.693 98.598 19.709 98.624 19.738 98.749 19.763 98.808 19.807
98.111 19.777 98.172 19.732 98.213 19.718 98.219 19.677 98.238 19.665
98.086 19.773 98.111 19.777
98.489 19.707 98.533 19.676
98.394 19.686 98.44 19.688 98.489 19.707
98.348 19.691 98.394 19.686
98.238 19.665 98.307 19.69 98.348 19.691
97.99 19.637 98 19.636
97.789 19.278 97.798 19.281 97.806 19.301 97.783 19.337 97.767 19.398 97.8 19.441 97.842 19.479 97.849 19.494 97.841 19.517 97.84 19.555 97.849 19.568 97.886 19.573 97.948 19.602 97.979 19.633 97.99 19.637
97.777 19.279 97.789 19.278
97.743 18.569 97.752 18.582 97.76 18.623 97.741 18.703 97.733 18.781 97.72 18.818 97.723 18.852 97.719 18.865 97.662 18.914 97.658 18.926 97.703 18.964 97.717 19.018 97.728 19.037 97.79 19.083 97.811 19.112 97.813 19.208 97.805 19.227 97.764 19.266 97.768 19.277 97.777 19.279
97.738 18.57 97.743 18.569
97.69 18.558 97.738 18.57
97.637 18.559 97.69 18.558
97.51 18.491 97.637 18.559
97.351 18.551 97.389 18.542 97.417 18.496 97.438 18.488
97.528 18.265 97.486 18.292 97.453 18.334 97.443 18.403 97.418 18.441 97.379 18.521 97.351 18.551
97.463 18.492 97.51 18.491
97.438 18.488 97.463 18.492
97.698 18.061 97.693 18.07 97.699 18.091 97.684 18.146 97.618 18.242 97.643 18.273 97.638 18.306 97.574 18.333
97.574 18.333 97.561 18.328 97.542 18.28 97.528 18.265
98.525 16.85 98.509 16.893 98.484 16.906 98.475 16.95 98.436 17.012 98.4 17.04 98.331 17.047 98.313 17.052 98.3 17.065 98.286 17.087 98.294 17.108 98.268 17.108 98.266 17.116 98.279 17.137 98.256 17.152 98.221 17.201 98.186 17.224 98.093 17.312 98.095 17.359 98.089 17.373 98.049 17.392 98.035 17.405 97.992 17.496 97.934 17.532 97.759 17.691 97.75 17.74 97.717 17.77 97.707 17.795 97.676 17.83 97.699 17.833 97.686 17.881 97.72 17.943 97.754 17.969 97.72 18.053 97.702 18.062
97.702 18.062 97.698 18.061
98.501 16.862 98.525 16.85
98.682 16.273 98.663 16.287 98.657 16.302 98.642 16.374 98.629 16.403 98.64 16.445 98.632 16.463 98.564 16.552 98.568 16.583 98.562 16.602 98.547 16.62 98.512 16.643 98.498 16.662 98.486 16.701 98.457 16.723 98.455 16.741 98.475 16.777 98.505 16.791 98.518 16.803 98.521 16.814 98.494 16.831 98.49 16.843 98.493 16.857 98.501 16.862
98.783 16.102 98.807 16.111 98.835 16.145 98.837 16.189 98.843 16.209 98.884 16.259 98.889 16.275 98.903 16.363 98.903 16.382 98.885 16.406 98.843 16.438 98.84 16.472
98.84 16.472 98.819 16.456 98.802 16.398 98.789 16.375 98.728 16.328 98.698 16.285 98.682 16.273
98.697 16.127 98.758 16.119 98.783 16.102
98.59 16.046 98.612 16.047 98.63 16.06 98.659 16.116 98.697 16.127
98.556 16.056 98.59 16.046
98.534 15.326 98.56 15.355 98.569 15.402 98.567 15.453 98.544 15.602 98.54 15.712 98.574 15.836 98.569 15.92 98.584 15.977 98.577 15.997 98.55 16.034 98.547 16.047 98.556 16.056
98.475 15.383 98.515 15.363 98.53 15.348 98.534 15.326
98.385 15.256 98.392 15.258 98.395 15.28 98.377 15.296 98.384 15.31 98.399 15.322 98.397 15.356 98.475 15.383
98.295 15.293 98.336 15.282 98.385 15.256
98.215 15.219 98.248 15.241 98.283 15.29 98.295 15.293
98.177 15.221 98.215 15.219
98.686 14.267 98.67 14.268 98.644 14.296 98.614 14.305 98.593 14.322 98.548 14.378 98.478 14.517 98.453 14.528 98.431 14.588 98.418 14.608 98.297 14.721 98.243 14.805 98.235 14.825 98.239 14.844 98.222 14.864 98.222 14.921 98.191 14.988 98.204 15.03 98.199 15.051 98.168 15.083 98.16 15.106 98.191 15.179 98.177 15.221
99.466 12.126 99.452 12.129 99.449 12.147 99.472 12.174 99.474 12.187 99.456 12.228 99.454 12.267 99.427 12.309 99.421 12.383 99.387 12.466 99.404 12.508 99.403 12.576 99.394 12.59 99.333 12.625 99.31 12.653 99.277 12.666 99.267 12.703 99.224 12.717 99.214 12.735 99.211 12.792 99.175 12.833 99.168 12.874 99.153 12.914 99.167 12.956 99.165 12.976 99.151 12.995 99.093 13.038 99.088 13.058 99.103 13.104 99.102 13.171 99.114 13.188 99.173 13.2 99.187 13.212 99.19 13.23 99.173 13.301 99.187 13.329 99.188 13.427 99.152 13.582 99.153 13.715 99.109 13.763 99.101 13.779 99.09 13.827 99.09 13.87 99.08 13.882 99.061 13.888 99.048 13.915 99.007 13.95 98.985 13.991 98.953 14.028 98.945 14.069 98.935 14.085 98.872 14.112 98.754 14.2 98.731 14.223 98.707 14.27 98.697 14.271
98.697 14.271 98.686 14.267
99.055 10.945 99.077 10.997 99.093 11.013 99.152 11.048 99.175 11.087 99.213 11.108 99.243 11.198 99.288 11.258 99.316 11.321 99.364 11.377 99.378 11.436 99.387 11.452 99.428 11.497 99.441 11.533 99.441 11.597 99.45 11.614 99.466 11.624 99.531 11.631 99.607 11.726 99.63 11.816 99.628 11.825 99.611 11.83 99.574 11.858 99.554 11.895 99.574 11.976 99.567 11.993 99.553 12.006 99.534 12.012 99.518 12.026 99.546 12.132 99.533 12.145
99.533 12.145 99.466 12.126
99.006 10.959 99.055 10.945
98.934 10.808 98.974 10.824 98.986 10.84 98.99 10.875 98.98 10.918 98.987 10.939 99.006 10.959
98.905 10.814 98.934 10.808
98.747 10.351 98.79 10.5 98.791 10.52 98.777 10.583 98.752 10.61 98.748 10.623 98.757 10.666 98.767 10.689 98.811 10.747 98.83 10.764 98.868 10.77 98.884 10.799 98.905 10.814
97.546 28.538 97.568 28.525 97.59 28.495 97.614 28.482
97.417 28.286 97.437 28.286 97.448 28.298 97.452 28.355 97.445 28.383 97.488 28.442 97.528 28.53 97.546 28.538
97.67 28.511 97.7 28.488 97.74 28.383 97.765 28.352 97.797 28.344
97.614 28.482 97.67 28.511
97.859 28.37 97.898 28.355 97.945 28.299 97.993 28.269 97.985 28.224 97.991 28.214 98.031 28.208 98.049 28.2 98.119 28.141 98.128 28.105 98.123 28.015 98.107 27.973 98.114 27.962 98.149 27.945 98.177 27.913 98.177 27.898 98.14 27.879 98.146 27.861 98.162 27.843 98.197 27.823 98.198 27.781 98.212 27.76 98.202 27.737 98.204 27.727 98.254 27.648 98.276 27.57 98.295 27.537 98.329 27.523
97.797 28.344 97.859 28.37
97.398 28.289 97.417 28.286
97.323 28.217 97.334 28.235 97.37 28.253 97.384 28.285 97.398 28.289
98.41 27.684 98.475 27.657 98.492 27.643
98.329 27.523 98.364 27.532 98.383 27.556 98.398 27.62 98.4 27.676 98.41 27.684
98.522 27.656 98.543 27.643 98.564 27.604 98.578 27.592
98.492 27.643 98.522 27.656
98.647 27.612 98.679 27.577 98.682 27.556 98.668 27.475 98.674 27.387 98.677 27.376 98.697 27.369 98.708 27.337 98.704 27.304 98.674 27.208 98.673 27.176 98.683 27.11 98.691 27.092 98.716 27.082 98.731 27.069 98.738 27.049 98.713 26.995 98.736 26.898 98.715 26.862 98.718 26.842 98.75 26.792 98.732 26.714 98.746 26.681 98.756 26.625 98.728 26.573 98.721 26.539 98.713 26.389 98.698 26.354 98.658 26.312 98.645 26.272 98.642 26.255 98.648 26.245
98.578 27.592 98.605 27.593 98.635 27.611 98.647 27.612
98.668 26.248 98.706 26.175 98.687 26.154 98.687 26.133 98.681 26.125 98.644 26.098 98.631 26.097
98.648 26.245 98.668 26.248
98.631 26.097 98.624 26.108 98.626 26.144 98.619 26.146
98.619 26.146 98.563 26.131 98.55 26.121 98.546 26.106 98.554 26.071 98.573 26.036 98.575 25.995 98.582 25.982 98.592 25.981
98.604 25.982 98.625 25.97 98.667 25.906 98.69 25.892 98.692 25.879 98.678 25.843 98.61 25.801
98.592 25.981 98.604 25.982
98.61 25.801 98.562 25.816 98.527 25.839
98.527 25.839 98.498 25.831 98.461 25.795 98.439 25.744 98.419 25.724 98.413 25.692 98.375 25.649 98.347 25.578 98.289 25.55
98.289 25.55 98.277 25.552 98.232 25.587 98.15 25.613
98.15 25.613 98.14 25.611 98.134 25.535 98.1 25.5 98.112 25.448 98.108 25.389 98.076 25.376 98.045 25.312 98.034 25.301 97.976 25.272 97.931 25.219 97.91 25.208 97.889 25.206
97.889 25.206 97.86 25.244 97.824 25.262
97.824 25.262 97.801 25.238 97.777 25.159 97.754 25.114 97.738 25.091 97.704 25.074 97.7 25.065 97.708 24.927 97.724 24.897 97.773 24.855 97.765 24.835 97.748 24.826 97.727 24.826
97.727 24.826 97.686 24.834
97.686 24.834 97.664 24.83 97.536 24.745 97.539 24.597 97.514 24.462 97.513 24.439 97.52 24.431
97.624 24.442 97.647 24.432 97.663 24.39 97.688 24.368 97.69 24.346 97.654 24.339 97.638 24.328 97.645 24.302 97.718 24.278 97.724 24.242 97.702 24.211 97.723 24.171 97.72 24.147 97.708 24.125 97.516 23.943 97.533 23.924 97.573 23.908 97.61 23.883 97.625 23.847
97.52 24.431 97.624 24.442
98.866 24.146 98.873 24.114 98.856 24.084 98.766 24.027 98.717 23.988 98.663 23.97 98.659 23.961 98.675 23.937 98.665 23.903 98.671 23.817 98.664 23.797 98.685 23.785 98.778 23.769 98.793 23.758 98.799 23.743 98.8 23.693 98.856 23.61 98.843 23.584 98.784 23.547 98.781 23.533 98.8 23.481 98.81 23.474
98.585 24.076 98.64 24.101 98.682 24.107 98.716 24.121 98.818 24.129 98.866 24.146
98.435 24.13 98.503 24.121 98.543 24.094 98.585 24.076
98.331 24.099 98.396 24.128 98.435 24.13
98.182 24.119 98.219 24.117 98.293 24.1 98.331 24.099
97.625 23.847 97.637 23.864 97.697 23.887 97.768 23.946 97.818 23.958 97.89 24.023 98.105 24.102 98.182 24.119
98.849 23.48 98.876 23.446 98.892 23.387 98.882 23.35 98.853 23.335 98.853 23.325 98.86 23.322
98.81 23.474 98.849 23.48
98.897 23.323 98.911 23.298 98.86 23.212 98.859 23.179 98.99 23.16
98.86 23.322 98.897 23.323
99.009 23.162 99.026 23.16 99.039 23.127 99.055 23.11 99.092 23.102
98.99 23.16 99.009 23.162
99.334 23.13 99.351 23.119 99.381 23.082 99.403 23.068 99.478 23.066 99.493 23.057 99.49 23.012 99.535 22.949 99.538 22.926 99.515 22.909
99.225 23.057 99.257 23.079 99.285 23.088 99.314 23.126 99.334 23.13
99.13 23.106 99.185 23.095
99.092 23.102 99.13 23.106
99.194 23.096 99.199 23.092 99.202 23.067 99.225 23.057
99.185 23.095 99.194 23.096
99.515 22.909 99.485 22.91 99.43 22.937
99.43 22.937 99.413 22.931 99.414 22.857 99.379 22.813 99.359 22.775 99.308 22.745 99.308 22.72 99.355 22.609 99.357 22.587 99.344 22.533 99.358 22.495 99.345 22.473 99.283 22.412 99.243 22.393 99.237 22.38 99.246 22.366 99.244 22.341 99.218 22.31 99.199 22.245 99.166 22.205 99.159 22.185 99.175 22.169 99.144 22.154 99.166 22.132 99.212 22.112 99.33 22.096
99.439 22.124 99.505 22.103
99.33 22.096 99.365 22.099 99.439 22.124
99.539 22.107 99.634 22.085 99.65 22.072 99.664 22.049 99.684 22.039
99.505 22.103 99.539 22.107
99.724 22.071 99.8 22.037 99.821 22.018
99.684 22.039 99.704 22.061 99.724 22.071
99.867 22.058 99.942 22.046 99.934 22.019 99.966 21.963 99.955 21.925 99.92 21.852 99.918 21.829 99.939 21.777 99.95 21.721 99.961 21.705 99.997 21.686 100.082 21.684 100.121 21.674 100.143 21.655 100.144 21.64 100.116 21.629 100.095 21.599 100.086 21.568 100.09 21.529 100.097 21.508 100.128 21.482 100.162 21.436 100.187 21.428
99.821 22.018 99.842 22.027 99.848 22.055 99.867 22.058
101.083 21.767 101.119 21.76 101.128 21.695 101.149 21.677 101.169 21.638 101.167 21.623 101.174 21.612 101.158 21.586 101.154 21.568 101.159 21.553
100.546 21.453 100.622 21.469 100.704 21.516 100.757 21.57 100.797 21.626 100.835 21.658 100.877 21.677 100.993 21.711 101.083 21.767
100.363 21.532 100.384 21.528 100.429 21.495 100.443 21.463 100.457 21.455
100.187 21.428 100.244 21.465 100.29 21.483 100.327 21.524 100.363 21.532
100.497 21.462 100.546 21.453
100.457 21.455 100.497 21.462
101.159 21.553 101.157 21.52 101.003 21.406 100.896 21.356 100.851 21.315 100.792 21.297
100.792 21.297 100.738 21.315
100.738 21.315 100.725 21.312 100.722 21.304 100.721 21.281 100.689 21.159 100.638 21.07 100.626 21.054 100.607 21.044 100.543 21.027 100.557 20.992 100.529 20.968 100.516 20.886 100.534 20.874
100.623 20.889 100.652 20.883 100.652 20.877 100.599 20.833 100.569 20.818 100.513 20.807
100.534 20.874 100.623 20.889
100.513 20.807 100.384 20.832
100.384 20.832 100.365 20.828 100.33 20.786 100.29 20.775 100.211 20.697 100.202 20.668 100.173 20.622 100.149 20.548 100.121 20.389 100.1 20.362 100.099 20.318
100.307 20.4 100.344 20.39 100.364 20.369 100.422 20.25 100.461 20.191 100.529 20.15
100.135 20.239 100.153 20.239 100.168 20.254 100.167 20.293 100.209 20.313 100.221 20.349 100.24 20.373 100.27 20.392 100.307 20.4
100.099 20.318 100.097 20.283 100.103 20.264 100.135 20.239
100.547 20.168 100.551 20.107 100.543 20.067 100.493 19.932 100.484 19.881 100.474 19.865 100.431 19.838 100.421 19.81 100.384 19.764 100.379 19.746 100.407 19.7 100.419 19.634 100.456 19.585 100.462 19.537 100.492 19.514 100.549 19.495
100.529 20.15 100.547 20.168
100.88 19.614 100.886 19.612
100.753 19.482 100.808 19.537 100.865 19.607 100.88 19.614
100.974 19.613 101.024 19.603 101.096 19.567 101.125 19.565
100.886 19.612 100.974 19.613
101.208 19.59 101.246 19.57 101.257 19.523 101.252 19.494 101.238 19.472 101.193 19.453 101.178 19.417 101.172 19.376 101.178 19.347 101.202 19.339 101.211 19.326 101.21 19.309 101.23 19.226 101.227 19.167 101.236 19.128 101.318 19.05 101.326 19.021 101.284 18.981 101.267 18.934 101.225 18.875 101.229 18.796 101.206 18.73 101.211 18.712 101.235 18.689 101.24 18.674 101.235 18.658 101.194 18.617 101.161 18.6 101.155 18.557 101.078 18.51 101.065 18.476 101.036 18.448 101.03 18.428 101.051 18.392 101.082 18.364 101.146 18.336 101.155 18.323 101.13 18.291 101.128 18.246 101.14 18.219 101.163 18.195 101.142 18.124 101.165 18.053 101.158 18.04 101.112 18.011 101.066 17.934 101.001 17.885 101 17.83 100.995 17.818 100.974 17.809 100.965 17.798 100.976 17.78 100.959 17.764 100.961 17.726 100.954 17.7 100.933 17.655 100.886 17.596 100.886 17.574 100.902 17.562 100.982 17.548 101.019 17.527 101.049 17.496 101.129 17.461
101.125 19.565 101.177 19.575 101.208 19.59
100.633 19.542 100.715 19.512 100.753 19.482
100.549 19.495 100.567 19.496 100.586 19.526 100.607 19.541 100.633 19.542
103.387 18.441 103.47 18.422
103.089 18.135 103.127 18.152 103.139 18.167 103.151 18.221 103.168 18.25 103.274 18.276 103.295 18.288 103.29 18.305 103.24 18.336 103.234 18.349 103.244 18.38 103.261 18.4 103.307 18.426 103.387 18.441
103.489 18.424 103.607 18.4 103.639 18.378 103.696 18.353 103.801 18.338 103.832 18.321 103.858 18.286 103.874 18.283
103.47 18.422 103.489 18.424
103.951 18.333 103.975 18.331 104 18.318 104.019 18.299 104.068 18.215 104.122 18.095 104.211 18.009 104.27 17.874 104.288 17.857 104.353 17.819 104.409 17.734 104.422 17.7 104.452 17.666 104.481 17.64 104.655 17.556 104.703 17.527 104.75 17.458 104.793 17.423 104.819 17.361 104.814 17.194 104.74 17.003 104.75 16.911 104.766 16.868 104.757 16.798 104.779 16.705 104.753 16.615 104.748 16.572 104.755 16.529 104.783 16.497 104.855 16.454 104.879 16.422 104.908 16.353 105.015 16.277 105.03 16.236 105.033 16.165 105.058 16.121 105.079 16.105 105.237 16.051 105.289 16.047 105.422 16.01 105.418 15.995 105.387 15.981 105.362 15.955 105.361 15.919 105.412 15.8 105.436 15.772 105.462 15.763
103.874 18.283 103.886 18.287 103.91 18.315 103.951 18.333
102.079 18.214 102.154 18.21 102.172 18.2 102.192 18.152 102.233 18.124 102.257 18.094 102.307 18.051 102.337 18.037
101.884 18.031 101.904 18.037 102.079 18.214
103.093 18.141 103.089 18.135
103.02 17.984 103.038 17.991 103.073 18.036 103.066 18.112 103.071 18.126 103.093 18.141
101.797 18.074 101.806 18.062 101.845 18.052 101.884 18.031
101.6 17.854 101.62 17.885 101.636 17.895 101.729 17.912 101.766 18.04 101.774 18.059 101.797 18.074
102.366 18.039 102.412 17.994 102.446 17.978 102.482 17.971 102.568 17.971 102.6 17.955 102.612 17.915 102.595 17.841 102.661 17.813 102.683 17.81
102.337 18.037 102.366 18.039
102.955 18.012 103.02 17.984
102.683 17.81 102.668 17.85 102.673 17.865 102.737 17.89 102.774 17.923 102.832 17.953 102.853 17.972 102.955 18.012
101.578 17.868 101.6 17.854
101.468 17.72 101.503 17.765 101.556 17.792 101.534 17.81 101.564 17.82 101.571 17.829 101.578 17.868
101.453 17.751 101.468 17.72
101.417 17.732 101.432 17.734 101.453 17.751
101.402 17.734 101.417 17.732
101.377 17.683 101.404 17.716 101.382 17.721 101.402 17.734
101.37 17.683 101.377 17.683
101.129 17.461 101.147 17.472 101.164 17.496 101.167 17.511 101.202 17.523 101.247 17.592 101.357 17.679 101.37 17.683
105.503 15.766 105.569 15.749 105.613 15.721 105.641 15.682 105.651 15.635 105.641 15.583 105.616 15.521 105.604 15.439 105.553 15.402 105.506 15.388 105.486 15.375 105.477 15.353 105.483 15.335 105.519 15.321
105.462 15.763 105.503 15.766
105.558 15.325 105.564 15.273 105.504 15.231 105.463 15.189 105.448 15.155 105.444 15.111 105.452 15.095 105.474 15.091 105.504 15.065
105.519 15.321 105.558 15.325
105.517 15.067 105.523 15.061 105.524 15.046 105.566 14.996
105.504 15.065 105.517 15.067
105.566 14.996 105.593 14.991 105.584 14.978 105.544 14.953 105.534 14.934 105.551 14.902 105.538 14.878
105.538 14.878 105.522 14.879
105.522 14.879 105.516 14.872 105.524 14.837 105.502 14.827 105.489 14.786 105.491 14.764 105.505 14.736 105.496 14.66 105.51 14.594 105.508 14.564 105.495 14.537 105.434 14.468 105.416 14.428 105.368 14.415 105.335 14.386
105.335 14.386 105.295 14.399
105.295 14.399 105.269 14.364 105.198 14.345
105.198 14.345 105.184 14.346
102.125 22.384 102.141 22.342 102.156 22.328 102.154 22.305 102.201 22.265 102.207 22.245 102.226 22.228 102.286 22.2 102.358 22.135 102.389 22.117 102.405 22.098 102.422 22.062 102.483 22.021 102.466 21.995 102.478 21.958 102.56 21.925 102.591 21.901 102.625 21.829 102.635 21.788 102.632 21.706 102.643 21.668 102.653 21.656
102.807 21.836 102.826 21.821 102.835 21.776 102.835 21.716 102.847 21.704
102.653 21.656 102.721 21.662 102.752 21.681 102.775 21.708 102.787 21.74 102.789 21.82 102.807 21.836
102.943 21.739 102.96 21.713 102.961 21.633 102.974 21.575 102.895 21.495 102.85 21.425
102.847 21.704 102.865 21.706 102.943 21.739
102.904 21.453 102.918 21.45 102.917 21.439 102.884 21.388 102.875 21.305 102.863 21.294 102.829 21.286 102.813 21.274 102.801 21.255 102.809 21.251
102.85 21.425 102.904 21.453
102.828 21.252 102.865 21.246 102.888 21.227 102.893 21.215 102.883 21.176 102.889 21.166 102.914 21.158 102.926 21.142 102.942 21.085 102.959 21.066
102.809 21.251 102.828 21.252
102.974 21.068 102.999 21.057 103.015 21.041 103.068 20.931 103.115 20.868 103.136 20.85 103.219 20.824
102.959 21.066 102.974 21.068
104.092 20.961 104.123 20.943 104.165 20.94 104.194 20.93 104.221 20.892
103.974 20.902 104.011 20.908 104.057 20.959 104.092 20.961
103.962 20.903 103.974 20.902
103.817 20.847 103.836 20.852 103.859 20.87 103.962 20.903
104.26 20.899 104.295 20.88 104.336 20.819 104.368 20.803 104.389 20.771 104.409 20.765
104.221 20.892 104.26 20.899
103.796 20.85 103.817 20.847
103.676 20.657 103.714 20.672 103.704 20.699 103.707 20.722 103.755 20.743 103.757 20.796 103.776 20.835 103.796 20.85
103.247 20.831 103.32 20.798 103.364 20.788
103.219 20.824 103.247 20.831
103.427 20.821 103.453 20.804 103.482 20.758 103.516 20.746
103.364 20.788 103.391 20.795 103.427 20.821
104.432 20.766 104.453 20.764 104.466 20.75 104.476 20.718 104.492 20.702 104.601 20.661 104.615 20.646 104.607 20.619 104.543 20.536 104.521 20.519 104.496 20.512
104.409 20.765 104.432 20.766
103.516 20.746 103.578 20.733 103.597 20.722 103.661 20.661 103.676 20.657
104.496 20.512 104.47 20.516 104.445 20.535
104.445 20.535 104.424 20.495 104.366 20.458 104.36 20.44 104.392 20.421 104.432 20.411
104.576 20.414 104.589 20.407 104.612 20.377 104.681 20.341 104.689 20.301 104.682 20.287 104.674 20.285
104.432 20.411 104.576 20.414
104.674 20.285 104.666 20.286
104.666 20.286 104.654 20.266 104.653 20.226 104.657 20.213 104.691 20.197
104.819 20.221 104.908 20.175 104.905 20.135 104.918 20.116 104.957 20.092 104.964 20.076 104.944 20.067 104.953 20.009 104.949 19.995 104.936 19.984 104.922 19.982
104.691 20.197 104.779 20.219 104.819 20.221
104.922 19.982 104.893 19.985
104.893 19.985 104.874 19.983 104.858 19.955 104.781 19.908 104.762 19.886 104.756 19.867 104.761 19.861 104.79 19.86 104.817 19.848 104.805 19.791 104.761 19.767 104.737 19.746 104.692 19.735 104.676 19.725 104.655 19.698 104.623 19.618 104.614 19.607 104.605 19.606
104.295 19.655 104.277 19.684 104.242 19.695 104.229 19.706
104.229 19.706 104.158 19.688 104.136 19.687 104.109 19.655 104.089 19.652
104.523 19.599 104.506 19.603 104.415 19.651 104.38 19.685 104.36 19.687
104.36 19.687 104.342 19.683 104.295 19.655
104.089 19.652 104.01 19.685
104.01 19.685 104.001 19.681 103.995 19.665 104.017 19.6 104.029 19.586 104.072 19.559 104.083 19.509 104.094 19.496 104.09 19.484 104.061 19.471 104.038 19.413
104.605 19.606 104.579 19.618
104.579 19.618 104.546 19.602 104.523 19.599
104.038 19.413 104.035 19.417
104.035 19.417 103.953 19.391 103.921 19.353 103.857 19.317 103.848 19.3 103.859 19.295
103.877 19.296 103.893 19.294 103.911 19.263 103.973 19.225
103.859 19.295 103.877 19.296
104.016 19.235 104.148 19.183 104.188 19.157 104.198 19.147 104.202 19.109 104.211 19.101
103.973 19.225 104.016 19.235
104.24 19.109 104.26 19.104 104.303 19.069 104.355 19.048 104.401 18.992 104.431 18.979
104.211 19.101 104.24 19.109
104.462 18.982 104.498 18.968 104.544 18.907 104.604 18.869 104.646 18.833 104.686 18.825 104.703 18.802 104.722 18.792 104.815 18.774
104.431 18.979 104.462 18.982
104.873 18.778 104.899 18.771 104.909 18.746 104.92 18.736 104.937 18.731
104.815 18.774 104.873 18.778
104.974 18.736 105.065 18.697
104.937 18.731 104.974 18.736
105.1 18.702 105.113 18.698 105.141 18.653 105.169 18.631 105.162 18.598 105.152 18.597
105.065 18.697 105.1 18.702
105.152 18.597 105.14 18.6
105.14 18.6 105.128 18.599 105.1 18.551 105.08 18.454 105.091 18.427 105.163 18.366 105.157 18.32 105.166 18.307 105.215 18.278 105.229 18.255 105.246 18.246
105.288 18.253 105.299 18.242 105.295 18.196 105.306 18.181 105.368 18.15
105.246 18.246 105.288 18.253
105.41 18.202 105.431 18.201 105.467 18.181 105.481 18.145 105.476 18.127 105.496 18.118 105.513 18.083 105.547 18.059 105.559 18.015 105.59 17.996 105.606 17.964 105.594 17.888 105.605 17.854 105.644 17.82 105.701 17.728 105.723 17.673 105.82 17.622 105.932 17.496
105.368 18.15 105.382 18.163 105.392 18.194 105.41 18.202
105.932 17.496 106.019 17.394 106.185 17.257 106.222 17.245
106.273 17.29 106.285 17.285 106.288 17.254 106.311 17.227 106.302 17.202 106.306 17.177 106.337 17.129 106.385 17.085 106.395 17.068 106.387 17.047 106.411 16.996 106.437 16.98 106.497 16.964
106.222 17.245 106.248 17.266 106.26 17.289 106.273 17.29
106.525 16.989 106.533 16.973 106.535 16.684 106.541 16.659 106.55 16.638 106.572 16.614 106.64 16.587 106.641 16.51 106.671 16.444 106.693 16.428
106.497 16.964 106.525 16.989
106.823 16.531 106.847 16.53 106.864 16.504 106.867 16.464 106.863 16.431 106.856 16.42 106.86 16.412
106.726 16.417 106.753 16.429 106.759 16.452 106.797 16.479 106.823 16.531
106.723 16.432 106.726 16.417
106.693 16.428 106.723 16.432
106.876 16.418 106.898 16.379 106.946 16.346 106.957 16.307 106.98 16.298
106.86 16.412 106.876 16.418
107.014 16.299 107.071 16.29 107.108 16.267 107.117 16.255 107.127 16.201 107.142 16.177 107.17 16.157 107.213 16.147 107.239 16.13 107.299 16.064 107.327 16.056
106.98 16.298 107.014 16.299
107.431 16.074 107.436 16.069 107.432 16.038 107.445 16.01 107.418 15.984 107.376 15.919 107.305 15.899 107.227 15.853
107.327 16.056 107.431 16.074
107.227 15.853 107.199 15.862
107.199 15.862 107.175 15.849 107.15 15.794 107.149 15.773 107.16 15.759 107.226 15.717 107.239 15.645 107.265 15.619 107.316 15.589 107.369 15.496 107.382 15.489
107.443 15.509 107.456 15.488 107.467 15.484
107.432 15.504 107.443 15.509
107.412 15.509 107.432 15.504
107.382 15.489 107.412 15.509
107.474 15.488 107.487 15.481 107.494 15.42 107.513 15.409
107.467 15.484 107.474 15.488
107.556 15.416 107.573 15.411 107.587 15.343 107.643 15.298 107.664 15.269 107.657 15.206 107.647 15.198
107.513 15.409 107.556 15.416
107.647 15.198 107.637 15.205
107.637 15.205 107.624 15.187 107.616 15.136 107.58 15.097 107.589 15.058 107.578 15.047 107.563 15.046
107.563 15.046 107.535 15.05
107.535 15.05 107.455 15.034 107.446 15.025 107.445 15.012 107.454 14.968 107.462 14.957 107.558 14.887 107.541 14.857 107.491 14.804 107.509 14.759 107.498 14.746 107.522 14.719 107.52 14.705
28.981 -28.909 28.926 -28.86 28.873 -28.784 28.844 -28.765 28.788 -28.749 28.759 -28.7 28.744 -28.69 28.7 -28.688 28.689 -28.674 28.682 -28.633 28.667 -28.597 28.634 -28.571
28.634 -28.571 28.619 -28.572 28.562 -28.607 28.403 -28.619 28.383 -28.626 28.364 -28.644 28.336 -28.685 28.317 -28.7 28.274 -28.71
28.274 -28.71 28.231 -28.7
28.231 -28.7 28.164 -28.705
28.164 -28.705 28.155 -28.702
28.155 -28.702 28.101 -28.771 28.019 -28.857 28.014 -28.878 27.977 -28.881
27.977 -28.881 27.945 -28.855 27.926 -28.853
27.926 -28.853 27.912 -28.861 27.888 -28.905 27.861 -28.915
28.64 -30.131 28.86 -30.066 29.094 -29.936 29.144 -29.92 29.151 -29.911 29.137 -29.882 29.133 -29.852 29.106 -29.826 29.114 -29.75 29.161 -29.667 29.19 -29.647 29.267 -29.626 29.279 -29.614 29.28 -29.581 29.296 -29.572 29.282 -29.556 29.275 -29.532 29.283 -29.486 29.304 -29.467 29.4 -29.43 29.413 -29.41 29.414 -29.38 29.432 -29.357 29.436 -29.342 29.415 -29.319 29.414 -29.29 29.404 -29.269 29.376 -29.236 29.357 -29.183 29.317 -29.147 29.312 -29.09 29.281 -29.079 29.241 -29.078 29.208 -29.069 29.126 -28.992 29.056 -28.965 29.05 -28.933 29.041 -28.923 28.995 -28.908
28.995 -28.908 28.981 -28.909
27.861 -28.915 27.747 -28.909
27.747 -28.909 27.755 -28.925 27.72 -28.946 27.712 -28.991
27.712 -28.991 27.703 -28.989
27.703 -28.989 27.667 -29.027 27.639 -29.035 27.665 -29.066 27.644 -29.073
27.644 -29.073 27.638 -29.066
27.638 -29.066 27.631 -29.073 27.636 -29.097 27.613 -29.134 27.556 -29.195 27.528 -29.208 27.522 -29.217 27.529 -29.261 27.453 -29.292 27.446 -29.332 27.406 -29.364 27.419 -29.384 27.418 -29.397 27.366 -29.447 27.345 -29.485
27.345 -29.485 27.321 -29.484
27.321 -29.484 27.296 -29.524 27.242 -29.549 27.128 -29.579 27.086 -29.614
27.086 -29.614 27.072 -29.6
27.072 -29.6 27.057 -29.604 27.042 -29.628
27.042 -29.628 27.033 -29.616
27.033 -29.616 27.022 -29.616 27.015 -29.626 27.014 -29.642 27.002 -29.667 27.051 -29.697 27.089 -29.75
27.089 -29.75 27.199 -29.979 27.266 -30.033 27.28 -30.053 27.3 -30.115 27.322 -30.135
28.541 -30.113 28.606 -30.131 28.64 -30.131
28.456 -30.147 28.541 -30.113
27.357 -30.132 27.381 -30.143 27.381 -30.153 27.366 -30.166 27.344 -30.213 27.346 -30.242 27.368 -30.295 27.366 -30.311 27.408 -30.319
27.322 -30.135 27.357 -30.132
28.408 -30.141 28.456 -30.147
28.079 -30.659 28.076 -30.607 28.082 -30.587 28.121 -30.553 28.141 -30.501 28.139 -30.483 28.125 -30.457 28.133 -30.445 28.218 -30.387 28.231 -30.374 28.238 -30.352 28.236 -30.329 28.209 -30.315 28.198 -30.301 28.201 -30.282 28.237 -30.256 28.294 -30.242 28.339 -30.201 28.364 -30.159 28.384 -30.144 28.408 -30.141
27.436 -30.31 27.452 -30.31 27.459 -30.317 27.477 -30.356 27.53 -30.382 27.537 -30.403 27.587 -30.455 27.599 -30.49 27.66 -30.531 27.714 -30.584 27.744 -30.6 27.82 -30.615
27.408 -30.319 27.436 -30.31
27.858 -30.604 27.896 -30.626 27.937 -30.641 28.055 -30.65 28.079 -30.659
27.82 -30.615 27.858 -30.604
29.332 -22.193 29.248 -22.179
29.248 -22.179 29.222 -22.182 29.169 -22.214 29.039 -22.224 29.018 -22.255 29.003 -22.263 28.96 -22.31 28.968 -22.38 28.93 -22.441 28.913 -22.454
29.35 -22.187 29.332 -22.193
28.913 -22.454 28.869 -22.449
28.869 -22.449 28.847 -22.45 28.831 -22.482 28.817 -22.493 28.731 -22.514 28.659 -22.552 28.624 -22.563
28.624 -22.563 28.578 -22.56
28.578 -22.56 28.56 -22.563 28.538 -22.58 28.522 -22.585
28.522 -22.585 28.459 -22.57
28.459 -22.57 28.377 -22.575 28.339 -22.585 28.287 -22.616 28.251 -22.656 28.196 -22.672 28.16 -22.718 28.162 -22.759 28.155 -22.772 28.117 -22.789 28.104 -22.817 28.047 -22.837 28.054 -22.869 28.05 -22.891 28.037 -22.911 28.008 -22.935 27.949 -22.954 27.937 -22.964 27.946 -23.029 27.93 -23.057 27.896 -23.079 27.816 -23.105 27.822 -23.123 27.806 -23.128
27.806 -23.128 27.774 -23.125
27.774 -23.125 27.775 -23.141 27.789 -23.164 27.774 -23.173 27.754 -23.221 27.739 -23.228
27.739 -23.228 27.726 -23.222 27.698 -23.193
27.698 -23.193 27.647 -23.228
27.647 -23.228 27.608 -23.217
27.608 -23.217 27.599 -23.245 27.58 -23.264 27.573 -23.291 27.563 -23.299 27.569 -23.32 27.564 -23.343 27.549 -23.361 27.507 -23.379 27.453 -23.385 27.425 -23.413
27.425 -23.413 27.411 -23.406 27.418 -23.391 27.411 -23.389
27.411 -23.389 27.384 -23.4 27.361 -23.422
27.361 -23.422 27.35 -23.391
27.35 -23.391 27.296 -23.452 27.24 -23.481 27.203 -23.492 27.191 -23.504 27.206 -23.523 27.187 -23.527
27.187 -23.527 27.171 -23.516
27.171 -23.516 27.157 -23.537
27.157 -23.537 27.138 -23.523
27.138 -23.523 27.127 -23.525 27.123 -23.533 27.141 -23.558 27.137 -23.57
27.137 -23.57 27.124 -23.563
27.124 -23.563 27.113 -23.564 27.096 -23.584
27.103 -23.584 27.084 -23.596 27.075 -23.611
27.096 -23.584 27.103 -23.584
27.075 -23.611 27.062 -23.604
27.062 -23.604 27.07 -23.656 27.055 -23.666
27.055 -23.666 27.038 -23.666 27.024 -23.643 27.014 -23.639
27.014 -23.639 27.004 -23.646 26.967 -23.719 26.962 -23.737 26.967 -23.755 26.938 -23.803 26.945 -23.823 26.941 -23.85 26.871 -24.116 26.869 -24.16 26.85 -24.248 26.839 -24.266 26.802 -24.29 26.693 -24.327 26.623 -24.399 26.531 -24.459 26.506 -24.489 26.469 -24.571 26.404 -24.633
26.404 -24.633 26.326 -24.622
26.326 -24.622 26.279 -24.628 26.014 -24.705 25.966 -24.734
25.966 -24.734 25.915 -24.732
25.915 -24.732 25.868 -24.748 25.877 -24.886 25.837 -24.979 25.835 -25.016 25.805 -25.065 25.783 -25.131 25.695 -25.31 25.664 -25.44 25.587 -25.62 25.458 -25.711 25.386 -25.744 25.178 -25.763
20.597 -25.433 20.588 -25.404 20.542 -25.382 20.536 -25.371 20.529 -25.34 20.511 -25.312 20.519 -25.293 20.516 -25.284 20.485 -25.263 20.482 -25.23 20.444 -25.213 20.434 -25.2 20.445 -25.168 20.365 -25.033 20.236 -24.936 20.159 -24.894 20.119 -24.887 20.108 -24.88 20.081 -24.853 20.029 -24.815 20.01 -24.788 19.986 -24.769 19.981 -24.752
23.381 -25.293 23.266 -25.264
23.266 -25.264 23.216 -25.267 23.169 -25.28 23.072 -25.326
23.925 -25.629 23.845 -25.569 23.807 -25.524 23.769 -25.507 23.743 -25.47 23.687 -25.454 23.667 -25.433 23.561 -25.357 23.497 -25.324 23.459 -25.282 23.445 -25.278
23.445 -25.278 23.381 -25.293
23.072 -25.326 23.055 -25.303 23.031 -25.299
23.031 -25.299 23.007 -25.311 22.968 -25.347 22.956 -25.372 22.92 -25.39 22.904 -25.411 22.888 -25.45 22.877 -25.462 22.851 -25.471 22.845 -25.481 22.814 -25.567 22.813 -25.575 22.833 -25.606 22.811 -25.625 22.815 -25.653 22.81 -25.677 22.76 -25.735 22.74 -25.777 22.741 -25.791 22.758 -25.806 22.765 -25.827 22.709 -25.891 22.727 -25.922 22.719 -25.984 22.701 -26.003 22.662 -26.021 22.665 -26.051 22.623 -26.109 22.58 -26.147 22.545 -26.207 22.528 -26.214
20.617 -25.466 20.607 -25.462 20.612 -25.431
20.612 -25.431 20.597 -25.433
20.727 -25.827 20.738 -25.799 20.717 -25.733 20.707 -25.715 20.663 -25.685 20.671 -25.642 20.641 -25.631 20.638 -25.62 20.671 -25.591 20.663 -25.565 20.619 -25.528 20.627 -25.485 20.657 -25.468 20.644 -25.457
20.644 -25.457 20.617 -25.466
24.006 -25.655 24.009 -25.633 23.976 -25.618
23.976 -25.618 23.925 -25.629
24.389 -25.759 24.339 -25.752 24.297 -25.723 24.228 -25.649 24.183 -25.626
24.183 -25.626 24.131 -25.626 24.006 -25.655
25.178 -25.763 25.052 -25.738
25.052 -25.738 25.013 -25.743 24.968 -25.763 24.889 -25.812 24.799 -25.829
24.665 -25.823 24.63 -25.816 24.577 -25.783 24.457 -25.743
24.457 -25.743 24.389 -25.759
24.799 -25.829 24.738 -25.816
24.738 -25.816 24.665 -25.823
20.691 -26.892 20.675 -26.85 20.639 -26.817 20.615 -26.753 20.609 -26.686 20.631 -26.618 20.632 -26.595 20.605 -26.548 20.602 -26.522 20.623 -26.428 20.666 -26.392 20.696 -26.342 20.753 -26.276 20.795 -26.202 20.838 -26.147 20.841 -26.131 20.804 -26.071 20.794 -25.894 20.767 -25.831 20.75 -25.818
20.75 -25.818 20.727 -25.827
22.528 -26.214 22.483 -26.205
22.483 -26.205 22.451 -26.21 22.429 -26.227 22.395 -26.272 22.343 -26.317 22.248 -26.347 22.238 -26.367 22.197 -26.404 22.146 -26.519 22.108 -26.572 22.058 -26.618 21.999 -26.65 21.936 -26.664 21.839 -26.665 21.781 -26.678 21.769 -26.689 21.778 -26.768 21.762 -26.804 21.687 -26.855 21.665 -26.863
21.122 -26.865 20.99 -26.839 20.908 -26.8
20.908 -26.8 20.852 -26.807 20.691 -26.892
21.665 -26.863 21.584 -26.848 21.499 -26.846 21.427 -26.823
21.427 -26.823 21.381 -26.824 21.283 -26.845
21.283 -26.845 21.255 -26.842
21.255 -26.842 21.153 -26.865 21.122 -26.865
29.68 -22.138 29.661 -22.126
29.661 -22.126 29.604 -22.145
30.153 -22.295 30.135 -22.294 30.068 -22.257 30.038 -22.254 30.005 -22.222 29.974 -22.214 29.947 -22.198 29.896 -22.191 29.837 -22.172 29.779 -22.136 29.759 -22.131
29.759 -22.131 29.68 -22.138
29.604 -22.145 29.57 -22.142
29.57 -22.142 29.551 -22.146 29.532 -22.172
29.532 -22.172 29.457 -22.159
29.457 -22.159 29.436 -22.163 29.378 -22.193
29.378 -22.193 29.35 -22.187
31.088 -22.337 30.927 -22.296 30.838 -22.282
30.838 -22.282 30.805 -22.295 30.694 -22.303 30.632 -22.331
30.335 -22.345 30.301 -22.337 30.24 -22.296 30.197 -22.289
30.197 -22.289 30.153 -22.295
30.572 -22.317 30.507 -22.31
30.507 -22.31 30.469 -22.315 30.413 -22.337 30.335 -22.345
31.222 -22.365 31.191 -22.351 31.153 -22.316
31.153 -22.316 31.088 -22.337
30.632 -22.331 30.601 -22.316
30.601 -22.316 30.572 -22.317
31.289 -22.397 31.266 -22.366 31.246 -22.358
31.246 -22.358 31.222 -22.365
30.011 -15.646 29.837 -15.615
29.837 -15.615 29.773 -15.638 29.649 -15.667
30.207 -15.653 30.17 -15.632 30.13 -15.624
30.13 -15.624 30.011 -15.646
30.328 -15.652 30.28 -15.632 30.255 -15.629
30.255 -15.629 30.223 -15.65 30.207 -15.653
30.396 -15.636 30.357 -15.651 30.328 -15.652
29.649 -15.667 29.587 -15.656
29.587 -15.656 29.563 -15.662 29.508 -15.704 29.407 -15.714 29.186 -15.813 29.151 -15.849 29.122 -15.859 29.086 -15.885 29.042 -15.946 28.973 -15.951 28.932 -15.964 28.877 -16.022 28.857 -16.06 28.871 -16.087 28.847 -16.203 28.864 -16.231 28.84 -16.285 28.837 -16.306 28.857 -16.365 28.857 -16.388 28.829 -16.435 28.823 -16.471 28.809 -16.486 28.769 -16.515 28.761 -16.532 28.733 -16.558 28.643 -16.569 28.28 -16.707 28.213 -16.749 28.114 -16.828 27.869 -16.93 27.817 -16.96 27.777 -17.001 27.641 -17.198 27.625 -17.233 27.604 -17.313 27.577 -17.363 27.422 -17.505 27.157 -17.769 27.145 -17.794 27.149 -17.842 27.115 -17.882 27.048 -17.944 27.006 -17.963 26.959 -17.965 26.912 -17.992
25.345 -17.843 25.316 -17.832 25.26 -17.794
25.967 -18.001 25.924 -17.999 25.864 -17.972 25.846 -17.944 25.847 -17.929 25.864 -17.924 25.85 -17.907 25.804 -17.888 25.786 -17.862 25.766 -17.85 25.706 -17.83 25.681 -17.811
25.681 -17.811 25.657 -17.814 25.604 -17.836 25.537 -17.849 25.516 -17.862
25.42 -17.855 25.376 -17.841
25.376 -17.841 25.345 -17.843
25.516 -17.862 25.496 -17.855
25.496 -17.855 25.42 -17.855
26.326 -17.936 26.294 -17.919 26.239 -17.91 26.221 -17.886 26.212 -17.883
26.212 -17.883 26.159 -17.918 26.095 -17.938 26.095 -17.959 26.047 -17.966 26.041 -17.978
26.7 -18.069 26.613 -18.041 26.57 -18.003 26.485 -17.979 26.409 -17.939 26.363 -17.931
26.363 -17.931 26.326 -17.936
26.041 -17.978 26.034 -17.972
26.034 -17.972 25.967 -18.001
26.912 -17.992 26.888 -17.985
26.888 -17.985 26.794 -18.026 26.754 -18.033 26.7 -18.069
25.544 5.375 25.562 5.373
25.504 5.342 25.541 5.354 25.533 5.372 25.544 5.375
25.581 5.375 25.6 5.34
25.562 5.373 25.581 5.375
25.482 5.357 25.504 5.342
25.413 5.324 25.435 5.329 25.482 5.357
25.623 5.341 25.609 5.32 25.623 5.31
25.6 5.34 25.623 5.341
25.396 5.334 25.413 5.324
25.164 5.006 25.228 5.01 25.249 5.024 25.308 5.032 25.317 5.042 25.325 5.088 25.342 5.111 25.349 5.142 25.341 5.156 25.314 5.163 25.308 5.185 25.336 5.228 25.343 5.272 25.356 5.286 25.376 5.293 25.364 5.311 25.396 5.334
25.65 5.32 25.669 5.306 25.691 5.3 25.733 5.259 25.758 5.244
25.623 5.31 25.65 5.32
25.778 5.269 25.792 5.263 25.795 5.238
25.758 5.244 25.772 5.245 25.781 5.259 25.769 5.265 25.778 5.269
26.13 5.259 26.144 5.252 26.157 5.232
26.112 5.238 26.13 5.259
26.088 5.245 26.112 5.238
26.095 5.211 26.088 5.245
25.815 5.245 25.811 5.231 25.826 5.195
25.795 5.238 25.815 5.245
26.198 5.238 26.214 5.199
26.185 5.225 26.198 5.238
26.171 5.238 26.185 5.225
26.157 5.232 26.171 5.238
25.972 5.228 25.997 5.219 26.027 5.19
25.959 5.197 25.958 5.215 25.972 5.228
25.849 5.218 25.872 5.217 25.893 5.185 25.911 5.17
25.826 5.195 25.849 5.218
26.077 5.216 26.095 5.211
26.063 5.2 26.077 5.216
26.226 5.204 26.226 5.183
26.214 5.199 26.226 5.204
25.943 5.204 25.959 5.197
25.911 5.17 25.913 5.19 25.926 5.202 25.943 5.204
27.074 5.203 27.116 5.2 27.24 5.145 27.302 5.132 27.343 5.101 27.391 5.092 27.441 5.071
26.867 5.038 26.884 5.053 26.904 5.094 26.962 5.151 27.027 5.19 27.074 5.203
26.051 5.2 26.063 5.2
26.027 5.19 26.051 5.2
26.247 5.19 26.254 5.172 26.272 5.159 26.317 5.146
26.226 5.183 26.247 5.19
19.569 5.155 19.606 5.138 19.72 5.136 19.779 5.118 19.825 5.097 19.85 5.074 19.891 5.002 20.004 4.974 20.086 4.916 20.172 4.878 20.237 4.806 20.339 4.772 20.374 4.724 20.395 4.677 20.421 4.662 20.456 4.622 20.463 4.601 20.442 4.55 20.452 4.529 20.56 4.428 20.58 4.415 20.603 4.41
19.497 5.134 19.569 5.155
26.391 5.149 26.4 5.134 26.442 5.104 26.463 5.06 26.52 5.046
26.363 5.136 26.391 5.149
26.336 5.149 26.353 5.148 26.363 5.136
26.317 5.146 26.336 5.149
19.432 5.136 19.497 5.134
19.179 4.946 19.196 4.95 19.237 5.011 19.284 5.032 19.373 5.088 19.409 5.13 19.432 5.136
24.396 5.122 24.411 5.082 24.431 5.067
24.253 4.93 24.268 4.936 24.285 4.992 24.297 5.003 24.368 5.012 24.399 5.036 24.397 5.048 24.372 5.053 24.361 5.063 24.368 5.085 24.396 5.122
24.46 5.107 24.487 5.101 24.533 5.073 24.553 5.039 24.601 5.026 24.61 5.017 24.615 4.985 24.671 4.957 24.654 4.929 24.731 4.918
24.431 5.067 24.437 5.101 24.46 5.107
26.739 5.094 26.761 5.088 26.808 5.039
26.658 5.073 26.692 5.094 26.739 5.094
26.598 5.081 26.616 5.078 26.623 5.067
26.568 5.06 26.58 5.074 26.598 5.081
26.644 5.078 26.658 5.073
26.623 5.067 26.644 5.078
26.561 5.067 26.568 5.06
26.52 5.046 26.561 5.067
26.833 5.053 26.849 5.039 26.867 5.038
26.808 5.039 26.833 5.053
25.129 5.019 25.164 5.006
25.076 4.952 25.085 4.954 25.101 4.995 25.129 5.019
24.969 4.991 25.076 4.952
24.848 4.937 24.958 4.991 24.969 4.991
24.23 4.961 24.246 4.954 24.253 4.93
24.153 4.903 24.191 4.944 24.23 4.961
19.133 4.947 19.179 4.946
18.634 4.356 18.674 4.361 18.721 4.377 18.753 4.401 18.777 4.433 18.828 4.56 18.852 4.594 18.887 4.621 18.898 4.651 18.928 4.666 18.962 4.724 19.012 4.765 19.02 4.803 19.044 4.827 19.069 4.891 19.116 4.94 19.133 4.947
24.819 4.944 24.848 4.937
24.778 4.919 24.789 4.92 24.819 4.944
24.766 4.93 24.778 4.919
24.731 4.918 24.75 4.919 24.766 4.93
24.108 4.923 24.153 4.903
23.978 4.854 24.047 4.889 24.09 4.92 24.108 4.923
23.957 4.871 23.978 4.854
23.948 4.818 23.943 4.852 23.957 4.871
22.965 4.835 22.986 4.826 23.017 4.751 23.055 4.738 23.099 4.712
22.93 4.821 22.965 4.835
23.882 4.827 23.948 4.818
23.855 4.813 23.882 4.827
22.906 4.824 22.93 4.821
22.854 4.711 22.865 4.739 22.896 4.765 22.882 4.788 22.883 4.801 22.898 4.824 22.906 4.824
23.817 4.821 23.855 4.813
23.415 4.591 23.427 4.601 23.43 4.629 23.448 4.659 23.506 4.676 23.567 4.724 23.588 4.734 23.634 4.745 23.673 4.767 23.76 4.787 23.798 4.815 23.817 4.821
23.169 4.738 23.209 4.691 23.252 4.663 23.265 4.635 23.295 4.628 23.316 4.608 23.354 4.604 23.388 4.587
23.099 4.712 23.124 4.716 23.169 4.738
22.803 4.731 22.854 4.711
22.654 4.483 22.689 4.492 22.697 4.512 22.697 4.536 22.714 4.551 22.731 4.587 22.724 4.629 22.757 4.661 22.786 4.725 22.803 4.731
23.396 4.592 23.415 4.591
23.388 4.587 23.396 4.592
22.61 4.484 22.654 4.483
22.303 4.129 22.423 4.135 22.457 4.149 22.51 4.191 22.546 4.237 22.539 4.278 22.569 4.332 22.6 4.353 22.614 4.374 22.594 4.402 22.587 4.449 22.592 4.474 22.61 4.484
20.872 4.453 20.964 4.434 21.076 4.395 21.114 4.341 21.15 4.327 21.158 4.31 21.196 4.303 21.211 4.292
20.603 4.41 20.688 4.423 20.792 4.426 20.832 4.451 20.872 4.453
18.576 4.373 18.634 4.356
18.626 3.477 18.593 3.71 18.613 3.834 18.614 3.901 18.642 3.958 18.647 4.046 18.633 4.13 18.62 4.17 18.573 4.266 18.545 4.289 18.537 4.306 18.557 4.354 18.576 4.373
21.288 4.333 21.358 4.286 21.417 4.27
21.211 4.292 21.232 4.298 21.266 4.33 21.288 4.333
21.651 4.296 21.689 4.292
21.538 4.245 21.634 4.294 21.651 4.296
21.723 4.295 21.758 4.286 21.771 4.273 21.782 4.272
21.689 4.292 21.723 4.295
21.811 4.273 21.838 4.263 21.868 4.242 21.95 4.233
21.782 4.272 21.811 4.273
21.46 4.272 21.497 4.251 21.538 4.245
21.417 4.27 21.46 4.272
22.001 4.245 22.058 4.22 22.128 4.203 22.152 4.179 22.207 4.15 22.303 4.129
21.95 4.233 22.001 4.245
30.476 -1.161 30.466 -1.149 30.474 -1.132 30.471 -1.118 30.456 -1.108 30.453 -1.097 30.472 -1.067
30.807 -1.603 30.792 -1.591 30.772 -1.532 30.733 -1.476 30.741 -1.459 30.743 -1.433 30.738 -1.407 30.718 -1.395 30.632 -1.368 30.598 -1.34 30.555 -1.318 30.55 -1.302 30.555 -1.273 30.521 -1.211 30.511 -1.17 30.495 -1.155
30.495 -1.155 30.476 -1.161
30.817 -2.019 30.83 -1.961 30.827 -1.934 30.797 -1.929 30.824 -1.902 30.817 -1.884 30.838 -1.837 30.826 -1.786 30.838 -1.759 30.824 -1.731 30.837 -1.641 30.838 -1.615 30.831 -1.594
30.831 -1.594 30.807 -1.603
30.759 -2.381 30.821 -2.355 30.834 -2.345 30.845 -2.327 30.849 -2.306 30.845 -2.238 30.888 -2.083 30.869 -2.039 30.835 -2.015
30.835 -2.015 30.817 -2.019
30.688 -2.35 30.759 -2.381
30.617 -2.398 30.638 -2.397 30.663 -2.361 30.688 -2.35
30.574 -2.389 30.617 -2.398
30.555 -2.401 30.574 -2.389
30.472 -1.067 30.473 -1.066
30.555 -2.401 30.508 -2.463 30.458 -2.598 30.416 -2.646 30.412 -2.67 30.423 -2.681 30.443 -2.681
30.523 -2.649 30.516 -2.668 30.451 -2.742 30.447 -2.783 30.414 -2.834 30.416 -2.852 30.441 -2.884 30.456 -2.898 30.474 -2.903 30.47 -2.914 30.488 -2.944
30.443 -2.681 30.523 -2.649
30.539 -2.899 30.63 -2.948 30.638 -2.974 30.651 -2.977
30.488 -2.944 30.513 -2.914 30.539 -2.899
30.684 -2.97 30.732 -2.993
30.651 -2.977 30.684 -2.97
30.802 -2.978 30.825 -2.979 30.778 -3.047 30.783 -3.062 30.818 -3.099 30.812 -3.123 30.833 -3.148 30.832 -3.173 30.809 -3.217 30.815 -3.248 30.8 -3.275 30.776 -3.291 30.748 -3.294
30.732 -2.993 30.802 -2.978
30.748 -3.294 30.721 -3.281
30.721 -3.281 30.712 -3.302 30.641 -3.333 30.603 -3.373 30.64 -3.393 30.639 -3.419 30.613 -3.445 30.566 -3.467 30.545 -3.489 30.512 -3.498 30.507 -3.511 30.488 -3.513
30.488 -3.513 30.486 -3.511
30.486 -3.511 30.469 -3.513 30.46 -3.532 30.432 -3.552 30.427 -3.564 30.429 -3.602 30.373 -3.704 30.372 -3.723 30.385 -3.771 30.382 -3.788
30.382 -3.788 30.337 -3.774
30.337 -3.774 30.312 -3.79 30.273 -3.856 30.221 -3.91 30.209 -3.93 30.191 -4.002 30.15 -4.087 30.12 -4.124 30.051 -4.18 30.003 -4.272 29.936 -4.312 29.9 -4.346 29.839 -4.374
29.839 -4.374 29.8 -4.364
29.8 -4.364 29.784 -4.374 29.775 -4.402 29.752 -4.416 29.744 -4.454 29.733 -4.463
29.733 -4.463 29.638 -4.447
29.638 -4.447 29.404 -4.45
29.015 -2.721 29.029 -2.745 29.008 -2.747 28.996 -2.758 28.987 -2.797 28.995 -2.814 29.049 -2.827 29.082 -2.894 29.09 -2.926 29.138 -2.95 29.157 -3.005 29.212 -3.021 29.235 -3.047 29.242 -3.111 29.238 -3.122 29.225 -3.129 29.214 -3.166 29.217 -3.233 29.224 -3.253 29.241 -3.266 29.213 -3.292 29.207 -3.335 29.225 -3.589 29.223 -3.667 29.207 -3.782 29.215 -3.9 29.225 -3.927 29.278 -3.989 29.339 -4.093 29.373 -4.208 29.404 -4.45
29.578 -1.388 29.539 -1.402 29.499 -1.431 29.437 -1.506 29.358 -1.51 29.343 -1.517 29.304 -1.588 29.233 -1.659 29.149 -1.799 29.131 -1.843 29.128 -1.916 29.154 -2.073 29.151 -2.15 29.135 -2.198 29.11 -2.237 29.075 -2.264 29.031 -2.276
29.031 -2.276 29.002 -2.275
29.002 -2.275 28.983 -2.287 28.971 -2.322 28.945 -2.354 28.88 -2.38 28.866 -2.392 28.859 -2.418 28.861 -2.44 28.878 -2.49 28.861 -2.505 28.857 -2.518 28.861 -2.531 28.891 -2.553 28.898 -2.576 28.891 -2.653 28.936 -2.685 29 -2.704 29.015 -2.721
36.099 12.696 36.115 12.702 36.124 12.721 36.143 12.833 36.143 12.857 36.115 12.912 36.114 12.934 36.15 12.98 36.137 13.032 36.234 13.362 36.382 13.571 36.391 13.599 36.398 13.676 36.458 13.82 36.455 13.87 36.438 13.92 36.432 13.97 36.526 14.264
36.038 12.717 36.099 12.696
34.828 10.728 34.839 10.729 34.851 10.746 34.862 10.788 34.934 10.845 34.951 10.869 34.958 10.903 34.953 10.918 34.923 10.94 34.914 10.953 34.914 10.964 34.98 11.155 34.984 11.186 34.954 11.226 34.944 11.253 34.947 11.275 35.073 11.549 35.074 11.587 35.046 11.649 35.048 11.69 35.041 11.727 35.048 11.771 35.073 11.819 35.088 11.838 35.127 11.863 35.216 11.897 35.246 11.93 35.251 11.972 35.298 12.002 35.317 12.024 35.336 12.102 35.354 12.146 35.413 12.199 35.429 12.267 35.617 12.575 35.626 12.585 35.662 12.594 35.672 12.604 35.684 12.656 35.728 12.674 36.038 12.717
34.575 10.884 34.751 10.744 34.757 10.729 34.754 10.684 34.765 10.68
34.071 9.455 34.067 9.531 34.098 9.68 34.222 10.026 34.281 10.08 34.303 10.114 34.302 10.16 34.317 10.181 34.326 10.224 34.325 10.269 34.276 10.489 34.272 10.53 34.279 10.566 34.366 10.686 34.42 10.781 34.558 10.878 34.575 10.884
34.815 10.731 34.828 10.728
34.765 10.68 34.786 10.719 34.799 10.73 34.815 10.731
33.741 8.367 33.756 8.37 33.798 8.406 33.824 8.419 33.95 8.433 34.07 8.534 34.103 8.579 34.112 8.627 34.071 9.455
33.505 8.475 33.552 8.447
33.413 8.45 33.481 8.458 33.49 8.463 33.485 8.474 33.505 8.475
33.6 8.464 33.62 8.461 33.652 8.434 33.696 8.373 33.741 8.367
33.552 8.447 33.6 8.464
33.253 8.458 33.361 8.434
33.121 7.783 33.051 7.801 33.041 7.825 33.023 7.835 33.015 7.851 32.99 7.917 33.022 7.965 33.031 7.996 33.101 8.071 33.118 8.104 33.165 8.117 33.185 8.141 33.188 8.161 33.168 8.181 33.17 8.205 33.182 8.226 33.207 8.241 33.208 8.254 33.186 8.265 33.164 8.293 33.161 8.305 33.174 8.343 33.161 8.356 33.168 8.39 33.174 8.404 33.21 8.421 33.206 8.431 33.235 8.456 33.253 8.458
33.4 8.453 33.413 8.45
33.361 8.434 33.4 8.453
33.347 7.719 33.292 7.733 33.242 7.781 33.165 7.801
33.165 7.801 33.132 7.794 33.121 7.783
33.572 7.685 33.54 7.699 33.517 7.726 33.462 7.75
33.462 7.75 33.393 7.74 33.36 7.719 33.347 7.719
34.132 7.163 34.086 7.211 34.034 7.25 34.031 7.349 34.024 7.382 34.007 7.41 33.882 7.536 33.853 7.554 33.812 7.561 33.761 7.598 33.716 7.657 33.637 7.691
33.637 7.691 33.572 7.685
35.269 5.492 35.262 5.512 35.223 5.543 35.099 5.622 35.088 5.642 35.08 5.7 34.984 5.841 34.973 5.876 34.98 5.913 34.955 5.953 34.97 5.997 34.959 6.062 34.951 6.081 34.899 6.139 34.88 6.188 34.845 6.249 34.833 6.354 34.784 6.442 34.776 6.499 34.754 6.556 34.734 6.638 34.715 6.656 34.704 6.685 34.618 6.737 34.554 6.739 34.525 6.753 34.511 6.814 34.525 6.825 34.523 6.844 34.504 6.89 34.439 6.935 34.298 6.969 34.281 6.98 34.271 7.003 34.198 7.064 34.191 7.15 34.181 7.167 34.168 7.175
34.168 7.175 34.132 7.163
22.556 10.979 22.535 10.981 22.512 11.001
22.512 11.001 22.503 10.992
22.503 10.992 22.46 11.001
22.46 11.001 22.438 10.992 22.407 10.963 22.319 10.939 22.276 10.909
22.638 10.974 22.601 10.988
22.601 10.988 22.556 10.979
22.861 10.919 22.806 10.925 22.745 10.944 22.72 10.965 22.673 10.975
22.673 10.975 22.638 10.974
22.276 10.909 22.253 10.915
22.253 10.915 22.201 10.869 22.176 10.816
22.132 10.829 22.049 10.837
22.049 10.837 22.029 10.829 22.018 10.81 22.005 10.776 22.015 10.755 22.004 10.743 21.926 10.72 21.864 10.668
22.176 10.816 22.148 10.831
22.148 10.831 22.132 10.829
21.864 10.668 21.833 10.68
21.833 10.68 21.785 10.669 21.768 10.652 21.736 10.646 21.723 10.637 21.705 10.572 21.705 10.532 21.717 10.477 21.744 10.439 21.744 10.419 21.751 10.412 21.72 10.361 21.717 10.34 21.723 10.306 21.719 10.297 21.689 10.289 21.656 10.234 21.593 10.215
21.579 10.212 21.545 10.22
21.545 10.22 21.513 10.201 21.485 10.164 21.433 10.046 21.407 10.006 21.374 9.973 21.34 9.96
21.593 10.215 21.59 10.217
21.59 10.217 21.579 10.212
21.34 9.96 21.271 9.987
21.271 9.987 21.206 9.917 21.195 9.887 21.132 9.849 21.107 9.795 21.105 9.774
21.105 9.774 21.097 9.775
21.097 9.775 21.066 9.754
21.066 9.754 21.048 9.768
21.048 9.768 21.017 9.744 21 9.697 20.996 9.648 20.99 9.636 20.976 9.631 20.983 9.604
20.983 9.604 20.968 9.611
20.968 9.611 20.956 9.589 20.925 9.57 20.913 9.544 20.874 9.502 20.841 9.484 20.833 9.437 20.826 9.418 20.82 9.416
20.82 9.416 20.802 9.426
20.802 9.426 20.777 9.408 20.758 9.377
20.758 9.377 20.75 9.385
20.75 9.385 20.655 9.343 20.668 9.302 20.617 9.302
20.572 9.308 20.542 9.322
20.542 9.322 20.534 9.29 20.496 9.271 20.513 9.224 20.507 9.213 20.482 9.205 20.455 9.159 20.435 9.138
20.592 9.308 20.574 9.309
20.574 9.309 20.572 9.308
20.617 9.302 20.593 9.308
20.593 9.308 20.592 9.308
20.155 9.116 20.138 9.122 20.11 9.151
20.11 9.151 20.101 9.148 20.099 9.131
20.257 9.116 20.213 9.145
20.213 9.145 20.155 9.116
20.435 9.138 20.423 9.143
20.423 9.143 20.359 9.116
20.099 9.131 20.069 9.138
20.069 9.138 20.031 9.11 20.03 9.094 20.024 9.09
20.359 9.116 20.277 9.121
20.277 9.121 20.257 9.116
20.024 9.09 20.018 9.091 20.014 9.106 20.007 9.11
20.007 9.11 19.993 9.085 19.985 9.083
19.985 9.083 19.976 9.084
19.976 9.084 19.929 9.063
19.929 9.063 19.914 9.069
19.914 9.069 19.902 9.052 19.889 9.046
19.889 9.046 19.806 9.051
19.806 9.051 19.738 9.039 19.7 9.021
19.64 9.014 19.614 9.032
19.614 9.032 19.554 9.013
19.295 9.01 19.263 9.028
19.263 9.028 19.192 9.02 19.169 9.002
19.7 9.021 19.656 9.021
19.656 9.021 19.64 9.014
19.369 9 19.333 9.007 19.305 9.021
19.305 9.021 19.295 9.01
19.43 9.013 19.421 9.017
19.421 9.017 19.369 9
19.127 9.007 19.101 9.015
19.101 9.015 19.022 8.985 18.985 8.956 18.972 8.938 18.923 8.918 18.918 8.899 18.901 8.894
19.554 9.013 19.531 9.014
19.531 9.014 19.521 9.009
19.521 9.009 19.507 9.014
19.507 9.014 19.43 9.013
19.169 9.002 19.142 9.009
19.142 9.009 19.127 9.007
18.901 8.894 18.893 8.898
18.893 8.898 18.87 8.864 18.87 8.849 18.887 8.836
18.903 8.845 18.917 8.805 19.049 8.746 19.058 8.73 19.104 8.698 19.124 8.675 19.061 8.626 19.02 8.546 18.921 8.432 18.901 8.389 18.855 8.34 18.813 8.276 18.774 8.249 18.673 8.208 18.639 8.178 18.619 8.139 18.618 8.09 18.589 8.048 18.508 8.031 18.07 8.019 17.859 7.96
18.887 8.836 18.903 8.845
17.859 7.96 17.662 7.986
17.662 7.986 17.621 7.979 17.6 7.95 17.581 7.941 17.504 7.926 17.487 7.914 17.478 7.892 17.466 7.884
17.466 7.884 17.419 7.898
17.419 7.898 17.386 7.87 17.251 7.823 17.221 7.798 17.205 7.764
16.782 7.541 16.769 7.55 16.747 7.587 16.71 7.628 16.687 7.646 16.625 7.669 16.614 7.68 16.61 7.702 16.618 7.734 16.613 7.748 16.605 7.757 16.576 7.768 16.549 7.795 16.545 7.813 16.549 7.87
16.549 7.87 16.492 7.849 16.476 7.836 16.451 7.792 16.437 7.788
16.437 7.788 16.407 7.796
16.407 7.796 16.392 7.784 16.387 7.763 16.383 7.681 16.371 7.673 16.283 7.66 16.207 7.614 16.186 7.611
17.205 7.764 17.196 7.765
17.196 7.765 17.171 7.748 17.136 7.705 17.102 7.678
17.102 7.678 17.059 7.697
17.059 7.697 17.046 7.685 17.039 7.662
17.039 7.662 17.008 7.668
17.008 7.668 16.989 7.661 16.982 7.649
16.982 7.649 16.963 7.651
16.963 7.651 16.92 7.644 16.865 7.624 16.847 7.592 16.856 7.575 16.85 7.566
16.186 7.611 16.163 7.611
16.163 7.611 16.043 7.584 16.026 7.575 15.976 7.515 15.925 7.488 15.794 7.458 15.758 7.456
16.85 7.566 16.837 7.567
16.837 7.567 16.806 7.544 16.782 7.541
15.552 7.51 15.516 7.512 15.481 7.523
15.758 7.456 15.72 7.469 15.669 7.516 15.625 7.52
15.625 7.52 15.552 7.51
11.768 2.28 11.701 2.299 11.671 2.321 11.657 2.322
11.657 2.322 11.619 2.31 11.352 2.301 11.356 2.265 11.336 2.229 11.332 2.188 11.322 2.166
12.385 2.286 12.367 2.29 12.322 2.314
12.322 2.314 12.203 2.28
12.551 2.272 12.478 2.296 12.44 2.299
12.44 2.299 12.385 2.286
12.042 2.284 11.966 2.289
11.966 2.289 11.89 2.282
12.203 2.28 12.101 2.288
12.101 2.288 12.042 2.284
11.89 2.282 11.802 2.285
11.802 2.285 11.768 2.28
13.222 2.264 13.192 2.278 13.133 2.285
13.133 2.285 13.093 2.253 13.041 2.244
12.75 2.237 12.615 2.257 12.575 2.278
12.575 2.278 12.551 2.272
13.295 2.161 13.298 2.216 13.294 2.231 13.27 2.256 13.243 2.271
13.243 2.271 13.222 2.264
12.972 2.25 12.925 2.264
12.925 2.264 12.903 2.25
12.868 2.245 12.808 2.264
12.808 2.264 12.77 2.241 12.75 2.237
13.041 2.244 12.997 2.26
12.997 2.26 12.972 2.25
12.903 2.25 12.876 2.257
12.876 2.257 12.868 2.245
13.164 1.538 13.13 1.592 13.147 1.612 13.15 1.636 13.144 1.682 13.158 1.739 13.15 1.756 13.173 1.777 13.191 1.829 13.188 1.857 13.162 1.9 13.178 1.908 13.21 1.956 13.207 1.994 13.245 2.025 13.281 2.045 13.291 2.069 13.295 2.161
13.195 1.221 13.185 1.223 13.182 1.236 13.15 1.257 13.169 1.259 13.188 1.291 13.234 1.309 13.251 1.338 13.24 1.357 13.239 1.428 13.223 1.438 13.205 1.486 13.185 1.497 13.19 1.525 13.171 1.545
13.171 1.545 13.164 1.538
14.071 1.375 14.05 1.376 14.019 1.402 13.984 1.417 13.795 1.434
13.795 1.434 13.781 1.431 13.758 1.377 13.744 1.37
14.182 0.54 14.245 0.548 14.329 0.621 14.338 0.694 14.367 0.736 14.413 0.775 14.448 0.816 14.438 0.875 14.466 0.9 14.468 0.913 14.437 0.933 14.401 0.97 14.346 1.087 14.298 1.109 14.283 1.13 14.275 1.156 14.273 1.257 14.252 1.331 14.221 1.349 14.218 1.361 14.207 1.363 14.184 1.381 14.124 1.394
14.124 1.394 14.071 1.375
13.744 1.37 13.724 1.378
13.724 1.378 13.699 1.363 13.671 1.359
13.671 1.359 13.662 1.359
13.662 1.359 13.642 1.357 13.615 1.337 13.579 1.323 13.543 1.283 13.48 1.277
13.48 1.277 13.399 1.297
13.399 1.297 13.357 1.289 13.343 1.264 13.308 1.257 13.289 1.234 13.25 1.222
13.25 1.222 13.216 1.224
13.216 1.224 13.195 1.221
14.125 0.546 14.182 0.54
13.883 -0.265 13.831 -0.205 13.832 -0.177 13.843 -0.152 13.921 -0.053 13.913 -0.017 13.933 0.022 13.925 0.034 13.901 0.037 13.895 0.044 13.891 0.116 13.871 0.196 13.876 0.22 13.91 0.271 13.945 0.35 13.967 0.373 14.04 0.414 14.059 0.435 14.063 0.456 14.046 0.497 14.076 0.539 14.125 0.546
13.982 -0.262 13.967 -0.246 13.922 -0.238
13.922 -0.238 13.914 -0.241 13.903 -0.259 13.883 -0.265
14.16 -0.455 14.151 -0.376 14.121 -0.302 14.095 -0.277 14.059 -0.259 14.019 -0.253
14.019 -0.253 13.982 -0.262
14.234 -2.355 14.227 -2.323 14.151 -2.259 14.148 -2.225 14.196 -2.202 14.209 -2.187 14.204 -2.152 14.234 -2.134 14.252 -2.038 14.233 -2.018 14.245 -1.975 14.371 -1.921 14.397 -1.907 14.405 -1.893 14.397 -1.849 14.407 -1.736 14.413 -1.714 14.449 -1.686 14.403 -1.671 14.391 -1.63 14.365 -1.612 14.413 -1.585 14.43 -1.555 14.463 -1.549 14.463 -1.534 14.438 -1.503 14.451 -1.474 14.456 -1.44 14.488 -1.409 14.482 -1.389 14.447 -1.365 14.432 -1.35 14.426 -1.331 14.461 -1.278 14.466 -1.224 14.456 -1.202 14.428 -1.169 14.434 -1.135 14.392 -1.023 14.392 -1.009 14.403 -0.988 14.413 -0.922 14.457 -0.856 14.446 -0.776 14.452 -0.751 14.492 -0.663 14.499 -0.631 14.467 -0.553 14.454 -0.54 14.414 -0.512 14.392 -0.482 14.359 -0.461 14.293 -0.436
14.293 -0.436 14.245 -0.452
14.245 -0.452 14.21 -0.44
14.21 -0.44 14.193 -0.44 14.16 -0.455
12.632 -1.825 12.675 -1.843 12.745 -1.894 12.788 -1.908 12.805 -1.919 12.847 -2.037 12.873 -2.066 12.876 -2.105 12.895 -2.11 12.883 -2.141 12.902 -2.167 12.907 -2.195
12.487 -1.925 12.499 -1.918 12.506 -1.888 12.523 -1.863 12.583 -1.827 12.632 -1.825
12.427 -1.884 12.438 -1.887 12.469 -1.919 12.487 -1.925
12.062 -2.415 12.459 -2.33 12.448 -2.308 12.475 -2.212 12.47 -2.156 12.5 -2.096 12.461 -2.078 12.44 -2.046 12.431 -2.005 12.423 -1.898 12.427 -1.884
13.743 -2.097 13.771 -2.119 13.783 -2.138 13.801 -2.2 13.823 -2.247 13.861 -2.294 13.864 -2.321 13.893 -2.341 13.906 -2.36 13.89 -2.374 13.876 -2.404 13.848 -2.423 13.846 -2.467 13.862 -2.481 13.909 -2.49
13.459 -2.441 13.469 -2.435 13.482 -2.408 13.525 -2.376 13.558 -2.34 13.603 -2.32 13.617 -2.28 13.702 -2.195 13.709 -2.154 13.743 -2.097
12.946 -2.182 12.982 -2.233 12.99 -2.268 12.997 -2.276
12.907 -2.195 12.921 -2.195 12.946 -2.182
13.003 -2.275 13.011 -2.288 12.997 -2.305 12.987 -2.341 12.966 -2.366 12.969 -2.372
12.997 -2.276 13.003 -2.275
11.938 -2.329 11.967 -2.349 12.001 -2.391 12.031 -2.412 12.062 -2.415
11.756 -2.415 11.807 -2.374 11.907 -2.345 11.938 -2.329
11.568 -2.329 11.605 -2.33 11.656 -2.346 11.721 -2.404 11.756 -2.415
11.531 -2.867 11.526 -2.843 11.537 -2.798 11.61 -2.679 11.624 -2.633 11.619 -2.586 11.577 -2.503 11.583 -2.43 11.558 -2.349 11.568 -2.329
13.025 -2.338 13.05 -2.343 13.135 -2.377
12.969 -2.372 12.982 -2.372 13.012 -2.342 13.025 -2.338
14.23 -2.352 14.234 -2.355
14.081 -2.5 14.096 -2.491 14.107 -2.46 14.132 -2.435 14.131 -2.409 14.144 -2.39 14.182 -2.363 14.23 -2.352
13.177 -2.362 13.379 -2.431
13.135 -2.377 13.177 -2.362
13.439 -2.425 13.459 -2.441
13.425 -2.43 13.439 -2.425
13.398 -2.426 13.425 -2.43
13.379 -2.431 13.398 -2.426
13.967 -2.471 13.976 -2.477 13.979 -2.496 13.993 -2.502
13.909 -2.49 13.967 -2.471
14.046 -2.486 14.081 -2.5
13.993 -2.502 14.046 -2.486
11.731 -3.045 11.754 -3.042 11.778 -3.027 11.778 -3.006 11.764 -2.983 11.688 -2.902 11.637 -2.833 11.617 -2.827
11.617 -2.827 11.588 -2.835 11.548 -2.864 11.531 -2.867
11.717 -3.044 11.731 -3.045
11.838 -3.711 11.88 -3.687 11.898 -3.666 11.906 -3.644 11.898 -3.622 11.835 -3.592 11.825 -3.571 11.828 -3.548 11.898 -3.389 11.941 -3.357 11.955 -3.335 11.944 -3.303 11.822 -3.255 11.782 -3.222 11.704 -3.185 11.688 -3.171 11.688 -3.092 11.706 -3.05 11.717 -3.044
11.483 -3.509 11.533 -3.517 11.57 -3.545 11.649 -3.673 11.666 -3.691 11.688 -3.699
11.114 -3.937 11.213 -3.697 11.335 -3.609 11.414 -3.588 11.455 -3.528 11.483 -3.509
11.742 -3.692 11.838 -3.711
11.688 -3.699 11.742 -3.692
14.561 12.766 14.555 12.767 14.549 12.78 14.549 12.818 14.49 12.874 14.506 12.932 14.505 12.969 14.435 13.07 14.418 13.081
14.418 13.081 14.065 13.078
14.575 12.745 14.569 12.769
14.569 12.769 14.561 12.766
14.664 12.716 14.624 12.742 14.618 12.759 14.611 12.762
14.611 12.762 14.575 12.745
14.714 12.653 14.702 12.669 14.717 12.702 14.71 12.718 14.694 12.724
14.694 12.724 14.664 12.716
14.786 12.631 14.769 12.633 14.752 12.669 14.734 12.68
14.734 12.68 14.714 12.653
14.864 12.447 14.85 12.457 14.864 12.495 14.831 12.618 14.819 12.639
14.819 12.639 14.786 12.631
14.965 12.092 14.898 12.153 14.895 12.167 14.912 12.18 14.898 12.207 14.908 12.327 14.891 12.403 14.877 12.427 14.877 12.447 14.866 12.453
14.866 12.453 14.864 12.447
15.086 11.722 15.097 11.728 15.084 11.748 15.111 11.783 15.08 11.851 15.051 11.862 15.042 11.902 15.063 11.927 15.048 11.963 15.081 11.972 15.049 12.012 15.053 12.038 15.041 12.056 15.049 12.085 15.012 12.109
15.012 12.109 14.994 12.107 14.965 12.092
15.08 11.723 15.086 11.722
15.383 9.93 15.439 9.932 15.681 9.991 15.638 10.03 15.603 10.041 15.536 10.081 15.476 10.133 15.439 10.185 15.301 10.312 15.284 10.349 15.278 10.394 15.241 10.433 15.218 10.487 15.187 10.506 15.154 10.512 15.138 10.522 15.132 10.565 15.15 10.623 15.066 10.793 15.063 10.831 15.079 10.898 15.035 10.995 15.021 11.183 15.033 11.26 15.063 11.31 15.049 11.337 15.061 11.416 15.076 11.453 15.122 11.503 15.136 11.531 15.124 11.563 15.085 11.616 15.069 11.661 15.068 11.7 15.08 11.723
14.44 9.995 14.732 9.924 14.773 9.922
14.81 8.809 14.794 8.814 14.35 9.168 14.331 9.2 14.321 9.243 14.036 9.569 13.948 9.638 13.946 9.653 14.007 9.739 14.088 9.81 14.12 9.852 14.168 9.948 14.174 9.975 14.44 9.995
15.155 9.987 15.215 9.984 15.383 9.93
15.033 9.943 15.061 9.949 15.101 9.979 15.155 9.987
14.898 9.96 14.944 9.959 15.033 9.943
14.773 9.922 14.898 9.96
15.481 7.523 15.522 7.576 15.549 7.631 15.562 7.69 15.563 7.792 15.488 7.805 15.441 7.839 15.407 7.922 15.345 8.136 15.184 8.479 15.111 8.555 15.052 8.644 15.031 8.659 14.955 8.676 14.934 8.739 14.86 8.803 14.828 8.813
14.828 8.813 14.81 8.809
14.065 13.078 14.177 12.546 14.179 12.468 14.185 12.447 14.18 12.386 14.189 12.37 14.218 12.359 14.423 12.353 14.487 12.338 14.514 12.324 14.514 12.289 14.562 12.256 14.562 12.248 14.548 12.242 14.604 12.204 14.611 12.184 14.616 12.179 14.652 12.194 14.668 12.178 14.67 12.167 14.637 12.124 14.62 12.052 14.622 12.042 14.604 12.03 14.627 11.95 14.591 11.783 14.542 11.71 14.552 11.689 14.581 11.683 14.621 11.63 14.628 11.584 14.616 11.539 14.594 11.496 14.525 11.469 14.446 11.412 14.368 11.383 14.279 11.302 14.232 11.29 14.205 11.262 14.165 11.238 14.143 11.233 14.123 11.236 14.053 11.265 14.013 11.276 13.982 11.276 13.906 11.208 13.873 11.167 13.82 11.069 13.782 11.048 13.755 11.017 13.75 10.996 13.757 10.958 13.744 10.93 13.566 10.679 13.539 10.621 13.501 10.496 13.467 10.308 13.445 10.245 13.453 10.201 13.435 10.153 13.402 10.122 13.36 10.101 13.281 10.092 13.248 10.079 13.23 10.045 13.23 10.025 13.246 9.973 13.242 9.95 13.211 9.893 13.213 9.87 13.252 9.824 13.263 9.802 13.241 9.745 13.223 9.613 13.195 9.542 13.13 9.517 13.052 9.505 12.982 9.475 12.929 9.416 12.855 9.378 12.848 9.36 12.882 9.352 12.891 9.332 12.899 9.302 12.898 9.262 12.888 9.227 12.822 9.097 12.821 9.056 12.828 9.02 12.806 8.832 12.795 8.789 12.773 8.759 12.76 8.753 12.72 8.756 12.709 8.751 12.678 8.679 12.66 8.659 12.558 8.606 12.528 8.605 12.483 8.623 12.464 8.621 12.424 8.6 12.369 8.61 12.4 8.538 12.404 8.497 12.365 8.467 12.343 8.433 12.331 8.424 12.31 8.421 12.272 8.428 12.25 8.419 12.227 8.386 12.219 8.343 12.237 8.197 12.229 8.175 12.188 8.118 12.183 8.093 12.183 8.055 12.198 7.975 12.192 7.961 12.154 7.921 12.055 7.784 12.019 7.719 12.009 7.676 12.025 7.597 12.021 7.576 11.993 7.554 11.966 7.514 11.845 7.396 11.783 7.305 11.737 7.263 11.766 7.253 11.78 7.241 11.83 7.169 11.869 7.127 11.881 7.102 11.872 7.079 11.863 7.075 11.834 7.083 11.809 7.072 11.752 7.024 11.741 6.998 11.692 6.992 11.681 6.969 11.623 6.932 11.562 6.876 11.544 6.851 11.538 6.824 11.567 6.784 11.569 6.739 11.533 6.645 11.51 6.612 11.483 6.597 11.443 6.593 11.417 6.572 11.402 6.538 11.389 6.474 11.37 6.456 11.319 6.437 11.276 6.444 11.256 6.43 11.232 6.44 11.14 6.43 11.114 6.434 11.097 6.449 11.077 6.497 11.061 6.574 11.056 6.7 11.037 6.741 11.003 6.767 10.909 6.784 10.877 6.816 10.857 6.86 10.848 6.905 10.832 6.945 10.799 6.967 10.717 6.998 10.621 7.044 10.603 7.058 10.597 7.107 10.579 7.131 10.552 7.066 10.537 6.952 10.521 6.943 10.501 6.913 10.496 6.875 10.238 6.871 10.211 6.879 10.19 6.895 10.179 6.915 10.165 6.989 10.157 7.005 10.143 7.008 10.119 6.994 9.875 6.788 9.851 6.778 9.812 6.793 9.789 6.795 9.77 6.774 9.693 6.531 9.681 6.521 9.603 6.515 9.588 6.503 9.565 6.459 9.549 6.443 9.453 6.398 9.423 6.339 9.395 6.323 9.355 6.322 9.341 6.314 9.273 6.203 9.136 6.093 9.044 5.997 9.01 5.952 8.994 5.944 8.983 5.896 8.965 5.894 8.922 5.904 8.891 5.871 8.856 5.847 8.845 5.831 8.847 5.811 8.867 5.777 8.862 5.752 8.819 5.703 8.832 5.678 8.894 5.622 8.904 5.595 8.899 5.571 8.85 5.514 8.844 5.492 8.85 5.432 8.815 5.343 8.826 5.295 8.799 5.16 8.792 5.147 8.758 5.135 8.748 5.124 8.729 5.095 8.699 5.018 8.644 4.935 8.638 4.917 8.611 4.897 8.602 4.881 8.612 4.832 8.594 4.815
5.522 13.88 5.554 13.873 6.12 13.654 6.142 13.641
5.228 13.741 5.274 13.753 5.304 13.774 5.346 13.842 5.374 13.855 5.522 13.88
4.857 13.774 4.925 13.733 4.983 13.73
3.596 11.696 3.648 11.726 3.66 11.738 3.667 11.76 3.65 11.798 3.613 11.839 3.604 11.906 3.608 11.922 3.637 11.954 3.654 11.987 3.649 12.021 3.624 12.094 3.625 12.138 3.651 12.269 3.642 12.518 3.646 12.529 3.864 12.69 3.929 12.75 4.089 12.996 4.124 13.234 4.126 13.473 4.19 13.475 4.221 13.481 4.248 13.494 4.406 13.641 4.453 13.674 4.507 13.695 4.857 13.774
5.084 13.748 5.228 13.741
4.983 13.73 5.084 13.748
13.36 13.714 13.607 13.704
13.251 13.593 13.26 13.602 13.254 13.615 13.259 13.629 13.321 13.685 13.321 13.702 13.33 13.709 13.36 13.714
6.23 13.679 6.302 13.664 6.369 13.626 6.509 13.496 6.673 13.321 6.779 13.13 6.838 13.063 6.907 13.007 6.937 12.995 6.971 12.992
6.142 13.641 6.211 13.675 6.23 13.679
13.244 13.593 13.251 13.593
13.15 13.523 13.228 13.548 13.246 13.571 13.23 13.578 13.244 13.593
13.144 13.551 13.154 13.549 13.156 13.541 13.15 13.523
13.124 13.523 13.144 13.551
13.082 13.551 13.077 13.535 13.088 13.531
12.912 13.49 12.939 13.495 13.055 13.548 13.082 13.551
13.124 13.537 13.124 13.523
13.088 13.531 13.124 13.537
12.884 13.496 12.912 13.49
12.871 13.479 12.88 13.48 12.884 13.496
12.842 13.489 12.871 13.479
12.826 13.406 12.829 13.42 12.87 13.461 12.842 13.482 12.842 13.489
12.818 13.407 12.826 13.406
12.791 13.372 12.805 13.373 12.795 13.396 12.818 13.407
12.777 13.387 12.791 13.372
12.674 13.284 12.683 13.289 12.69 13.312 12.724 13.322 12.741 13.335 12.777 13.387
10.771 13.383 10.953 13.362
9.888 13.076 9.904 13.094 9.912 13.129 9.93 13.146 10.12 13.25 10.162 13.267 10.675 13.375 10.771 13.383
11.44 13.364 11.742 13.289 11.853 13.245 11.992 13.162 12.038 13.126 12.116 13.103
10.953 13.362 11.44 13.364
7.824 13.345 8.078 13.31 8.105 13.3 8.201 13.226 8.26 13.205 8.398 13.075 8.419 13.067
7.361 13.103 7.392 13.113 7.756 13.327 7.79 13.342 7.824 13.345
12.63 13.31 12.659 13.287 12.674 13.284
12.606 13.274 12.627 13.288 12.63 13.31
12.603 13.28 12.606 13.274
12.473 13.064 12.487 13.071 12.491 13.083 12.5 13.136 12.535 13.146 12.548 13.165 12.554 13.188 12.538 13.193 12.558 13.227 12.561 13.243 12.603 13.28
12.201 13.125 12.252 13.108 12.263 13.102 12.269 13.086 12.277 13.084
12.116 13.103 12.164 13.108 12.201 13.125
7.221 13.122 7.325 13.103 7.361 13.103
6.971 12.992 7.045 12.992 7.09 13.006 7.137 13.047 7.198 13.117 7.221 13.122
12.301 13.098 12.326 13.079
12.277 13.084 12.301 13.098
12.335 13.084 12.414 13.078 12.473 13.064
12.326 13.079 12.335 13.084
8.471 13.082 8.51 13.076 8.577 13.032 8.643 12.944 8.679 12.924 8.943 12.847 9.269 12.81
8.419 13.067 8.446 13.079 8.471 13.082
9.883 13.076 9.888 13.076
9.59 12.801 9.618 12.806 9.641 12.823 9.819 13.029 9.853 13.06 9.883 13.076
9.378 12.826 9.59 12.801
9.269 12.81 9.306 12.81 9.378 12.826
2.844 12.399 2.913 12.346 2.945 12.292 2.968 12.283 3.009 12.276 3.063 12.194 3.252 12.024 3.263 11.975 3.293 11.919 3.315 11.895 3.342 11.883
2.798 12.381 2.832 12.384 2.844 12.399
2.778 12.382 2.798 12.381
2.722 12.344 2.741 12.354 2.757 12.373 2.778 12.382
2.711 12.351 2.722 12.344
2.664 12.292 2.687 12.318 2.695 12.341 2.711 12.351
2.629 12.301 2.664 12.292
2.604 12.288 2.629 12.301
2.586 12.294 2.604 12.288
2.524 12.269 2.551 12.285 2.586 12.294
2.495 12.283 2.516 12.281 2.524 12.269
2.478 12.258 2.488 12.28 2.495 12.283
2.46 12.267 2.478 12.258
2.431 12.248 2.444 12.249 2.46 12.267
2.408 12.249 2.431 12.248
2.449 11.978 2.457 11.979 2.455 12.009 2.429 12.02 2.406 12.047 2.372 12.14 2.362 12.196 2.361 12.219 2.37 12.236 2.408 12.249
2.439 11.981 2.449 11.978
2.399 11.949 2.407 11.951 2.429 11.98 2.439 11.981
2.389 11.95 2.399 11.949
2.39 11.897 2.375 11.935 2.381 11.948 2.389 11.95
3.369 11.897 3.495 11.838 3.537 11.783 3.554 11.77 3.572 11.722 3.596 11.696
3.342 11.883 3.369 11.897
2.39 11.897 2.354 11.8 2.34 11.774 2.302 11.732 2.291 11.703 2.287 11.665 2.22 11.623 2.147 11.564 2.011 11.427 1.983 11.414
1.563 11.426 1.569 11.453 1.475 11.461 1.44 11.474
1.44 11.474 1.434 11.459 1.411 11.45 1.39 11.428 1.398 11.399 1.339 11.366 1.33 11.347 1.348 11.303 1.33 11.289
1.983 11.414 1.948 11.417 1.868 11.447
1.868 11.447 1.858 11.44
1.858 11.44 1.841 11.445
1.841 11.445 1.763 11.425
1.763 11.425 1.719 11.428
1.719 11.428 1.602 11.389
1.602 11.389 1.581 11.427
1.581 11.427 1.563 11.426
1.302 11.289 1.284 11.313 1.273 11.318
1.273 11.318 1.268 11.306 1.283 11.279 1.268 11.248
1.33 11.289 1.316 11.3
1.316 11.3 1.302 11.289
1.181 11.261 1.172 11.261 1.156 11.286
1.156 11.286 1.131 11.248 1.149 11.217 1.158 11.166
1.268 11.248 1.235 11.263 1.2 11.269
1.2 11.269 1.181 11.261
1.158 11.166 1.117 11.179
1.117 11.179 1.1 11.152 1.062 11.142 1.063 11.127
1.073 11.134 1.083 11.132 1.083 11.111 1.095 11.104
1.063 11.127 1.073 11.134
1.097 11.104 1.101 11.07 1.119 11.048 1.114 11.028
1.095 11.104 1.097 11.104
1.035 11.049 1.008 11.075 0.981 11.08
0.981 11.08 0.952 11.042 0.955 11.012 0.969 11.003 0.963 10.974
1.114 11.028 1.097 11.049 1.056 11.056
1.056 11.056 1.035 11.049
0.963 10.974 0.932 10.976 0.901 10.993
-0.103 11.088 -0.142 11.103 -0.159 11.118 -0.166 11.135
0.18 10.394 0.126 10.492 0.11 10.508 0.057 10.541 0.029 10.583 -0.011 10.598 -0.033 10.615 -0.079 10.626 -0.098 10.654 -0.083 10.756 -0.061 10.791 -0.032 10.813 -0.036 10.853 -0.014 10.954 0.014 10.984 0.017 10.996 0.016 11.063 0.001 11.086 -0.032 11.099
-0.032 11.099 -0.103 11.088
0.233 10.399 0.197 10.41
0.197 10.41 0.188 10.395 0.18 10.394
0.309 10.297 0.318 10.317 0.279 10.367 0.283 10.397 0.263 10.409
0.263 10.409 0.233 10.399
0.383 10.03 0.394 10.032 0.398 10.052 0.395 10.072 0.363 10.09 0.354 10.116 0.357 10.22 0.372 10.265 0.397 10.283 0.367 10.304
0.367 10.304 0.309 10.297
0.367 10.032 0.383 10.03
0.319 9.649 0.337 9.651 0.347 9.663 0.35 9.681 0.343 9.714 0.324 9.742 0.322 9.761 0.344 9.838 0.342 9.904 0.37 9.939 0.35 9.997 0.356 10.019 0.35 10.029 0.367 10.032
0.275 9.686 0.319 9.649
0.309 9.604 0.278 9.607 0.262 9.628 0.261 9.657 0.275 9.686
0.355 9.571 0.371 9.576 0.378 9.589 0.369 9.61 0.349 9.614
0.349 9.614 0.309 9.604
0.322 9.583 0.355 9.571
0.281 9.57 0.305 9.572 0.322 9.583
0.23 9.576 0.281 9.57
0.254 9.514 0.223 9.535 0.23 9.576
0.25 9.417 0.231 9.419 0.227 9.432 0.235 9.444 0.228 9.474 0.27 9.482 0.298 9.497 0.302 9.507 0.293 9.518 0.279 9.519
0.279 9.519 0.254 9.514
0.445 8.997 0.431 9.028 0.458 9.089 0.464 9.137 0.505 9.187 0.492 9.239 0.493 9.259 0.522 9.285 0.538 9.378 0.531 9.401 0.513 9.417 0.483 9.428 0.492 9.451 0.484 9.47 0.412 9.492
0.412 9.492 0.371 9.49 0.334 9.479 0.326 9.451 0.314 9.436 0.25 9.417
0.462 8.788 0.473 8.794 0.484 8.835 0.506 8.866 0.493 8.915 0.445 8.997
0.43 8.795 0.462 8.788
0.408 8.759 0.425 8.787 0.42 8.791 0.43 8.795
0.385 8.786 0.397 8.782 0.408 8.759
0.612 7.699 0.593 8.016 0.575 8.125 0.593 8.151 0.592 8.164 0.573 8.191 0.574 8.204 0.595 8.213 0.645 8.253 0.705 8.283 0.713 8.298 0.709 8.323 0.689 8.331 0.685 8.383 0.647 8.414 0.616 8.489 0.551 8.519 0.525 8.538 0.484 8.58 0.444 8.607 0.404 8.662 0.374 8.725 0.366 8.774 0.373 8.784 0.385 8.786
0.583 7.704 0.612 7.699
0.566 7.381 0.548 7.383 0.517 7.411 0.501 7.455 0.496 7.504 0.503 7.575 0.519 7.595 0.562 7.612 0.568 7.626 0.571 7.684 0.583 7.704
0.678 6.585 0.668 6.586 0.659 6.602 0.632 6.624 0.627 6.645 0.635 6.695 0.626 6.728 0.594 6.751 0.577 6.755 0.541 6.817 0.519 6.832 0.516 6.842 0.523 6.863 0.544 6.898 0.546 6.915 0.534 6.936 0.495 6.973 0.579 6.997 0.598 7.031 0.598 7.159 0.622 7.219 0.644 7.302 0.646 7.324 0.623 7.398
0.623 7.398 0.566 7.381
1.185 6.1 1.188 6.136 1.176 6.152 1.093 6.161 1.08 6.168 1.048 6.209 1.025 6.222 1.01 6.244 0.984 6.325 0.907 6.325 0.887 6.33 0.841 6.379 0.767 6.419 0.746 6.441 0.718 6.489 0.712 6.513 0.713 6.54 0.727 6.571 0.706 6.586
0.706 6.586 0.678 6.585
-2.689 9.489 -2.676 9.472 -2.679 9.426 -2.672 9.374 -2.678 9.357 -2.703 9.343 -2.713 9.33 -2.715 9.311 -2.707 9.296 -2.693 9.285 -2.66 9.273 -2.661 9.254 -2.673 9.235 -2.705 9.218 -2.734 9.165 -2.755 9.143 -2.761 9.085 -2.775 9.055 -2.751 9.037 -2.686 9.028 -2.661 9.015 -2.638 8.931 -2.619 8.924 -2.596 8.828 -2.597 8.814 -2.615 8.802 -2.617 8.789 -2.612 8.781
-2.603 8.785 -2.506 8.209 -2.513 8.194 -2.572 8.163
-2.612 8.781 -2.603 8.785
-2.572 8.163 -2.604 8.171
-2.604 8.171 -2.622 8.136 -2.6 8.07 -2.601 8.053 -2.611 8.04 -2.691 8.01 -2.709 7.997 -2.771 7.931
-2.771 7.931 -2.784 7.944
-2.784 7.944 -2.794 7.936 -2.801 7.85 -2.84 7.82 -2.838 7.797 -2.856 7.772 -2.928 7.618 -2.942 7.577 -2.99 7.271 -2.972 7.229 -2.973 7.215 -3.033 7.128 -3.041 7.078 -3.046 7.071 -3.11 7.046 -3.225 6.849 -3.242 6.811 -3.243 6.775 -3.21 6.716 -3.23 6.661 -3.261 6.634 -3.263 6.617 -3.184 6.264 -3.139 6.219 -3.118 6.163 -3.088 5.997 -3.035 5.891 -3.023 5.855 -3.02 5.818 -3.03 5.704
-2.965 5.71 -2.975 5.647 -2.97 5.621 -2.946 5.608
-3.03 5.704 -2.965 5.71
-2.877 5.637 -2.806 5.618 -2.786 5.595 -2.779 5.526 -2.762 5.455 -2.73 5.373 -2.733 5.356 -2.743 5.343 -2.756 5.341
-2.946 5.608 -2.926 5.611 -2.877 5.637
-2.756 5.341 -2.79 5.347
-2.79 5.347 -2.796 5.285 -2.775 5.24 -2.779 5.201 -2.757 5.18 -2.767 5.161 -2.781 5.151 -2.804 5.148
-2.804 5.148 -2.844 5.149
-5.366 10.296 -5.403 10.301 -5.427 10.317 -5.438 10.34 -5.474 10.35 -5.475 10.368 -5.487 10.393 -5.505 10.416 -5.523 10.425
-5.234 10.316 -5.297 10.323
-5.297 10.323 -5.316 10.305 -5.339 10.302
-5.168 10.291 -5.218 10.32
-5.218 10.32 -5.234 10.316
-5.339 10.302 -5.353 10.308
-5.353 10.308 -5.366 10.296
-5.105 10.207 -5.118 10.212 -5.112 10.224 -5.112 10.279 -5.119 10.294 -5.136 10.304 -5.152 10.306
-5.152 10.306 -5.159 10.292 -5.168 10.291
-5.091 10.178 -5.082 10.207 -5.084 10.227
-5.084 10.227 -5.105 10.207
-5.037 10.084 -5.048 10.085 -5.056 10.097 -5.043 10.103 -5.07 10.11 -5.038 10.126 -5.039 10.134 -5.071 10.161 -5.064 10.179
-5.064 10.179 -5.091 10.178
-4.928 9.871 -4.966 9.901 -4.953 9.953 -4.981 10.008 -4.96 10.008 -4.956 10.022 -4.963 10.04 -4.975 10.056 -5.011 10.079 -5.016 10.097
-5.016 10.097 -5.037 10.084
-3.606 9.918 -3.623 9.922 -3.648 9.945 -3.662 9.949
-3.662 9.949 -3.68 9.932
-3.68 9.932 -3.706 9.942
-3.706 9.942 -3.77 9.931 -3.804 9.901 -3.823 9.896 -3.89 9.894 -3.91 9.888 -3.948 9.864 -3.984 9.851 -3.995 9.821 -4.035 9.818 -4.05 9.81 -4.054 9.798 -4.06 9.796
-3.348 9.887 -3.389 9.913 -3.546 9.926
-3.546 9.926 -3.606 9.918
-3.059 9.719 -3.077 9.719 -3.095 9.734 -3.117 9.805 -3.137 9.83 -3.183 9.835 -3.2 9.845 -3.203 9.908 -3.215 9.916
-3.215 9.916 -3.23 9.905 -3.278 9.843 -3.302 9.841
-3.302 9.841 -3.312 9.854 -3.317 9.901
-3.317 9.901 -3.348 9.887
-4.818 9.836 -4.824 9.857 -4.838 9.869 -4.89 9.88 -4.909 9.891
-4.909 9.891 -4.928 9.871
-4.8 9.781 -4.776 9.788 -4.798 9.843
-4.798 9.843 -4.818 9.836
-4.06 9.796 -4.133 9.82
-4.133 9.82 -4.15 9.818 -4.168 9.805 -4.197 9.765 -4.215 9.755 -4.27 9.744 -4.284 9.732 -4.268 9.727 -4.303 9.687 -4.303 9.642 -4.323 9.609
-4.81 9.782 -4.8 9.781
-4.796 9.754 -4.81 9.782
-4.77 9.737 -4.783 9.758
-4.783 9.758 -4.796 9.754
-4.681 9.682 -4.687 9.692 -4.705 9.702 -4.713 9.727 -4.733 9.75 -4.749 9.754
-4.749 9.754 -4.762 9.75 -4.755 9.74 -4.77 9.737
-4.469 9.652 -4.502 9.655 -4.516 9.676 -4.502 9.737 -4.518 9.747
-4.518 9.747 -4.539 9.745 -4.552 9.696 -4.567 9.692
-2.764 9.392 -2.788 9.394 -2.81 9.411 -2.91 9.543 -2.99 9.708 -3.006 9.724 -3.025 9.729
-3.025 9.729 -3.059 9.719
-4.567 9.692 -4.578 9.697 -4.604 9.727
-4.604 9.727 -4.617 9.714 -4.641 9.706
-4.641 9.706 -4.656 9.706
-4.656 9.706 -4.665 9.691 -4.681 9.682
-4.371 9.583 -4.392 9.6 -4.409 9.648 -4.433 9.653
-4.433 9.653 -4.469 9.652
-4.323 9.609 -4.365 9.624
-4.365 9.624 -4.371 9.583
-2.689 9.489 -2.72 9.459 -2.745 9.408 -2.764 9.392
-0.468 15.08 -0.459 15.075 -0.426 15.003 -0.398 15.002
-1.837 14.48 -1.767 14.483 -1.697 14.496 -1.35 14.715 -1.308 14.735 -1.117 14.78 -1.079 14.796 -1.043 14.818 -0.753 15.07 -0.72 15.078 -0.468 15.08
-0.237 15.066 -0.167 15.05 -0.033 14.996
-0.398 15.002 -0.299 15.055 -0.237 15.066
-0.033 14.996 0.218 14.911
-1.919 14.486 -1.837 14.48
-2.12 14.149 -2.027 14.188 -2.005 14.444 -1.997 14.471 -1.967 14.484 -1.919 14.486
-2.462 14.281 -2.386 14.265 -2.152 14.156 -2.12 14.149
-2.867 14.001 -2.841 14.043 -2.693 14.123 -2.597 14.222 -2.516 14.268 -2.462 14.281
-2.972 13.624 -2.895 13.652 -2.923 13.746 -2.928 13.8 -2.894 13.867 -2.855 13.996 -2.862 14.002
-2.862 14.002 -2.867 14.001
-3.267 13.717 -3.24 13.708 -3.196 13.675 -3.168 13.672
-3.462 13.166 -3.449 13.169 -3.439 13.185 -3.452 13.238 -3.449 13.266 -3.427 13.274 -3.262 13.284 -3.249 13.293 -3.284 13.542 -3.264 13.603 -3.26 13.658 -3.266 13.682 -3.287 13.698 -3.267 13.717
-3.125 13.677 -3.082 13.646 -3.068 13.607
-3.168 13.672 -3.125 13.677
-3.019 13.638 -2.995 13.635 -2.972 13.624
-3.068 13.607 -3.019 13.638
-3.978 13.5 -3.964 13.488 -3.956 13.462 -3.918 13.451 -3.919 13.44 -3.943 13.432 -3.984 13.396 -3.972 13.387 -3.929 13.38
-4.177 13.272 -4.147 13.3 -4.104 13.383 -4.088 13.398 -4.043 13.414 -4.028 13.432 -4.005 13.44 -3.977 13.461 -3.972 13.47 -3.998 13.481 -3.978 13.5
-3.909 13.382 -3.799 13.347 -3.724 13.289 -3.59 13.197
-3.929 13.38 -3.909 13.382
-4.196 13.275 -4.177 13.272
-4.246 13.172 -4.228 13.184 -4.23 13.193 -4.258 13.214 -4.254 13.229 -4.221 13.263 -4.196 13.275
-3.577 13.199 -3.538 13.173
-3.59 13.197 -3.577 13.199
-4.31 13.176 -4.246 13.172
-4.297 12.712 -4.276 12.715 -4.244 12.73 -4.234 12.742 -4.212 12.819 -4.225 12.865 -4.221 12.921 -4.229 12.949 -4.277 12.996 -4.316 13.071 -4.351 13.106 -4.351 13.118 -4.327 13.169 -4.31 13.176
-3.516 13.174 -3.462 13.166
-3.538 13.173 -3.516 13.174
-4.369 12.739 -4.339 12.733 -4.297 12.712
-4.475 12.716 -4.402 12.737 -4.369 12.739
-4.482 12.717 -4.475 12.716
-4.436 12.302 -4.406 12.307 -4.415 12.35 -4.452 12.435 -4.444 12.459 -4.393 12.516 -4.387 12.534 -4.401 12.55 -4.422 12.597 -4.483 12.646 -4.491 12.663 -4.482 12.717
-4.462 12.328 -4.436 12.302
-4.684 12.059 -4.654 12.069 -4.636 12.118 -4.6 12.138 -4.57 12.139 -4.56 12.149 -4.586 12.197 -4.497 12.269 -4.488 12.321 -4.462 12.328
-4.704 12.061 -4.684 12.059
-4.807 11.996 -4.747 12.015 -4.725 12.05 -4.704 12.061
-4.847 12.013 -4.826 12.013 -4.807 11.996
-4.89 11.998 -4.847 12.013
-4.954 12.005 -4.89 11.998
-5.005 11.981 -4.954 12.005
-5.016 11.981 -5.005 11.981
-5.034 11.979 -5.016 11.981
-5.074 11.981 -5.034 11.979
-5.282 11.836 -5.268 11.843 -5.248 11.87 -5.168 11.944 -5.137 11.953 -5.089 11.979 -5.074 11.981
-5.3 11.846 -5.282 11.836
-5.37 11.82 -5.354 11.832 -5.3 11.846
-5.392 11.832 -5.37 11.82
-5.371 11.791 -5.406 11.812 -5.412 11.824 -5.412 11.829 -5.392 11.832
-5.291 11.604 -5.3 11.606 -5.308 11.629 -5.289 11.66 -5.28 11.739 -5.299 11.773 -5.353 11.795
-5.353 11.795 -5.371 11.791
-5.502 10.97 -5.496 10.996 -5.507 11.057 -5.504 11.073 -5.49 11.082 -5.39 11.095 -5.333 11.122 -5.322 11.136 -5.307 11.199 -5.263 11.252 -5.268 11.372 -5.263 11.39 -5.218 11.422 -5.225 11.458 -5.225 11.541 -5.234 11.576 -5.269 11.604 -5.281 11.606
-5.281 11.606 -5.291 11.604
-5.523 10.425 -5.509 10.491 -5.482 10.535 -5.468 10.588 -5.479 10.604 -5.477 10.62 -5.461 10.645 -5.476 10.65 -5.483 10.684 -5.468 10.753 -5.446 10.769 -5.431 10.845 -5.479 10.976
-5.479 10.976 -5.502 10.97
-8.485 7.558 -8.444 7.537 -8.426 7.502 -8.405 7.431 -8.388 7.315 -8.364 7.279 -8.35 7.235 -8.329 7.204 -8.33 7.178 -8.305 7.147 -8.284 7.018 -8.287 6.994 -8.32 6.96 -8.321 6.91 -8.334 6.883 -8.316 6.864 -8.315 6.85 -8.337 6.777 -8.461 6.633 -8.547 6.56
-8.547 6.56 -8.549 6.56
-8.549 6.56 -8.567 6.551 -8.573 6.531 -8.594 6.524 -8.619 6.493 -8.592 6.49
-8.568 6.49 -8.545 6.477 -8.516 6.438 -8.497 6.431
-8.592 6.49 -8.568 6.49
-8.468 6.487 -8.405 6.436 -8.419 6.408 -8.406 6.372 -8.424 6.352 -8.412 6.34
-8.497 6.431 -8.485 6.442 -8.468 6.487
-8.353 6.361 -8.322 6.336
-8.366 6.35 -8.353 6.361
-8.389 6.355 -8.366 6.35
-8.412 6.34 -8.389 6.355
-8.31 6.345 -8.298 6.333 -8.295 6.313 -8.208 6.293 -8.171 6.274
-8.322 6.336 -8.31 6.345
-8.033 6.302 -7.999 6.287 -7.93 6.271
-8.171 6.274 -8.141 6.278 -8.107 6.295 -8.033 6.302
-7.921 6.274 -7.914 6.272 -7.907 6.252 -7.847 6.197 -7.844 6.184 -7.865 6.102 -7.862 6.081 -7.851 6.068
-7.93 6.271 -7.921 6.274
-7.828 6.081 -7.81 6.071 -7.802 6.039 -7.786 6.025 -7.8 6.01 -7.8 5.974 -7.787 5.958 -7.747 5.938 -7.717 5.901
-7.851 6.068 -7.828 6.081
-7.68 5.941 -7.648 5.911 -7.631 5.909 -7.584 5.884 -7.579 5.877 -7.587 5.867 -7.559 5.84
-7.717 5.901 -7.703 5.908 -7.68 5.941
-7.479 5.86 -7.447 5.846 -7.442 5.811 -7.449 5.732 -7.431 5.654 -7.384 5.569
-7.494 5.806 -7.482 5.83 -7.479 5.86
-7.528 5.859 -7.531 5.842 -7.516 5.839 -7.504 5.812 -7.494 5.806
-7.559 5.84 -7.528 5.859
-7.384 5.569 -7.405 5.572
-7.405 5.572 -7.412 5.56 -7.407 5.541 -7.394 5.524 -7.413 5.523
-7.413 5.523 -7.42 5.523
-7.42 5.523 -7.408 5.512 -7.432 5.48 -7.436 5.431
-7.436 5.431 -7.45 5.439
-7.45 5.439 -7.439 5.388 -7.415 5.366
-7.404 5.368 -7.397 5.366 -7.391 5.348 -7.39 5.317 -7.408 5.29 -7.414 5.267 -7.429 5.256
-7.415 5.366 -7.404 5.368
-7.429 5.256 -7.435 5.279 -7.429 5.288 -7.44 5.29
-7.44 5.29 -7.468 5.273 -7.48 5.255 -7.49 5.222 -7.483 5.158 -7.516 5.092
-7.516 5.092 -7.547 5.098
-7.547 5.098 -7.563 5.09 -7.576 5.072 -7.57 4.997
-7.57 4.997 -7.572 4.975 -7.555 4.948 -7.55 4.914
-7.55 4.914 -7.575 4.922
-7.575 4.922 -7.606 4.897 -7.599 4.857 -7.606 4.816 -7.58 4.784 -7.572 4.723 -7.577 4.509 -7.573 4.455 -7.564 4.426 -7.579 4.387 -7.574 4.375 -7.541 4.353
-9.722 8.436 -9.746 8.468 -9.763 8.55 -9.774 8.563 -9.791 8.565
-9.791 8.565 -9.79 8.553 -9.809 8.528 -9.807 8.506 -9.859 8.487
-10.062 8.422 -10.075 8.427 -10.079 8.44 -10.069 8.487 -10.076 8.501 -10.091 8.51 -10.165 8.525
-10.165 8.525 -10.182 8.52 -10.232 8.477
-9.859 8.487 -9.873 8.5
-9.873 8.5 -9.944 8.488 -10.04 8.426 -10.062 8.422
-10.232 8.477 -10.24 8.494
-10.24 8.494 -10.271 8.484
-9.668 8.389 -9.677 8.392 -9.676 8.41 -9.645 8.443 -9.651 8.465 -9.684 8.487 -9.703 8.487
-9.703 8.487 -9.716 8.473 -9.722 8.436
-10.271 8.484 -10.282 8.485
-9.474 8.029 -9.46 8.069 -9.481 8.165 -9.516 8.175 -9.53 8.185 -9.532 8.212 -9.525 8.241 -9.509 8.266 -9.539 8.315 -9.499 8.343 -9.529 8.366 -9.579 8.387 -9.6 8.411
-9.6 8.411 -9.612 8.396 -9.628 8.392
-9.628 8.392 -9.636 8.393
-9.636 8.393 -9.668 8.389
-9.487 7.373 -9.491 7.376 -9.473 7.396 -9.466 7.433 -9.436 7.459 -9.413 7.492 -9.405 7.514 -9.409 7.527 -9.384 7.56 -9.373 7.601 -9.354 7.622 -9.375 7.647 -9.376 7.681 -9.355 7.742 -9.416 7.824 -9.439 7.866 -9.448 7.908 -9.446 7.95 -9.422 8.016 -9.429 8.037 -9.441 8.051 -9.452 8.052
-9.452 8.052 -9.474 8.029
-8.485 7.558 -8.548 7.601 -8.567 7.623 -8.573 7.651 -8.567 7.688 -8.687 7.694
-8.687 7.694 -8.694 7.674 -8.721 7.643 -8.728 7.622 -8.73 7.587 -8.739 7.566 -8.727 7.552 -8.73 7.509 -8.756 7.472 -8.79 7.451 -8.799 7.412 -8.833 7.394 -8.861 7.358 -8.863 7.33 -8.851 7.293 -8.858 7.273 -8.925 7.249
-9.284 7.374 -9.3 7.377 -9.319 7.412 -9.349 7.422
-9.349 7.422 -9.375 7.419 -9.407 7.378
-9.407 7.378 -9.438 7.422
-9.438 7.422 -9.487 7.373
-9.175 7.275 -9.206 7.298 -9.22 7.361 -9.234 7.381 -9.25 7.383
-9.25 7.383 -9.284 7.374
-8.925 7.249 -8.944 7.279 -8.957 7.286
-8.957 7.286 -8.963 7.263
-9.125 7.19 -9.116 7.225 -9.12 7.238 -9.147 7.254 -9.147 7.271 -9.153 7.275
-9.153 7.275 -9.175 7.275
-8.963 7.263 -8.973 7.268
-8.973 7.268 -8.981 7.251 -9.016 7.239
-9.016 7.239 -9.033 7.24
-9.033 7.24 -9.073 7.211 -9.114 7.2 -9.125 7.19
-6.256 10.512 -6.261 10.514 -6.261 10.529 -6.231 10.56 -6.239 10.598 -6.21 10.618 -6.204 10.63 -6.217 10.645 -6.247 10.658 -6.246 10.721 -6.256 10.726
-6.256 10.726 -6.28 10.723 -6.342 10.691
-6.342 10.691 -6.388 10.696
-6.388 10.696 -6.41 10.694 -6.427 10.686 -6.434 10.668 -6.436 10.629 -6.431 10.615 -6.399 10.592 -6.403 10.569 -6.421 10.557 -6.446 10.552
-6.446 10.552 -6.521 10.564 -6.578 10.591 -6.614 10.618 -6.634 10.653 -6.647 10.661
-6.647 10.661 -6.669 10.654 -6.684 10.627 -6.691 10.589 -6.683 10.566 -6.698 10.488 -6.696 10.471 -6.683 10.452 -6.654 10.44 -6.648 10.422 -6.664 10.398 -6.669 10.361 -6.677 10.349 -6.7 10.342
-6.216 10.493 -6.239 10.513 -6.248 10.514
-6.248 10.514 -6.256 10.512
-6.214 10.308 -6.204 10.316 -6.208 10.332 -6.184 10.359 -6.199 10.371 -6.181 10.42 -6.2 10.449 -6.186 10.481 -6.196 10.495
-6.196 10.495 -6.216 10.493
-7.431 10.334 -7.444 10.334 -7.445 10.361 -7.465 10.399 -7.472 10.441 -7.501 10.459
-7.501 10.459 -7.516 10.458 -7.54 10.428 -7.556 10.417
-5.523 10.425 -5.584 10.454
-5.584 10.454 -5.678 10.442 -5.806 10.413 -5.878 10.376 -5.905 10.348 -5.909 10.33 -5.905 10.275 -5.916 10.267
-7.584 10.417 -7.608 10.419 -7.644 10.44
-7.644 10.44 -7.664 10.437 -7.679 10.406 -7.688 10.403
-7.556 10.417 -7.574 10.418
-7.574 10.418 -7.584 10.417
-7.688 10.403 -7.7 10.405
-7.7 10.405 -7.736 10.378 -7.724 10.364 -7.735 10.347 -7.778 10.33 -7.764 10.313 -7.778 10.278 -7.798 10.26 -7.829 10.212 -7.847 10.198 -7.883 10.191 -7.929 10.161 -7.971 10.155
-6.7 10.342 -6.723 10.344 -6.782 10.373
-6.782 10.373 -6.804 10.371 -6.863 10.344 -6.882 10.341
-6.882 10.341 -6.939 10.348
-6.939 10.348 -6.961 10.345 -6.973 10.332 -6.997 10.253 -6.995 10.239 -6.962 10.211 -6.959 10.186 -6.972 10.164 -6.992 10.149 -7.041 10.14
-7.041 10.14 -7.089 10.198 -7.106 10.207 -7.205 10.234 -7.363 10.252 -7.372 10.265 -7.366 10.329 -7.372 10.345 -7.395 10.346
-7.395 10.346 -7.431 10.334
-6.228 10.316 -6.214 10.308
-6.24 10.252 -6.243 10.289 -6.241 10.303 -6.228 10.316
-5.916 10.267 -5.963 10.283
-5.963 10.283 -5.975 10.274 -5.985 10.227 -6.016 10.19 -6.105 10.189
-6.105 10.189 -6.181 10.216 -6.225 10.255
-6.225 10.255 -6.24 10.252
-7.971 10.155 -7.99 10.162
-13.809 12.256 -13.741 12.257 -13.712 12.268 -13.695 12.293 -13.683 12.339 -13.684 12.392 -13.661 12.459 -13.675 12.496 -13.725 12.558 -13.735 12.585 -13.728 12.673
-13.813 12.284 -13.796 12.279 -13.809 12.256
-13.796 11.684 -13.746 11.698 -13.73 11.71 -13.725 11.723 -13.719 11.784 -13.735 11.902 -13.724 12.003 -13.735 12.019 -13.78 12.029 -13.808 12.044 -13.842 12.091 -13.87 12.101 -13.918 12.138 -13.973 12.152 -13.966 12.194 -13.944 12.219 -13.883 12.246 -13.84 12.277 -13.813 12.284
-13.87 11.744 -13.846 11.737 -13.843 11.717 -13.82 11.708 -13.822 11.694 -13.816 11.687 -13.796 11.684
-13.924 11.665 -13.904 11.665 -13.886 11.676 -13.871 11.704 -13.87 11.744
-13.945 11.676 -13.924 11.665
-14.015 11.637 -13.945 11.676
-14.29 11.669 -14.195 11.66
-14.562 11.506 -14.521 11.513 -14.339 11.611 -14.326 11.621 -14.308 11.655 -14.29 11.669
-14.172 11.663 -14.119 11.638
-14.195 11.66 -14.172 11.663
-14.059 11.644 -14.015 11.637
-14.119 11.638 -14.059 11.644
-14.645 11.515 -14.562 11.506
-15.021 10.967 -14.959 11.036 -14.863 11.219 -14.828 11.335 -14.711 11.498 -14.687 11.511 -14.645 11.515
-9.327 12.498 -9.294 12.484
-9.36 12.247 -9.337 12.27 -9.332 12.283 -9.335 12.307 -9.322 12.31 -9.313 12.326 -9.309 12.358 -9.339 12.371 -9.347 12.396 -9.375 12.411 -9.413 12.455 -9.398 12.473 -9.351 12.485 -9.327 12.498
-9.266 12.495 -9.147 12.465 -8.994 12.388 -8.976 12.369 -8.965 12.346 -8.963 12.324 -8.996 12.261 -8.998 12.235 -8.974 12.188
-9.294 12.484 -9.279 12.494 -9.266 12.495
-11.388 12.404 -11.389 12.384 -11.408 12.382
-11.408 12.382 -11.432 12.383
-11.432 12.383 -11.447 12.375 -11.451 12.352 -11.445 12.289 -11.463 12.25 -11.492 12.221 -11.508 12.192 -11.49 12.151 -11.471 12.135 -11.41 12.108 -11.392 12.094 -11.335 12.026 -11.295 12.003 -11.256 11.996
-9.422 12.257 -9.36 12.247
-9.723 12.025 -9.686 12.068 -9.682 12.119 -9.66 12.15 -9.628 12.17 -9.516 12.207 -9.48 12.236 -9.422 12.257
-10.952 12.219 -10.928 12.213 -10.91 12.2 -10.87 12.138 -10.805 12.096 -10.799 12.068 -10.811 12.042 -10.808 12.023 -10.781 11.996 -10.74 11.92 -10.711 11.89
-11.015 12.204 -10.952 12.219
-10.267 12.218 -10.248 12.201 -10.16 12.175
-10.311 12.191 -10.305 12.203 -10.267 12.218
-11.039 12.205 -11.015 12.204
-11.256 11.996 -11.191 12.014 -11.166 12.049 -11.159 12.078 -11.136 12.085 -11.117 12.114 -11.084 12.137 -11.073 12.149 -11.06 12.192 -11.052 12.203 -11.039 12.205
-10.324 12.202 -10.311 12.191
-10.353 12.166 -10.354 12.181 -10.33 12.19 -10.324 12.202
-8.942 12.196 -8.914 12.17 -8.906 12.148 -8.907 12.125 -8.926 12.064 -8.922 12.045 -8.904 12.03 -8.882 12.029
-8.974 12.188 -8.942 12.196
-10.381 12.18 -10.353 12.166
-10.446 12.121 -10.429 12.143 -10.381 12.18
-10.136 12.175 -10.097 12.154 -10.06 12.148 -10.028 12.126 -9.962 12.096 -9.923 12.088 -9.889 12.061 -9.861 12.052
-10.16 12.175 -10.136 12.175
-10.493 12.124 -10.446 12.121
-10.711 11.89 -10.67 11.892 -10.655 11.899 -10.634 11.925 -10.614 11.968 -10.559 11.995 -10.567 12.017 -10.515 12.053 -10.517 12.08 -10.504 12.088 -10.512 12.118 -10.493 12.124
-9.834 12.055 -9.779 12.027 -9.723 12.025
-9.861 12.052 -9.834 12.055
-8.859 12.032 -8.838 12.028 -8.82 12.013 -8.815 11.955 -8.797 11.913 -8.847 11.658
-8.882 12.029 -8.859 12.032
-8.829 11.659 -8.777 11.636
-8.847 11.658 -8.829 11.659
-8.727 11.649 -8.713 11.64 -8.687 11.55 -8.657 11.496 -8.602 11.472 -8.575 11.47
-8.777 11.636 -8.727 11.649
-8.55 11.49 -8.528 11.423 -8.428 11.4 -8.375 11.368 -8.414 11.353 -8.426 11.34 -8.418 11.326 -8.4 11.322
-8.575 11.47 -8.55 11.49
-8.381 11.325 -8.371 11.321 -8.377 11.295 -8.388 11.281 -8.427 11.274
-8.4 11.322 -8.381 11.325
-8.427 11.274 -8.483 11.285
-8.483 11.285 -8.503 11.255 -8.499 11.234 -8.552 11.211 -8.564 11.193 -8.578 11.142 -8.615 11.134 -8.625 11.122 -8.623 11.091 -8.634 11.071 -8.68 11.025 -8.697 10.996 -8.701 10.978 -8.696 10.963 -8.681 10.952
-8.369 11.054 -8.327 11.024 -8.311 11.001 -8.305 10.978 -8.306 10.856 -8.319 10.84 -8.342 10.763 -8.316 10.753 -8.311 10.735 -8.296 10.537 -8.229 10.423 -8.211 10.414 -8.189 10.414
-8.41 11.042 -8.369 11.054
-8.506 11.053 -8.469 11.046
-8.593 10.965 -8.56 10.972 -8.542 10.984 -8.506 11.053
-8.438 11.05 -8.41 11.042
-8.469 11.046 -8.438 11.05
-8.628 10.968 -8.593 10.965
-8.681 10.952 -8.628 10.968
-8.142 10.43 -8.125 10.412 -8.115 10.36 -8.096 10.347 -8.016 10.339 -7.996 10.328 -7.982 10.307 -7.965 10.259 -7.963 10.233 -7.99 10.162
-8.189 10.414 -8.142 10.43
107.52 14.705 107.474 14.646 107.452 14.632 107.43 14.586 107.428 14.554 107.415 14.543
107.415 14.543 107.352 14.562 107.306 14.597 107.287 14.599
107.287 14.599 107.234 14.545 107.23 14.518 107.22 14.498 107.211 14.493
106.836 14.307 106.821 14.308 106.793 14.323 106.767 14.348 106.707 14.429 106.634 14.451 106.605 14.467 106.586 14.496 106.544 14.512 106.531 14.566 106.512 14.59
106.512 14.59 106.491 14.571 106.472 14.564 106.473 14.537 106.485 14.53 106.485 14.524
106.485 14.524 106.446 14.529
106.446 14.529 106.436 14.524 106.433 14.512 106.445 14.499 106.419 14.466 106.394 14.456 106.32 14.444
107.196 14.496 107.181 14.496
107.181 14.496 107.159 14.452 107.101 14.408 107.079 14.401
107.211 14.493 107.196 14.496
106.32 14.444 106.297 14.448 106.23 14.49
106.23 14.49 106.221 14.473 106.204 14.4 106.189 14.379 106.154 14.368
107.079 14.401 107.03 14.436
107.03 14.436 106.978 14.365 106.961 14.36 106.946 14.324 106.934 14.32
106.154 14.368 106.095 14.374
106.095 14.374 106.079 14.373
106.079 14.373 106.069 14.373
106.069 14.373 106.061 14.369 106.055 14.348 106.038 14.348
106.038 14.348 105.974 14.366
105.974 14.366 105.969 14.332 106.005 14.29 106.004 14.246 106.012 14.226 106.076 14.175 106.102 14.115 106.145 14.072 106.149 14.054 106.142 14.035 106.108 14.01 106.082 13.981 106.084 13.934 106.069 13.917 106.049 13.915
105.392 14.104 105.338 14.11 105.304 14.152 105.275 14.165 105.257 14.182 105.188 14.291 105.184 14.346
106.934 14.32 106.896 14.336
106.896 14.336 106.836 14.307
105.561 14.138 105.533 14.164
105.533 14.164 105.45 14.117 105.392 14.104
105.617 14.103 105.595 14.136 105.577 14.144
105.577 14.144 105.561 14.138
105.684 14.099 105.633 14.114
105.633 14.114 105.617 14.103
105.925 13.917 105.873 13.937 105.787 14.01 105.744 14.087 105.705 14.102
105.705 14.102 105.684 14.099
106.049 13.915 105.974 13.929
105.974 13.929 105.925 13.917
105.399 23.275 105.376 23.282 105.344 23.304 105.332 23.318 105.312 23.366 105.294 23.366
105.294 23.366 105.236 23.32 105.218 23.265 105.19 23.252
105.665 23.043 105.552 23.06 105.54 23.075 105.528 23.156 105.474 23.195 105.431 23.268 105.414 23.278
105.414 23.278 105.399 23.275
105.19 23.252 105.156 23.267
105.156 23.267 105.142 23.254 105.047 23.227 104.981 23.19 104.935 23.154
104.935 23.154 104.881 23.172
104.881 23.172 104.87 23.164 104.861 23.12 104.836 23.1 104.811 23.096 104.798 23.086 104.827 22.954 104.824 22.924 104.774 22.896 104.715 22.827 104.683 22.812 104.663 22.811
105.766 22.995 105.755 23.006 105.72 23.02 105.69 23.044
105.69 23.044 105.665 23.043
105.854 22.905 105.836 22.917 105.766 22.995
106.277 22.851 106.234 22.864 106.227 22.876 106.223 22.912 106.202 22.947 106.17 22.966 106.078 22.981
106.078 22.981 105.999 22.975 105.99 22.971 105.974 22.94 105.945 22.928 105.913 22.924
105.913 22.924 105.887 22.93
105.887 22.93 105.876 22.928 105.854 22.905
106.633 22.85 106.61 22.853 106.582 22.895 106.567 22.904 106.488 22.925
106.488 22.925 106.478 22.92 106.474 22.897 106.458 22.889 106.316 22.854 106.277 22.851
106.745 22.797 106.73 22.798 106.715 22.826 106.667 22.868 106.657 22.87
106.657 22.87 106.633 22.85
104.588 22.807 104.565 22.82 104.562 22.834 104.554 22.836
104.554 22.836 104.449 22.745 104.355 22.689 104.34 22.686
104.34 22.686 104.249 22.728 104.237 22.742 104.229 22.783 104.241 22.824 104.213 22.825
104.213 22.825 104.128 22.797 104.087 22.792 104.066 22.774 104.024 22.719 104.014 22.691 104.007 22.63 103.986 22.57 103.985 22.527 103.96 22.507
104.663 22.811 104.61 22.823
104.61 22.823 104.588 22.807
106.646 22.569 106.668 22.569 106.68 22.579 106.698 22.631 106.736 22.695 106.747 22.744 106.791 22.772 106.799 22.784 106.79 22.797 106.768 22.799
106.768 22.799 106.745 22.797
103.96 22.507 103.941 22.525 103.917 22.533 103.895 22.569 103.867 22.575 103.836 22.603 103.794 22.659 103.726 22.716 103.659 22.793 103.647 22.799
103.647 22.799 103.59 22.768 103.568 22.725 103.547 22.701 103.551 22.641 103.514 22.587 103.504 22.581
103.504 22.581 103.473 22.592 103.448 22.618 103.404 22.689 103.402 22.738 103.357 22.776 103.322 22.79
103.322 22.79 103.31 22.788 103.27 22.723 103.245 22.669 103.142 22.607 103.13 22.578 103.145 22.556 103.142 22.538 103.091 22.505 103.044 22.486 103.049 22.457 103.045 22.441 103.029 22.43
102.558 22.695 102.536 22.696 102.516 22.745 102.494 22.76 102.468 22.769
102.468 22.769 102.443 22.765 102.426 22.745 102.407 22.693 102.385 22.678
103.029 22.43 102.989 22.438 102.957 22.46 102.903 22.477 102.845 22.585 102.832 22.6 102.752 22.625 102.693 22.671 102.612 22.692 102.587 22.716
102.587 22.716 102.576 22.714 102.558 22.695
102.385 22.678 102.373 22.678
102.373 22.678 102.356 22.67 102.356 22.659 102.384 22.629 102.377 22.616 102.253 22.495 102.243 22.477 102.231 22.426 102.218 22.411
106.608 22.61 106.63 22.58 106.646 22.569
106.675 21.962 106.659 21.963 106.648 21.987 106.673 22.066 106.672 22.093 106.659 22.112 106.661 22.144 106.64 22.191 106.663 22.223 106.64 22.297 106.617 22.323 106.577 22.325 106.555 22.332 106.542 22.345 106.527 22.428 106.53 22.449 106.546 22.473 106.577 22.595 106.588 22.608 106.608 22.61
102.218 22.411 102.165 22.426
102.165 22.426 102.129 22.411 102.119 22.398
106.799 21.973 106.761 21.985 106.748 22 106.729 22.008
106.729 22.008 106.675 21.962
106.92 21.917 106.899 21.928 106.865 21.968 106.841 21.974
106.841 21.974 106.799 21.973
107.212 21.705 107.172 21.715 107.095 21.779 107.066 21.796 107.003 21.811 106.989 21.824 106.987 21.845 107.021 21.892 107.02 21.913 107.009 21.927 106.971 21.936
106.971 21.936 106.92 21.917
107.348 21.599 107.33 21.616 107.303 21.689 107.273 21.718
107.273 21.718 107.212 21.705
107.991 21.486 107.944 21.531 107.931 21.534 107.855 21.6 107.832 21.639 107.76 21.658
107.76 21.658 107.729 21.652 107.672 21.618 107.593 21.606
107.501 21.582 107.461 21.596 107.457 21.631 107.446 21.647 107.426 21.652
107.426 21.652 107.348 21.599
107.593 21.606 107.551 21.611
107.551 21.611 107.533 21.609 107.518 21.587 107.501 21.582
102.119 22.398 102.125 22.384
114.915 4.809 114.932 4.809 114.948 4.819 114.959 4.866 114.982 4.889
114.878 4.813 114.915 4.809
114.826 4.426 114.806 4.433 114.788 4.461 114.774 4.637 114.741 4.713 114.742 4.729 114.805 4.765 114.856 4.807 114.878 4.813
113.999 4.601 114.064 4.57 114.119 4.562 114.209 4.508 114.217 4.488 114.246 4.481 114.252 4.46 114.269 4.438 114.276 4.382 114.29 4.361 114.297 4.317 114.276 4.289 114.278 4.274 114.283 4.265 114.36 4.254
114.783 4.264 114.782 4.285 114.818 4.323 114.836 4.357 114.848 4.424 114.84 4.429
114.84 4.429 114.826 4.426
114.628 4.017 114.675 4.044 114.767 4.132 114.787 4.207 114.817 4.26 114.814 4.277
114.814 4.277 114.783 4.264
114.401 4.261 114.42 4.26 114.433 4.247 114.463 4.164 114.477 4.145 114.569 4.064 114.587 4.021 114.628 4.017
114.36 4.254 114.401 4.261
92.576 21.978 92.56 22.061 92.537 22.129 92.549 22.138 92.576 22.143 92.577 22.169 92.517 22.513 92.501 22.561 92.503 22.619 92.496 22.696 92.481 22.726 92.442 22.763 92.426 22.871 92.412 22.888 92.379 22.9 92.36 22.927 92.352 22.96 92.353 23.03 92.328 23.171 92.333 23.226 92.357 23.279 92.347 23.315 92.349 23.354 92.327 23.375 92.325 23.404 92.301 23.432 92.291 23.495 92.253 23.609 92.25 23.643 92.262 23.685 92.259 23.706 92.239 23.717 92.222 23.708 92.209 23.662 92.194 23.648 92.181 23.665 92.171 23.704 92.151 23.732 92.108 23.718 92.06 23.659 92.042 23.646 92.019 23.64 92.004 23.647 91.937 23.724 91.923 23.723 91.914 23.688 91.916 23.65 91.942 23.534 91.941 23.495 91.905 23.447 91.834 23.414 91.818 23.401 91.763 23.322 91.744 23.272 91.749 23.232 91.764 23.201 91.779 23.132 91.796 23.089 91.776 23.065 91.756 23.062 91.755 23.048 91.738 23.025 91.707 22.995 91.647 22.977 91.617 22.978 91.602 22.953 91.586 22.944 91.577 22.969 91.537 22.982 91.524 22.995 91.518 23.035 91.503 23.044 91.464 23.184 91.446 23.198 91.446 23.216 91.44 23.224 91.437 23.215 91.414 23.249 91.394 23.263 91.372 23.262 91.361 23.248 91.356 23.224 91.356 23.18 91.375 23.096 91.371 23.063 91.337 23.071 91.314 23.101 91.301 23.142 91.277 23.303 91.266 23.329 91.287 23.356 91.258 23.374 91.227 23.469 91.195 23.495 91.17 23.562 91.141 23.612 91.136 23.63 91.14 23.654 91.166 23.654 91.175 23.67 91.169 23.685 91.137 23.699 91.132 23.721 91.142 23.74 91.195 23.755 91.205 23.772 91.228 23.845 91.213 23.881 91.216 23.908 91.25 23.964 91.274 23.988 91.292 23.995 91.327 23.988 91.339 23.995 91.349 24.036 91.351 24.074 91.363 24.1 91.405 24.103 91.518 24.085 91.582 24.096 91.606 24.119 91.629 24.215 91.64 24.212 91.666 24.156 91.704 24.143 91.721 24.149 91.733 24.164 91.723 24.221 91.733 24.234 91.807 24.221 91.814 24.183 91.844 24.155 91.865 24.151 91.877 24.158 91.906 24.261 91.907 24.28 91.896 24.32 91.9 24.338 91.922 24.345 91.972 24.316 91.971 24.33 91.949 24.364 91.95 24.375 92.063 24.371 92.088 24.382 92.108 24.406 92.111 24.434 92.106 24.495 92.111 24.514 92.153 24.545 92.164 24.559 92.183 24.647 92.234 24.778 92.235 24.825 92.218 24.875 92.223 24.891 92.252 24.903 92.29 24.891 92.358 24.854 92.364 24.841 92.381 24.837 92.478 24.864 92.495 24.895 92.484 24.928 92.45 24.946 92.458 24.953 92.454 24.958 92.412 24.987 92.387 24.995 92.381 25.023 92.328 25.048 92.304 25.074 92.234 25.085 92.208 25.098 92.173 25.132 92.151 25.13 92.116 25.139 92.093 25.165 92.034 25.182 92.002 25.183 91.956 25.17 91.901 25.178 91.794 25.165 91.73 25.167 91.711 25.145 91.677 25.153 91.662 25.127 91.639 25.124 91.596 25.129 91.566 25.16 91.549 25.161 91.523 25.145 91.481 25.135 91.432 25.138 91.284 25.179 91.236 25.202 91.191 25.189 91.135 25.191 90.822 25.142 90.794 25.145 90.754 25.168 90.738 25.169 90.708 25.153 90.623 25.171 90.583 25.162 90.501 25.169 90.4 25.149 90.365 25.15 90.287 25.18 90.13 25.212 89.908 25.297 89.87 25.296 89.835 25.282 89.819 25.285 89.807 25.305 89.795 25.374 89.823 25.489 89.834 25.635 89.802 25.725 89.783 25.814 89.787 25.839 89.83 25.908 89.834 25.932 89.792 25.949 89.826 25.966 89.829 25.979 89.814 25.996 89.789 25.988 89.756 26.032 89.75 26.042 89.75 26.084 89.729 26.114 89.718 26.146 89.707 26.154 89.67 26.154 89.656 26.161 89.658 26.208 89.653 26.223 89.635 26.226 89.613 26.219 89.606 26.211 89.614 26.164 89.587 26.169 89.573 26.161 89.563 26.143 89.569 26.13 89.604 26.121 89.567 26.099 89.567 26.087 89.604 26.085 89.611 26.072 89.603 26.055 89.559 26.022 89.549 25.969 89.542 25.96 89.518 25.962 89.495 25.995 89.486 25.999 89.411 25.993 89.391 26.015 89.38 26.015 89.351 25.997 89.335 25.999 89.297 26.018 89.273 26.043 89.238 26.058 89.213 26.099 89.132 26.134 89.119 26.147 89.103 26.225 89.069 26.287 89.069 26.314 89.095 26.31 89.104 26.314 89.103 26.327 89.055 26.347 89.057 26.363 89.044 26.381 89.011 26.39 88.987 26.413 88.941 26.439 88.912 26.421 88.891 26.386 88.892 26.369 88.912 26.349 88.966 26.328 88.982 26.292 89.008 26.297 89.004 26.276 89.034 26.266 89.04 26.247 89.019 26.234 88.975 26.224 88.947 26.233 88.903 26.273 88.876 26.277 88.856 26.265 88.841 26.232 88.825 26.227 88.808 26.233 88.784 26.28 88.748 26.293 88.663 26.264 88.646 26.276 88.703 26.31 88.712 26.328 88.71 26.341 88.667 26.368 88.669 26.386 88.652 26.392 88.656 26.415 88.612 26.431 88.591 26.461 88.527 26.475 88.462 26.529 88.411 26.545 88.398 26.559 88.394 26.618 88.385 26.624 88.353 26.579 88.332 26.515 88.314 26.482 88.315 26.465 88.323 26.452 88.336 26.448 88.343 26.477 88.354 26.485 88.461 26.454 88.495 26.378 88.498 26.353 88.449 26.353 88.432 26.362 88.414 26.34 88.367 26.313 88.337 26.282 88.335 26.231 88.326 26.216 88.219 26.18 88.164 26.14 88.14 26.085 88.141 26.075 88.156 26.061 88.151 26.031 88.126 26.013 88.107 25.98 88.088 25.923 88.074 25.908 88.089 25.849 88.088 25.831 88.128 25.775 88.146 25.776 88.227 25.804 88.26 25.789 88.32 25.725 88.393 25.681 88.419 25.654 88.424 25.592 88.475 25.563 88.486 25.543 88.513 25.524 88.53 25.5 88.594 25.495 88.645 25.467 88.666 25.463 88.678 25.466 88.706 25.492 88.743 25.495 88.742 25.513 88.772 25.502 88.815 25.459 88.816 25.437 88.8 25.396 88.81 25.388 88.818 25.36 88.842 25.333 88.88 25.323 88.903 25.303 88.975 25.303 88.985 25.285 88.975 25.265 88.929 25.229 88.928 25.193 88.91 25.189 88.924 25.168 88.899 25.169 88.817 25.197 88.803 25.188 88.784 25.161 88.725 25.166 88.634 25.192 88.599 25.193 88.559 25.171 88.475 25.195 88.441 25.19 88.431 25.173 88.434 25.117 88.426 25.051 88.414 25.022 88.391 24.995 88.388 24.969 88.376 24.946 88.323 24.875 88.314 24.868 88.243 24.881 88.233 24.918 88.202 24.945 88.165 24.941 88.115 24.916 88.141 24.845 88.108 24.801 88.095 24.803 88.088 24.796 88.077 24.761 88.053 24.755 88.048 24.711 88.027 24.676 88.022 24.646 88.057 24.634 88.082 24.6 88.086 24.537 88.11 24.501 88.139 24.495 88.401 24.369 88.475 24.315 88.563 24.308 88.612 24.293 88.635 24.294 88.66 24.338 88.682 24.334 88.715 24.315 88.738 24.287 88.75 24.223 88.746 24.214 88.732 24.19 88.694 24.175 88.678 24.154 88.683 24.124 88.674 24.083 88.698 24.056 88.701 24.044 88.725 24.038 88.725 24.029 88.702 23.995 88.714 23.964 88.714 23.925 88.653 23.87 88.594 23.867 88.578 23.855 88.578 23.819 88.553 23.775 88.561 23.741 88.542 23.639 88.566 23.629 88.562 23.602 88.571 23.592 88.609 23.589 88.648 23.535 88.664 23.518 88.705 23.495 88.719 23.468 88.732 23.473 88.757 23.499 88.77 23.489 88.768 23.467 88.719 23.348 88.686 23.293 88.687 23.272 88.697 23.252 88.71 23.241 88.776 23.222 88.823 23.238 88.918 23.209 88.96 23.203 88.955 23.184 88.865 23.1 88.851 23.075 88.839 22.976 88.872 22.927 88.893 22.88 88.905 22.866 88.933 22.858 88.945 22.848 88.945 22.815 88.937 22.782 88.908 22.741 88.956 22.585 88.95 22.562 88.928 22.548 88.971 22.528 88.998 22.451 89.003 22.428 88.99 22.387 89.002 22.334 89.024 22.295 89.009 22.286 89.019 22.265 89.062 22.212 89.076 22.175 89.078 22.151 89.06 22.13
39.238 -11.174 39.287 -11.154 39.498 -10.991 39.593 -10.979 39.76 -10.943 39.786 -10.933 39.886 -10.864 40.008 -10.811 40.133 -10.715 40.161 -10.704 40.251 -10.611 40.289 -10.583 40.353 -10.561 40.389 -10.535 40.421 -10.504 40.437 -10.475
39.126 -11.14 39.15 -11.144 39.212 -11.174 39.238 -11.174
39.061 -11.16 39.126 -11.14
38.93 -11.16 39.061 -11.16
38.76 -11.263 38.778 -11.254 38.818 -11.216 38.852 -11.203 38.896 -11.168 38.93 -11.16
38.115 -11.25 38.122 -11.261 38.167 -11.284
38.101 -11.256 38.115 -11.25
38.071 -11.256 38.101 -11.256
37.428 -11.723 37.476 -11.716 37.504 -11.673 37.573 -11.644 37.648 -11.636 37.711 -11.59 37.804 -11.545 37.825 -11.52 37.813 -11.482 37.818 -11.46 37.842 -11.418 37.841 -11.4 37.875 -11.319 37.938 -11.284 37.995 -11.278 38.014 -11.265 38.071 -11.256
38.715 -11.256 38.76 -11.263
38.492 -11.413 38.517 -11.383 38.616 -11.317 38.654 -11.276 38.715 -11.256
38.21 -11.27 38.257 -11.277 38.292 -11.302 38.348 -11.359 38.383 -11.377 38.462 -11.396 38.492 -11.413
38.167 -11.284 38.21 -11.27
35.826 -11.413 35.902 -11.435
35.601 -11.592 35.665 -11.572 35.68 -11.538 35.703 -11.517 35.696 -11.495 35.714 -11.484 35.764 -11.475 35.826 -11.413
35.94 -11.434 35.97 -11.461 35.961 -11.484 35.97 -11.502 35.989 -11.512
35.902 -11.435 35.94 -11.434
36.022 -11.506 36.08 -11.537 36.121 -11.551 36.143 -11.569 36.168 -11.579 36.183 -11.64 36.176 -11.655 36.179 -11.676 36.188 -11.694 36.2 -11.702
35.989 -11.512 36.022 -11.506
37.032 -11.565 37.044 -11.596 37.072 -11.629 37.106 -11.658 37.142 -11.675 37.27 -11.698
36.906 -11.593 36.998 -11.585 37.032 -11.565
36.837 -11.568 36.866 -11.574 36.906 -11.593
36.563 -11.731 36.667 -11.713 36.69 -11.695 36.738 -11.675 36.82 -11.574 36.837 -11.568
34.965 -11.574 35.382 -11.578
35.424 -11.577 35.432 -11.588 35.466 -11.593
35.382 -11.578 35.424 -11.577
35.494 -11.582 35.508 -11.589 35.52 -11.609 35.532 -11.613
35.466 -11.593 35.494 -11.582
35.6 -11.592 35.601 -11.592
35.576 -11.605 35.6 -11.592
35.544 -11.595 35.576 -11.605
35.532 -11.613 35.533 -11.596 35.544 -11.595
37.341 -11.681 37.378 -11.709 37.428 -11.723
37.27 -11.698 37.306 -11.695 37.341 -11.681
36.495 -11.681 36.503 -11.686 36.515 -11.715 36.563 -11.731
36.279 -11.709 36.361 -11.692 36.378 -11.681 36.495 -11.681
36.241 -11.695 36.279 -11.709
36.2 -11.702 36.241 -11.695
-5.358 36.141 -5.339 36.141
-122.753 48.993 -95.177 48.993 -95.162 49.001 -95.159 49.012 -95.161 49.369 -95.103 49.354 -94.983 49.356 -94.926 49.346 -94.839 49.309 -94.827 49.293 -94.806 49.211 -94.811 49.167 -94.711 48.915 -94.711 48.808 -94.689 48.779 -94.593 48.726 -94.519 48.704 -94.48 48.701 -94.293 48.712 -94.258 48.691 -94.251 48.657 -94.232 48.652 -93.875 48.636 -93.836 48.617 -93.809 48.544 -93.779 48.519 -93.757 48.517 -93.616 48.531 -93.6 48.526 -93.567 48.538 -93.492 48.542 -93.46 48.557 -93.452 48.573 -93.451 48.597 -93.386 48.615 -93.258 48.63 -92.98 48.618 -92.884 48.58 -92.649 48.536 -92.63 48.519 -92.627 48.503 -92.711 48.483 -92.719 48.46 -92.704 48.445 -92.657 48.438 -92.527 48.446 -92.491 48.433 -92.468 48.394 -92.462 48.329 -92.372 48.223 -92.328 48.229 -92.291 48.25 -92.303 48.311 -92.282 48.332 -92.259 48.34 -92.155 48.35 -92.07 48.347 -92.043 48.335 -92.008 48.262 -91.975 48.237 -91.852 48.196 -91.765 48.187 -91.744 48.18 -91.696 48.138 -91.716 48.112 -91.693 48.098 -91.59 48.088 -91.58 48.071 -91.587 48.053 -91.575 48.048 -91.487 48.053 -91.428 48.036 -91.365 48.058 -91.276 48.065 -91.238 48.083 -91.204 48.108 -91.071 48.171 -90.923 48.227 -90.874 48.234 -90.841 48.22 -90.838 48.211 -90.85 48.19 -90.843 48.177 -90.812 48.161 -90.786 48.1 -90.75 48.084 -90.701 48.085 -90.587 48.105 -90.542 48.084 -90.49 48.096 -90.471 48.09 -90.179 48.116 -90.12 48.115 -90.073 48.101 -89.995 48.019 -89.92 47.987 -89.902 47.986 -89.803 48.014 -89.763 48.017 -89.713 48.003 -89.657 48.008 -89.593 47.997 -89.462 47.995 -89.364 47.98 -89.34 47.984 -88.643 48.257 -88.408 48.304 -88.376 48.305 -88.347 48.299 -86.847 47.709 -86.009 47.37 -84.879 46.898 -84.854 46.861 -84.787 46.657 -84.773 46.633 -84.567 46.461 -84.541 46.453 -84.492 46.457 -84.423 46.512 -84.39 46.52 -84.352 46.523 -84.305 46.502 -84.197 46.546 -84.148 46.541 -84.11 46.526 -84.159 46.433 -84.148 46.4 -84.105 46.348 -84.119 46.314 -84.097 46.225 -84.087 46.201 -84.056 46.171 -84.021 46.152 -84.014 46.116 -83.965 46.063 -83.947 46.061 -83.931 46.067 -83.873 46.108 -83.839 46.119 -83.767 46.106 -83.665 46.119 -83.614 46.116 -83.565 46.091 -83.474 46.023 -83.463 46.008 -83.466 45.993 -83.556 45.87 -83.637 45.774 -83.484 45.772 -82.589 45.372 -82.548 45.335 -82.532 45.294 -82.148 43.611 -82.146 43.576 -82.154 43.55 -82.411 43.051 -82.415 42.983 -82.453 42.919 -82.468 42.864 -82.482 42.835 -82.485 42.819 -82.471 42.791 -82.483 42.719 -82.526 42.62 -82.549 42.591 -82.576 42.572 -82.644 42.558 -82.694 42.519 -82.8 42.418 -82.833 42.398 -82.944 42.355 -83.04 42.332 -83.08 42.305 -83.11 42.272 -83.129 42.24 -83.14 42.116 -83.159 42.046 -83.157 42 -83.123 41.92 -83.097 41.876 -83.068 41.848 -82.711 41.68 -82.667 41.669 -82.451 41.672 -82.425 41.677 -81.277 42.209 -80.247 42.365 -79.019 42.803 -78.963 42.84 -78.919 42.889 -78.909 42.93 -78.915 42.948 -78.984 42.976 -79.032 43.013 -79.023 43.058 -79.056 43.088 -79.065 43.106 -79.066 43.12 -79.052 43.147 -79.049 43.171 -79.058 43.278 -79.092 43.343 -79.174 43.465 -78.751 43.617 -78.688 43.632 -76.842 43.626 -76.797 43.645 -76.455 44.084 -76.35 44.152 -76.328 44.181 -76.186 44.226 -76.169 44.242 -76.179 44.279 -76.15 44.305 -76.067 44.348 -75.87 44.409 -75.856 44.422 -75.831 44.464 -75.7 44.582 -75.27 44.864 -75.13 44.925 -75.059 44.941 -75.015 44.966 -74.94 44.988 -74.904 45.005 -74.868 45.01 -74.696 44.998 -71.504 45.014 -71.505 45.053 -71.457 45.111 -71.442 45.151 -71.413 45.186 -71.407 45.205 -71.449 45.227 -71.395 45.242 -71.334 45.289 -71.293 45.292 -71.209 45.255 -71.16 45.246 -71.142 45.252 -71.095 45.301 -71.054 45.31 -71.017 45.343 -70.993 45.348 -70.968 45.345 -70.952 45.332 -70.907 45.246 -70.892 45.235 -70.874 45.246 -70.87 45.283 -70.835 45.31 -70.834 45.393 -70.813 45.423 -70.795 45.43 -70.772 45.43 -70.697 45.389 -70.654 45.395 -70.641 45.408 -70.65 45.427 -70.707 45.456 -70.723 45.471 -70.732 45.492 -70.73 45.508 -70.687 45.573 -70.572 45.662 -70.515 45.682 -70.485 45.7 -70.439 45.706 -70.419 45.717 -70.402 45.75 -70.404 45.771 -70.417 45.794 -70.415 45.804 -70.283 45.89 -70.263 45.923 -70.256 45.949 -70.263 45.957 -70.304 45.969 -70.316 45.983 -70.306 46.035 -70.292 46.049 -70.313 46.08 -70.264 46.107 -70.249 46.121 -70.244 46.141 -70.249 46.163 -70.263 46.183 -70.285 46.192 -70.281 46.212 -70.236 46.288 -70.224 46.301 -70.202 46.305 -70.188 46.358 -70.074 46.42 -70.062 46.445 -70.024 46.661 -70.008 46.704 -69.268 47.44 -69.237 47.459 -69.07 47.432 -69.054 47.418 -69.066 47.33 -69.057 47.269 -69.04 47.249 -68.906 47.19 -68.89 47.191 -68.762 47.237 -68.718 47.245 -68.644 47.245 -68.585 47.282 -68.518 47.305 -68.467 47.306 -68.435 47.291 -68.386 47.302 -68.382 47.328 -68.348 47.359 -68.3 47.368 -68.246 47.361 -68.197 47.341 -68.156 47.307 -68.101 47.286 -68.039 47.245 -67.993 47.223 -67.962 47.198 -67.943 47.165 -67.899 47.139 -67.871 47.107 -67.814 47.082 -67.805 47.036 -67.785 45.96 -67.758 45.919 -67.799 45.876 -67.773 45.828 -67.811 45.767 -67.807 45.713 -67.8 45.7 -67.762 45.68 -67.748 45.678 -67.728 45.692 -67.691 45.654 -67.608 45.62 -67.552 45.61 -67.45 45.611 -67.431 45.598 -67.422 45.569 -67.426 45.533 -67.493 45.493 -67.482 45.456 -67.429 45.387 -67.435 45.35 -67.469 45.302 -67.475 45.282 -67.471 45.266 -67.428 45.237 -67.391 45.193 -67.356 45.166 -67.319 45.154 -67.285 45.17 -67.277 45.195 -67.255 45.205 -67.176 45.179
-111.006 31.327 -111.067 31.334 -111.506 31.475 -114.822 32.5 -114.809 32.511 -114.796 32.552 -114.794 32.574 -114.803 32.594 -114.782 32.628 -114.739 32.669 -114.724 32.713
-114.724 32.713 -117.125 32.532
-108.138 31.778 -108.215 31.778
-108.215 31.778 -108.215 31.327 -111.006 31.327
-108.086 31.777 -108.112 31.778
-108.112 31.778 -108.138 31.778
-107.879 31.777 -108.06 31.777
-108.06 31.777 -108.086 31.777
-107.672 31.776 -107.853 31.777
-107.853 31.777 -107.879 31.777
-107.387 31.776 -107.646 31.776
-107.646 31.776 -107.672 31.776
-107.206 31.775 -107.361 31.776
-107.361 31.776 -107.387 31.776
-107.128 31.775 -107.18 31.775
-107.18 31.775 -107.206 31.775
-106.921 31.775 -107.102 31.775
-107.102 31.775 -107.128 31.775
-106.714 31.774 -106.895 31.775
-106.895 31.775 -106.921 31.775
-106.473 31.755 -106.493 31.759 -106.517 31.774 -106.688 31.774
-106.688 31.774 -106.714 31.774
-105.249 30.799 -105.277 30.819 -105.364 30.85 -105.416 30.902 -105.497 30.957 -105.531 30.992 -105.556 31.003 -105.591 31.071 -105.644 31.104 -105.668 31.128 -105.768 31.18 -105.785 31.211 -105.862 31.288 -105.928 31.326 -105.942 31.352 -105.961 31.371 -106.005 31.397 -106.046 31.405 -106.099 31.429 -106.164 31.448 -106.174 31.46 -106.209 31.477 -106.233 31.52 -106.286 31.58 -106.312 31.649 -106.358 31.718 -106.392 31.746 -106.429 31.758
-106.429 31.758 -106.473 31.755
-105.161 30.764 -105.167 30.781 -105.195 30.788 -105.205 30.802 -105.229 30.81
-105.229 30.81 -105.249 30.799
-105.14 30.75 -105.158 30.766
-105.158 30.766 -105.161 30.764
-104.338 29.524 -104.349 29.538 -104.444 29.589 -104.455 29.613 -104.531 29.668 -104.537 29.702 -104.561 29.745 -104.57 29.788 -104.62 29.833 -104.638 29.888 -104.68 29.942 -104.68 29.976 -104.702 30.055 -104.68 30.134 -104.682 30.193 -104.715 30.244 -104.749 30.264 -104.789 30.336 -104.813 30.351 -104.818 30.381 -104.853 30.412 -104.852 30.439 -104.867 30.473 -104.859 30.497 -104.88 30.511 -104.887 30.552 -104.934 30.611 -104.983 30.621 -104.996 30.662 -105.008 30.677 -105.049 30.699 -105.087 30.71 -105.134 30.758
-105.134 30.758 -105.14 30.75
-102.276 29.87 -102.302 29.889 -102.321 29.894
-102.321 29.894 -102.33 29.889 -102.34 29.871 -102.371 29.858 -102.38 29.811 -102.406 29.777
-102.109 29.802 -102.204 29.846 -102.253 29.855 -102.258 29.873
-102.258 29.873 -102.276 29.87
-101.522 29.766 -101.543 29.771 -101.529 29.801 -101.532 29.811 -101.546 29.82
-101.546 29.82 -101.554 29.797 -101.565 29.786 -101.632 29.776
-101.93 29.798 -101.972 29.818
-101.972 29.818 -101.988 29.805
-101.858 29.805 -101.887 29.812
-101.887 29.812 -101.911 29.8 -101.93 29.798
-101.632 29.776 -101.795 29.796 -101.806 29.812 -101.813 29.812
-101.813 29.812 -101.824 29.805 -101.858 29.805
-101.988 29.805 -102.015 29.811
-102.015 29.811 -102.109 29.802
-101.435 29.77 -101.456 29.776 -101.462 29.789 -101.471 29.792
-101.471 29.792 -101.522 29.766
-102.406 29.777 -102.515 29.785
-102.515 29.785 -102.553 29.757
-101.336 29.654 -101.364 29.677 -101.407 29.753 -101.405 29.778
-101.405 29.778 -101.435 29.77
-102.553 29.757 -102.567 29.771
-102.567 29.771 -102.639 29.744
-102.639 29.744 -102.676 29.744
-102.676 29.744 -102.691 29.737 -102.698 29.71 -102.761 29.603 -102.78 29.592 -102.774 29.58 -102.786 29.572 -102.781 29.558 -102.795 29.544 -102.839 29.452 -102.835 29.404 -102.846 29.385 -102.838 29.366 -102.854 29.361
-101.301 29.594 -101.312 29.598 -101.301 29.65 -101.31 29.655
-101.31 29.655 -101.336 29.654
-99.7 27.659 -99.731 27.692 -99.74 27.722 -99.775 27.736 -99.808 27.772 -99.833 27.777 -99.845 27.794 -99.863 27.805 -99.863 27.846 -99.888 27.865 -99.891 27.876 -99.881 27.906 -99.897 27.913 -99.93 27.946 -99.94 27.961 -99.928 27.976 -99.977 27.992 -99.991 28.008 -100.014 28.05 -100.01 28.069 -100.045 28.095 -100.056 28.138 -100.075 28.154 -100.189 28.201 -100.198 28.207 -100.206 28.243 -100.241 28.25 -100.275 28.277 -100.284 28.297 -100.279 28.331 -100.323 28.387 -100.336 28.459 -100.356 28.478 -100.352 28.497 -100.323 28.51 -100.384 28.537 -100.398 28.558 -100.401 28.602 -100.446 28.626 -100.445 28.644 -100.494 28.708 -100.519 28.805 -100.534 28.83 -100.545 28.839 -100.566 28.843 -100.566 28.87 -100.587 28.88 -100.595 28.899 -100.624 28.925 -100.627 28.948 -100.638 28.963 -100.629 28.984 -100.633 29.005 -100.652 29.045 -100.661 29.103 -100.669 29.116 -100.702 29.124 -100.71 29.136 -100.763 29.174 -100.77 29.187 -100.762 29.209 -100.796 29.258 -100.864 29.291 -100.915 29.337 -100.987 29.366 -101.008 29.381 -101.022 29.4 -101.038 29.46 -101.135 29.488 -101.164 29.501 -101.191 29.528 -101.213 29.532 -101.226 29.554 -101.218 29.584 -101.219 29.61 -101.234 29.623
-101.234 29.623 -101.259 29.62 -101.301 29.594
-103.585 29.155 -103.673 29.174 -103.702 29.188 -103.749 29.223 -103.778 29.235 -103.769 29.258 -103.784 29.275 -103.928 29.293 -104.019 29.32 -104.057 29.339 -104.105 29.386 -104.162 29.417 -104.195 29.449 -104.212 29.485 -104.251 29.509 -104.267 29.527 -104.293 29.533
-104.293 29.533 -104.321 29.532 -104.338 29.524
-102.854 29.361 -102.86 29.361
-102.86 29.361 -102.883 29.344 -102.9 29.264 -102.859 29.229 -102.897 29.22 -102.948 29.182
-102.948 29.182 -102.97 29.193
-102.97 29.193 -102.988 29.177 -103.024 29.116 -103.081 29.085 -103.092 29.058
-103.372 29.024 -103.424 29.058 -103.479 29.082 -103.53 29.127 -103.542 29.149 -103.558 29.156
-103.558 29.156 -103.585 29.155
-103.092 29.058 -103.095 29.06
-103.095 29.06 -103.105 29.058 -103.109 29.023 -103.123 28.996 -103.148 28.985
-103.33 29.024 -103.343 29.041
-103.343 29.041 -103.372 29.024
-103.302 29.002 -103.316 29.01 -103.31 29.031
-103.31 29.031 -103.33 29.024
-103.148 28.985 -103.242 29.004
-103.242 29.004 -103.302 29.002
-99.645 27.633 -99.665 27.659
-99.665 27.659 -99.7 27.659
-99.066 26.405 -99.085 26.408 -99.106 26.423 -99.109 26.434 -99.089 26.471 -99.103 26.512 -99.115 26.526 -99.165 26.54 -99.181 26.63 -99.248 26.827 -99.337 26.925 -99.386 26.962 -99.393 27.005 -99.399 27.013 -99.425 27.018 -99.462 27.057 -99.439 27.098 -99.452 27.125 -99.432 27.208 -99.434 27.227 -99.452 27.261 -99.48 27.283 -99.487 27.298 -99.521 27.311 -99.494 27.348 -99.473 27.427 -99.473 27.468 -99.48 27.491 -99.51 27.5 -99.507 27.574 -99.515 27.589 -99.535 27.605 -99.572 27.618 -99.6 27.646
-99.6 27.646 -99.645 27.633
-99.011 26.393 -99.028 26.406 -99.048 26.407
-99.048 26.407 -99.066 26.405
-98.945 26.378 -98.963 26.4 -98.987 26.4
-98.987 26.4 -99.011 26.393
-98.893 26.368 -98.93 26.392
-98.93 26.392 -98.945 26.378
-98.74 26.303 -98.736 26.32 -98.746 26.332 -98.781 26.352 -98.801 26.372 -98.81 26.372
-98.81 26.372 -98.825 26.366
-98.825 26.366 -98.836 26.372
-98.836 26.372 -98.851 26.364
-98.851 26.364 -98.87 26.372
-98.87 26.372 -98.893 26.368
-98.641 26.242 -98.665 26.251 -98.685 26.268 -98.702 26.272 -98.704 26.277 -98.691 26.29 -98.701 26.299 -98.726 26.304
-98.726 26.304 -98.74 26.303
-98.472 26.208 -98.493 26.231 -98.582 26.262
-98.582 26.262 -98.641 26.242
-98.15 26.064 -98.185 26.065 -98.223 26.075 -98.3 26.111 -98.339 26.16 -98.377 26.164 -98.369 26.194 -98.457 26.226
-98.457 26.226 -98.472 26.208
-98.065 26.042 -98.075 26.047 -98.083 26.071 -98.103 26.075
-98.103 26.075 -98.15 26.064
-97.942 26.057 -97.999 26.064
-97.999 26.064 -98.065 26.042
-97.404 25.851 -97.425 25.855 -97.448 25.892 -97.486 25.896 -97.52 25.913 -97.565 25.955 -97.594 25.966 -97.623 26.009 -97.641 26.022 -97.68 26.035 -97.767 26.04 -97.78 26.043 -97.782 26.059 -97.802 26.064
-97.802 26.064 -97.942 26.057
-97.139 25.966 -97.205 25.961
-97.205 25.961 -97.253 25.963
-97.253 25.963 -97.266 25.961 -97.269 25.944 -97.288 25.929 -97.311 25.922
-97.311 25.922 -97.328 25.933
-97.328 25.933 -97.355 25.913 -97.346 25.852 -97.366 25.844
-97.366 25.844 -97.376 25.847 -97.39 25.866 -97.398 25.866
-97.398 25.866 -97.404 25.851
-89.193 16.393 -89.149 17.036 -89.16 17.814
-88.413 18.491 -88.391 18.476
-88.46 18.476 -88.413 18.491
-88.489 18.485 -88.46 18.476
-88.88 17.888 -88.865 17.899 -88.856 17.928 -88.796 17.976 -88.777 18.024 -88.736 18.052 -88.727 18.067 -88.718 18.11 -88.69 18.161 -88.697 18.178 -88.627 18.22 -88.617 18.235 -88.608 18.283 -88.555 18.352 -88.528 18.454 -88.489 18.485
-88.31 18.482 -88.304 18.481
-88.391 18.476 -88.371 18.482 -88.31 18.482
-89.049 17.999 -89.028 17.992 -88.98 17.949 -88.968 17.948
-89.16 17.814 -89.161 17.901 -89.154 17.941 -89.133 17.97 -89.049 17.999
-88.957 17.951 -88.947 17.948 -88.933 17.92 -88.88 17.888
-88.968 17.948 -88.957 17.951
-90.919 17.816 -89.16 17.814
-90.992 17.252 -90.991 17.802 -90.983 17.811 -90.962 17.816 -90.919 17.816
-91.431 17.255 -90.992 17.252
-91.345 17.186 -91.365 17.19 -91.373 17.214 -91.443 17.238 -91.438 17.254 -91.431 17.255
-91.161 17.024 -91.207 17.065 -91.23 17.114 -91.259 17.124 -91.28 17.18 -91.29 17.189 -91.318 17.19
-91.318 17.19 -91.345 17.186
-90.993 16.874 -91.017 16.895 -91.055 16.908 -91.067 16.918 -91.077 16.95 -91.112 16.99 -91.121 17.018 -91.137 17.027
-91.137 17.027 -91.161 17.024
-90.82 16.805 -90.901 16.826 -90.919 16.836 -90.948 16.865 -90.969 16.874 -90.953 16.891 -90.955 16.899 -90.986 16.901
-90.986 16.901 -90.983 16.879 -90.993 16.874
-90.667 16.587 -90.654 16.617 -90.668 16.653 -90.735 16.747 -90.8 16.787 -90.797 16.805 -90.811 16.813
-90.811 16.813 -90.82 16.805
-90.633 16.483 -90.612 16.508 -90.613 16.518 -90.648 16.53 -90.64 16.545 -90.644 16.561 -90.634 16.592 -90.647 16.6
-90.647 16.6 -90.654 16.59 -90.667 16.587
-90.533 16.46 -90.544 16.49 -90.553 16.49
-90.553 16.49 -90.585 16.48
-90.585 16.48 -90.621 16.487
-90.621 16.487 -90.633 16.483
-90.421 16.415 -90.444 16.427 -90.476 16.431 -90.482 16.456 -90.509 16.471
-90.509 16.471 -90.533 16.46
-90.38 16.367 -90.391 16.386 -90.395 16.419 -90.401 16.421
-90.401 16.421 -90.421 16.415
-90.409 16.372 -90.38 16.367
-90.421 16.353 -90.418 16.367 -90.409 16.372
-90.42 16.296 -90.445 16.308 -90.419 16.318 -90.405 16.332 -90.399 16.348 -90.407 16.36
-90.407 16.36 -90.421 16.353
-90.42 16.285 -90.414 16.288 -90.414 16.298
-90.414 16.298 -90.42 16.296
-90.434 16.292 -90.42 16.285
-90.437 16.285 -90.434 16.292
-90.441 16.285 -90.437 16.285
-90.428 16.264 -90.441 16.285
-90.448 16.271 -90.428 16.264
-90.456 16.1 -90.459 16.117 -90.435 16.136 -90.448 16.154 -90.426 16.163 -90.433 16.173 -90.462 16.189 -90.466 16.208 -90.459 16.222 -90.434 16.236 -90.458 16.249 -90.459 16.259 -90.448 16.271
-92.246 14.546 -92.226 14.549 -92.208 14.571 -92.161 14.683 -92.162 14.702 -92.179 14.752 -92.179 14.781 -92.192 14.835 -92.166 14.871 -92.155 14.901 -92.154 14.996 -92.142 15.007 -92.104 15.018 -92.074 15.074 -92.203 15.237 -92.211 15.272 -91.74 16.061 -91.724 16.069 -90.486 16.071 -90.448 16.079 -90.434 16.107
-90.434 16.107 -90.456 16.1
-85.598 11.21 -85.509 11.152 -84.931 10.942 -84.908 10.939
-85.702 11.081 -85.659 11.159 -85.631 11.196 -85.598 11.21
-84.676 11.07 -84.621 11.036 -84.603 11.033
-84.908 10.939 -84.885 10.948 -84.708 11.063 -84.676 11.07
-84.582 11.034 -84.493 10.999 -84.458 10.961 -84.427 10.951
-84.603 11.033 -84.582 11.034
-84.427 10.951 -84.355 10.995
-88.221 15.726 -88.233 15.721 -88.242 15.688
-88.242 15.688 -88.248 15.696
-88.248 15.696 -88.296 15.675 -88.317 15.675 -88.353 15.617 -88.399 15.573 -88.973 15.14 -89.11 15.091 -89.161 15.06 -89.189 14.996 -89.169 14.978 -89.169 14.952 -89.199 14.9 -89.231 14.867 -89.232 14.848 -89.189 14.783 -89.171 14.739 -89.145 14.708 -89.145 14.683 -89.159 14.666 -89.155 14.616 -89.16 14.581 -89.172 14.57 -89.184 14.57
-89.184 14.57 -89.221 14.58
-89.221 14.58 -89.246 14.573 -89.323 14.487 -89.355 14.475 -89.364 14.447 -89.362 14.415
-82.829 9.603 -82.771 9.58 -82.72 9.541
-82.939 9.06 -82.942 9.456 -82.933 9.47 -82.861 9.484 -82.846 9.493 -82.845 9.501 -82.86 9.511 -82.879 9.56 -82.866 9.585 -82.847 9.601 -82.829 9.603
-82.571 9.538 -82.563 9.539 -82.574 9.576
-82.601 9.549 -82.571 9.538
-82.632 9.485 -82.619 9.487 -82.612 9.499 -82.608 9.538 -82.601 9.549
-82.712 9.545 -82.678 9.498 -82.632 9.485
-82.72 9.541 -82.712 9.545
-82.989 8.264 -83.044 8.305 -83.053 8.315 -83.052 8.328 -82.998 8.36 -82.954 8.402 -82.87 8.438 -82.848 8.465 -82.839 8.495 -82.836 8.53 -82.85 8.63 -82.862 8.656 -82.919 8.727 -82.923 8.756 -82.876 8.794 -82.876 8.808 -82.888 8.817 -82.879 8.83 -82.764 8.88 -82.734 8.898 -82.719 8.922 -82.749 8.974 -82.808 8.998 -82.882 9.045 -82.9 9.072
-82.9 9.072 -82.939 9.06
-82.898 8.035 -82.886 8.102 -82.939 8.217 -82.944 8.249 -82.951 8.259 -82.977 8.269
-82.977 8.269 -82.989 8.264
-77.374 8.665 -77.375 8.651 -77.385 8.644 -77.418 8.638 -77.434 8.628 -77.429 8.593 -77.441 8.568 -77.48 8.526 -77.489 8.474 -77.48 8.468
-77.45 8.471 -77.422 8.456 -77.391 8.394 -77.374 8.289 -77.363 8.272 -77.324 8.261 -77.231 8.099 -77.208 7.997 -77.201 7.982 -77.171 7.955 -77.163 7.939 -77.169 7.935
-77.48 8.468 -77.45 8.471
-77.169 7.935 -77.206 7.935
-77.206 7.935 -77.27 7.918 -77.3 7.902 -77.322 7.881 -77.347 7.824 -77.377 7.787 -77.38 7.774 -77.367 7.745 -77.346 7.726 -77.34 7.707 -77.369 7.681 -77.509 7.594 -77.58 7.528 -77.603 7.526
-77.603 7.526 -77.613 7.537 -77.633 7.601 -77.661 7.638 -77.675 7.645 -77.67 7.66 -77.74 7.719
-77.74 7.719 -77.764 7.706 -77.771 7.669 -77.766 7.626 -77.734 7.552 -77.731 7.53 -77.74 7.505 -77.755 7.486 -77.774 7.475 -77.796 7.471
-77.796 7.471 -77.82 7.477
-77.82 7.477 -77.896 7.235
-60.068 8.032 -60.046 8.033 -60.03 8.043 -60.019 8.06 -60.011 8.1 -59.999 8.115 -60.001 8.153 -59.993 8.169 -59.94 8.208 -59.848 8.228 -59.829 8.245 -59.817 8.267 -59.816 8.288 -59.856 8.352 -59.96 8.468 -60.021 8.558
-60.108 8.036 -60.068 8.032
-60.419 7.819 -60.375 7.824 -60.35 7.842 -60.342 7.865 -60.272 7.918 -60.231 7.964 -60.183 7.983 -60.129 8.029 -60.108 8.036
-60.503 7.821 -60.419 7.819
-60.611 7.627 -60.601 7.634 -60.6 7.662 -60.585 7.689 -60.588 7.718 -60.582 7.736 -60.56 7.763 -60.54 7.8 -60.526 7.813 -60.503 7.821
-60.625 7.629 -60.611 7.627
-60.548 7.126 -60.628 7.191 -60.643 7.221 -60.644 7.251 -60.631 7.278 -60.602 7.307 -60.602 7.33 -60.629 7.384 -60.653 7.398 -60.661 7.436 -60.701 7.454 -60.73 7.51 -60.731 7.525 -60.716 7.552 -60.671 7.566 -60.625 7.629
-60.401 7.171 -60.416 7.171 -60.45 7.188 -60.475 7.189
-60.475 7.189 -60.497 7.181 -60.513 7.165 -60.535 7.126 -60.548 7.126
-60.377 6.939 -60.36 7.005 -60.313 7.04 -60.292 7.088 -60.3 7.121 -60.36 7.166 -60.385 7.173
-60.385 7.173 -60.401 7.171
-60.394 6.948 -60.377 6.939
-60.722 6.76 -60.7 6.767 -60.64 6.838 -60.549 6.863 -60.421 6.942 -60.394 6.948
-60.908 6.815 -60.872 6.808 -60.838 6.786
-60.955 6.729 -60.934 6.732 -60.901 6.764 -60.901 6.786 -60.913 6.811 -60.908 6.815
-60.794 6.794 -60.722 6.76
-60.838 6.786 -60.794 6.794
-61 6.734 -60.955 6.729
-61.019 6.72 -61 6.734
-61.061 6.73 -61.019 6.72
-61.07 6.712 -61.061 6.73
-61.111 6.72 -61.07 6.712
-61.133 6.184 -61.122 6.187 -61.113 6.254 -61.129 6.283 -61.152 6.303 -61.161 6.342 -61.155 6.391 -61.139 6.425 -61.14 6.441 -61.171 6.509 -61.21 6.541 -61.212 6.561 -61.205 6.596 -61.171 6.669 -61.13 6.716 -61.111 6.72
-61.147 6.185 -61.133 6.184
-60.74 5.202 -61.38 5.905 -61.397 5.946 -61.338 5.987 -61.269 6.107 -61.194 6.133 -61.174 6.172 -61.161 6.183 -61.147 6.185
-67.44 2.14 -67.366 2.115 -67.341 2.09 -67.265 1.933 -67.156 1.788 -67.117 1.71 -67.083 1.605 -67.074 1.541 -67.098 1.253 -67.094 1.201 -67.086 1.176 -67.065 1.173
-67.965 1.74 -67.893 1.75 -67.821 1.784 -67.79 1.813 -67.67 1.973 -67.593 2.055 -67.554 2.073 -67.51 2.107 -67.466 2.116 -67.44 2.14
-68.192 2.015 -68.185 1.981 -68.177 1.973 -68.126 1.956 -68.111 1.942 -68.059 1.816 -68.032 1.778 -67.998 1.75 -67.965 1.74
-68.239 1.721 -68.163 1.721 -68.189 1.736 -68.194 1.764 -68.239 1.77 -68.239 1.81 -68.248 1.822 -68.28 1.829 -68.261 1.858 -68.201 2.008 -68.192 2.015
-67.065 1.173 -66.875 1.223
-69.542 1.773 -69.469 1.757 -69.393 1.725 -69.352 1.72
-69.69 1.735 -69.649 1.739 -69.58 1.77 -69.542 1.773
-69.729 1.739 -69.69 1.735
-69.808 1.707 -69.729 1.739
-69.352 1.72 -68.239 1.721
-69.856 1.708 -69.808 1.707
-69.829 1.057 -69.852 1.059 -69.849 1.669 -69.856 1.708
-69.716 1.059 -69.727 1.061 -69.728 1.083 -69.763 1.091
-69.763 1.091 -69.788 1.084 -69.829 1.057
-69.543 1.056 -69.597 1.072 -69.62 1.073
-69.62 1.073 -69.716 1.059
-69.162 0.631 -69.144 0.638 -69.137 0.65 -69.141 0.668 -69.152 0.691 -69.189 0.715 -69.192 0.729 -69.168 0.756 -69.178 0.824 -69.175 0.844 -69.152 0.854 -69.152 0.868 -69.21 0.908 -69.204 0.944 -69.226 0.957 -69.233 0.988 -69.24 0.996 -69.289 1.038 -69.355 1.067
-69.355 1.067 -69.371 1.063 -69.418 1.029
-69.418 1.029 -69.478 1.061
-69.478 1.061 -69.543 1.056
-69.478 0.733 -69.44 0.716 -69.363 0.641
-69.619 0.651 -69.594 0.689 -69.556 0.7 -69.504 0.73 -69.478 0.733
-69.679 0.67 -69.619 0.651
-69.953 0.586 -69.805 0.607 -69.733 0.639 -69.695 0.669 -69.679 0.67
-69.302 0.657 -69.293 0.646 -69.297 0.618
-69.363 0.641 -69.32 0.656 -69.302 0.657
-69.19 0.64 -69.162 0.631
-69.242 0.614 -69.226 0.615 -69.208 0.635 -69.19 0.64
-69.279 0.619 -69.242 0.614
-69.297 0.618 -69.279 0.619
-69.976 0.59 -69.953 0.586
-70.039 0.575 -69.999 0.59 -69.976 0.59
-70.054 0.588 -70.039 0.575
-69.965 -4.236 -69.947 -4.201 -69.466 -1.561 -69.434 -1.422 -69.435 -1.376 -69.418 -1.284 -69.421 -1.239 -69.399 -1.183 -69.41 -1.153 -69.448 -1.092 -69.44 -1.049 -69.443 -1.008 -69.45 -0.997 -69.471 -0.988 -69.493 -0.956 -69.533 -0.934 -69.539 -0.921 -69.537 -0.89 -69.573 -0.849 -69.573 -0.814 -69.618 -0.757 -69.628 -0.733 -69.591 -0.668 -69.584 -0.645 -69.605 -0.606 -69.607 -0.567 -69.62 -0.525 -69.65 -0.492 -69.746 -0.453 -69.791 -0.408 -69.835 -0.383 -69.858 -0.341 -69.875 -0.331 -69.934 -0.314 -69.967 -0.272 -70.018 -0.226 -70.068 -0.16 -70.074 -0.125 -70.054 0.588
-74.883 -0.223 -74.955 -0.2 -75.015 -0.141 -75.051 -0.134 -75.102 -0.069 -75.121 -0.054 -75.142 -0.043 -75.207 -0.029
-75.207 -0.029 -75.222 -0.032 -75.232 -0.043 -75.24 -0.075 -75.253 -0.09 -75.283 -0.107
-74.673 -0.354 -74.687 -0.353 -74.718 -0.327 -74.791 -0.313 -74.783 -0.299 -74.755 -0.278 -74.789 -0.209 -74.825 -0.17
-74.825 -0.17 -74.837 -0.173 -74.861 -0.213 -74.883 -0.223
-74.309 -0.847 -74.295 -0.847 -74.289 -0.836 -74.311 -0.801 -74.303 -0.785 -74.344 -0.774 -74.385 -0.722 -74.385 -0.703 -74.365 -0.676 -74.413 -0.573 -74.418 -0.543 -74.442 -0.536 -74.476 -0.496 -74.562 -0.439 -74.604 -0.395 -74.642 -0.34
-74.642 -0.34 -74.673 -0.354
-74.325 -0.845 -74.309 -0.847
-74.12 -1.021 -74.181 -0.998 -74.24 -0.987 -74.267 -0.972 -74.289 -0.943 -74.303 -0.898 -74.344 -0.859 -74.338 -0.847 -74.325 -0.845
-74.017 -1.092 -74.037 -1.08 -74.065 -1.001 -74.077 -0.991
-74.077 -0.991 -74.092 -1.02 -74.12 -1.021
-73.968 -1.115 -73.981 -1.107 -73.973 -1.082 -73.983 -1.066
-73.983 -1.066 -74.017 -1.092
-73.803 -1.224 -73.83 -1.22 -73.871 -1.201 -73.899 -1.163 -73.92 -1.114 -73.936 -1.108
-73.936 -1.108 -73.968 -1.115
-73.614 -1.307 -73.637 -1.255 -73.732 -1.217 -73.755 -1.183
-73.755 -1.183 -73.77 -1.189 -73.786 -1.214 -73.803 -1.224
-73.435 -1.76 -73.446 -1.738 -73.511 -1.699 -73.531 -1.674 -73.529 -1.635 -73.517 -1.602 -73.509 -1.587 -73.485 -1.572 -73.495 -1.488 -73.505 -1.467 -73.526 -1.452 -73.537 -1.434 -73.574 -1.417 -73.583 -1.402 -73.563 -1.372 -73.579 -1.365 -73.589 -1.35 -73.594 -1.313 -73.601 -1.305
-73.601 -1.305 -73.614 -1.307
-73.084 -2.345 -73.099 -2.315 -73.142 -2.304 -73.159 -2.293 -73.166 -2.256 -73.198 -2.214 -73.195 -2.187 -73.15 -2.144 -73.111 -2.073 -73.125 -2.061 -73.145 -1.998 -73.169 -1.959 -73.171 -1.93 -73.159 -1.895 -73.194 -1.837 -73.186 -1.8 -73.247 -1.742
-73.247 -1.742 -73.257 -1.742 -73.261 -1.769 -73.268 -1.772
-73.41 -1.76 -73.424 -1.758
-73.424 -1.758 -73.435 -1.76
-73.34 -1.792 -73.351 -1.791 -73.387 -1.761 -73.399 -1.759
-73.399 -1.759 -73.41 -1.76
-73.268 -1.772 -73.301 -1.764
-73.301 -1.764 -73.317 -1.765 -73.34 -1.792
-71.731 -2.19 -71.74 -2.173 -71.738 -2.138 -71.746 -2.132
-71.746 -2.132 -71.826 -2.179 -71.836 -2.18 -71.877 -2.245 -71.932 -2.29 -71.936 -2.312 -71.949 -2.324 -71.966 -2.328
-71.498 -2.315 -71.514 -2.307 -71.521 -2.292 -71.527 -2.232 -71.538 -2.223 -71.596 -2.211 -71.655 -2.174 -71.679 -2.17
-71.679 -2.17 -71.712 -2.187 -71.731 -2.19
-70.925 -2.22 -70.993 -2.197 -71.021 -2.197
-71.021 -2.197 -71.032 -2.211 -71.021 -2.259 -71.041 -2.265
-70.648 -2.451 -70.654 -2.445 -70.664 -2.398 -70.699 -2.37 -70.699 -2.341 -70.707 -2.328 -70.788 -2.307 -70.822 -2.285 -70.874 -2.23 -70.905 -2.211
-70.905 -2.211 -70.925 -2.22
-71.041 -2.265 -71.079 -2.248 -71.092 -2.247
-71.092 -2.247 -71.143 -2.263 -71.162 -2.31 -71.22 -2.342
-71.421 -2.376 -71.432 -2.355 -71.414 -2.335 -71.415 -2.316 -71.456 -2.255 -71.467 -2.251
-71.467 -2.251 -71.481 -2.266 -71.498 -2.315
-72.935 -2.425 -72.953 -2.402 -72.97 -2.356 -72.988 -2.338 -73.056 -2.3
-73.056 -2.3 -73.071 -2.333 -73.084 -2.345
-71.966 -2.328 -72.029 -2.32
-72.029 -2.32 -72.062 -2.32 -72.089 -2.331 -72.161 -2.406 -72.176 -2.41
-71.22 -2.342 -71.253 -2.327
-71.253 -2.327 -71.308 -2.348
-71.308 -2.348 -71.315 -2.334
-71.315 -2.334 -71.387 -2.369 -71.421 -2.376
-72.378 -2.451 -72.414 -2.437 -72.442 -2.405 -72.563 -2.383 -72.608 -2.346 -72.644 -2.334
-72.644 -2.334 -72.683 -2.405 -72.712 -2.422
-72.712 -2.422 -72.718 -2.42 -72.725 -2.383 -72.734 -2.368
-72.734 -2.368 -72.754 -2.381 -72.762 -2.402
-72.762 -2.402 -72.805 -2.378
-72.805 -2.378 -72.858 -2.4 -72.87 -2.412 -72.935 -2.425
-72.176 -2.41 -72.241 -2.395
-72.241 -2.395 -72.282 -2.406 -72.284 -2.433 -72.378 -2.451
-70.445 -2.499 -70.457 -2.493 -70.472 -2.463 -70.484 -2.453 -70.538 -2.436 -70.579 -2.405
-70.579 -2.405 -70.596 -2.417 -70.599 -2.447 -70.648 -2.451
-70.36 -2.561 -70.371 -2.55 -70.376 -2.533 -70.35 -2.518 -70.345 -2.497 -70.358 -2.487 -70.379 -2.485
-70.379 -2.485 -70.4 -2.485 -70.445 -2.499
-70.218 -2.632 -70.236 -2.625 -70.274 -2.546 -70.296 -2.535
-70.296 -2.535 -70.36 -2.561
-70.15 -2.669 -70.16 -2.664 -70.164 -2.635 -70.184 -2.62
-70.184 -2.62 -70.218 -2.632
-70.464 -3.879 -70.491 -3.878 -70.544 -3.865 -70.691 -3.787 -70.734 -3.782 -70.051 -2.715 -70.076 -2.691 -70.095 -2.633 -70.106 -2.625
-70.106 -2.625 -70.126 -2.639 -70.142 -2.667 -70.15 -2.669
-69.965 -4.236 -69.993 -4.181 -70.031 -4.132 -70.06 -4.107 -70.162 -4.056 -70.188 -4.029 -70.217 -3.925 -70.241 -3.891 -70.274 -3.857 -70.311 -3.829 -70.35 -3.816
-70.35 -3.816 -70.378 -3.819 -70.439 -3.868 -70.464 -3.879
-75.571 -0.122 -75.623 -0.107
-75.623 -0.107 -75.638 -0.111 -75.643 -0.129 -75.629 -0.17 -75.61 -0.183
-75.283 -0.107 -75.318 -0.138 -75.36 -0.15
-75.43 -0.164 -75.455 -0.161 -75.526 -0.123 -75.553 -0.12
-75.553 -0.12 -75.571 -0.122
-75.36 -0.15 -75.394 -0.145
-75.394 -0.145 -75.43 -0.164
-75.589 -0.181 -75.496 -0.233 -75.485 -0.248 -75.453 -0.361 -75.434 -0.403 -75.406 -0.442 -75.387 -0.46 -75.365 -0.469
-75.61 -0.183 -75.589 -0.181
-75.353 -0.468 -75.286 -0.529
-75.365 -0.469 -75.353 -0.468
-75.277 -0.524 -75.261 -0.543 -75.256 -0.624 -75.267 -0.643 -75.289 -0.656 -75.294 -0.668 -75.288 -0.706 -75.297 -0.747 -75.253 -0.898 -75.252 -0.933 -75.227 -0.97 -75.326 -0.975
-75.286 -0.529 -75.277 -0.524
-75.326 -0.975 -75.349 -0.975 -75.406 -0.915
-75.406 -0.915 -75.573 -1.537 -75.651 -1.617 -76.091 -2.129 -76.625 -2.538 -76.685 -2.574 -77.868 -2.99 -77.941 -3.055 -78.043 -3.19 -78.105 -3.245 -78.148 -3.322 -78.196 -3.364 -78.197 -3.386 -78.157 -3.429 -78.155 -3.457 -78.164 -3.477 -78.197 -3.488 -78.226 -3.507
-78.226 -3.507 -78.257 -3.41 -78.27 -3.4 -78.334 -3.385
-78.334 -3.385 -78.351 -3.39 -78.362 -3.409 -78.355 -3.435 -78.363 -3.489 -78.402 -3.594 -78.401 -3.68 -78.426 -3.689 -78.414 -3.772 -78.42 -3.791 -78.47 -3.83 -78.481 -3.85 -78.498 -3.95 -78.516 -3.961 -78.552 -3.969 -78.562 -3.98 -78.566 -4.056 -78.577 -4.1 -78.638 -4.227 -78.656 -4.291 -78.674 -4.306 -78.682 -4.327 -78.673 -4.402 -78.661 -4.421 -78.637 -4.435 -78.64 -4.451 -78.67 -4.493 -78.673 -4.551 -78.682 -4.567 -78.72 -4.592 -78.811 -4.629 -78.853 -4.652 -78.899 -4.694 -78.929 -4.747 -78.928 -4.775 -78.905 -4.82 -78.9 -4.844 -78.911 -4.864 -78.98 -4.874 -78.991 -4.89 -79.009 -4.96 -79.064 -5.011
-80.326 -4.015 -80.305 -4.005 -80.259 -3.944 -80.181 -3.908 -80.165 -3.89 -80.165 -3.88 -80.189 -3.858 -80.193 -3.822 -80.222 -3.769 -80.226 -3.749 -80.217 -3.727 -80.225 -3.681 -80.216 -3.632 -80.225 -3.592 -80.25 -3.578 -80.24 -3.514 -80.249 -3.498 -80.272 -3.486 -80.274 -3.465 -80.266 -3.426 -80.28 -3.416 -80.341 -3.393
-80.427 -3.981 -80.386 -3.989 -80.326 -4.015
-80.435 -4.217 -80.47 -4.213 -80.491 -4.169 -80.487 -4.131 -80.514 -4.083 -80.504 -4.039 -80.481 -3.999 -80.466 -3.988 -80.427 -3.981
-80.408 -4.478 -80.484 -4.434 -80.492 -4.413 -80.489 -4.396 -80.356 -4.221 -80.345 -4.198
-80.345 -4.198 -80.435 -4.217
-79.796 -4.485 -79.833 -4.479 -79.904 -4.399 -79.982 -4.389 -80.029 -4.36 -80.08 -4.309 -80.134 -4.294 -80.14 -4.283
-80.14 -4.283 -80.205 -4.298 -80.222 -4.319 -80.24 -4.37 -80.255 -4.387 -80.332 -4.446 -80.383 -4.476 -80.408 -4.478
-79.552 -4.52 -79.58 -4.502 -79.63 -4.452 -79.658 -4.439
-79.658 -4.439 -79.694 -4.444 -79.729 -4.464 -79.796 -4.485
-79.28 -4.967 -79.303 -4.961 -79.341 -4.904 -79.378 -4.885 -79.395 -4.848 -79.451 -4.81 -79.461 -4.769 -79.487 -4.72 -79.499 -4.661 -79.528 -4.618 -79.527 -4.597 -79.502 -4.541 -79.528 -4.52
-79.528 -4.52 -79.552 -4.52
-79.141 -4.983 -79.209 -4.965
-79.209 -4.965 -79.28 -4.967
-79.064 -5.011 -79.093 -4.985 -79.115 -4.979
-79.115 -4.979 -79.141 -4.983
-60.74 5.202 -60.685 5.188 -60.664 5.17 -60.599 4.997 -60.592 4.95 -60.613 4.901 -60.68 4.818 -60.718 4.784 -60.764 4.755 -60.86 4.712 -60.896 4.709 -60.931 4.637 -60.948 4.574 -60.977 4.535 -61.012 4.518 -61.095 4.508 -61.169 4.49
-61.169 4.49 -61.238 4.516 -61.297 4.524
-61.297 4.524 -61.316 4.521 -61.323 4.509 -61.296 4.469 -61.293 4.448 -61.308 4.433 -61.333 4.424 -61.381 4.418
-61.381 4.418 -61.439 4.421
-61.439 4.421 -61.502 4.402 -61.516 4.375 -61.527 4.286 -61.542 4.263 -61.567 4.249
-64.59 4.119 -64.608 4.126 -64.637 4.191 -64.661 4.227 -64.7 4.264 -64.746 4.288
-64.746 4.288 -64.792 4.284 -64.805 4.272 -64.813 4.253 -64.813 4.211 -64.801 4.189 -64.742 4.157 -64.727 4.141 -64.707 4.083 -64.663 3.997
-61.641 4.242 -61.681 4.252 -61.719 4.255
-61.719 4.255 -61.756 4.246 -61.779 4.233 -61.847 4.166 -61.908 4.146
-61.567 4.249 -61.599 4.254
-61.599 4.254 -61.641 4.242
-62.154 4.09 -62.193 4.095 -62.384 4.173 -62.428 4.183
-62.428 4.183 -62.463 4.175 -62.47 4.152 -62.484 4.139 -62.537 4.125 -62.546 4.114 -62.549 4.077 -62.561 4.038 -62.589 4.031
-61.908 4.146 -61.931 4.146 -61.99 4.166
-61.99 4.166 -62.035 4.16 -62.111 4.105 -62.154 4.09
-63.996 3.881 -64.038 3.883 -64.064 3.912 -64.108 4.058 -64.125 4.088 -64.147 4.111 -64.241 4.142 -64.365 4.152
-64.365 4.152 -64.59 4.119
-62.589 4.031 -62.671 4.044
-62.671 4.044 -62.727 4.039 -62.766 4.021 -62.771 4.005 -62.766 3.965 -62.789 3.899 -62.785 3.872 -62.77 3.848 -62.767 3.822 -62.75 3.784 -62.74 3.742 -62.74 3.7 -62.75 3.66 -62.771 3.623 -62.786 3.604 -62.808 3.597
-64.663 3.997 -64.575 3.914 -64.531 3.854 -64.435 3.778 -64.324 3.724 -64.266 3.652 -64.203 3.595 -64.196 3.57 -64.198 3.515 -64.242 3.443 -64.246 3.419 -64.216 3.251 -64.225 3.166 -64.223 3.124 -64.205 3.089 -64.173 3.052 -64.138 2.987 -64.106 2.947 -64.029 2.798 -63.998 2.715 -64.012 2.604 -64.051 2.535 -64.058 2.51 -64.057 2.489 -64.048 2.471 -64.032 2.463
-62.889 3.561 -62.951 3.57 -62.997 3.599 -63.131 3.762 -63.193 3.807 -63.251 3.887 -63.286 3.921 -63.352 3.959 -63.391 3.972
-63.391 3.972 -63.425 3.968 -63.448 3.939 -63.469 3.867 -63.511 3.855
-63.771 3.929 -63.831 3.949 -63.875 3.95
-63.875 3.95 -63.996 3.881
-63.511 3.855 -63.554 3.875 -63.623 3.935 -63.672 3.946
-63.672 3.946 -63.771 3.929
-62.808 3.597 -62.822 3.599
-62.822 3.599 -62.872 3.565 -62.889 3.561
-64.011 2.468 -63.952 2.462 -63.831 2.429
-64.032 2.463 -64.011 2.468
-63.704 2.438 -63.574 2.434 -63.511 2.425 -63.385 2.421 -63.365 2.413 -63.361 2.4 -63.373 2.349 -63.373 2.267 -63.401 2.205 -63.402 2.171 -63.412 2.149 -63.443 2.137 -63.521 2.124
-63.831 2.429 -63.704 2.438
-63.521 2.124 -63.549 2.128
-63.549 2.128 -63.618 2.101 -63.763 1.986 -63.802 1.972
-63.802 1.972 -63.921 1.974
-63.921 1.974 -63.958 1.971 -63.995 1.958 -64.037 1.927 -64.054 1.894 -64.06 1.807 -64.076 1.745 -64.075 1.665 -64.11 1.598 -64.13 1.578 -64.177 1.551 -64.232 1.497 -64.302 1.447 -64.322 1.424 -64.353 1.366 -64.37 1.359
-64.37 1.359 -64.39 1.369 -64.395 1.392 -64.385 1.436 -64.364 1.477 -64.365 1.497 -64.386 1.51
-64.386 1.51 -64.409 1.508 -64.551 1.42 -64.604 1.331 -64.731 1.248 -64.751 1.243
-64.751 1.243 -64.771 1.247 -64.821 1.271 -64.839 1.271
-64.839 1.271 -64.897 1.22 -64.966 1.201 -65.017 1.163 -65.022 1.14 -65.06 1.132
-66.285 0.746 -66.346 0.759 -66.407 0.802 -66.875 1.223
-65.06 1.132 -65.101 1.136
-65.101 1.136 -65.137 1.127 -65.16 1.08 -65.168 0.996 -65.179 0.955 -65.203 0.924 -65.243 0.913
-65.543 0.649 -65.56 0.656 -65.585 0.691 -65.587 0.739 -65.533 0.816 -65.517 0.863 -65.519 0.887 -65.536 0.928 -65.56 0.958 -65.583 0.978 -65.608 0.985
-65.608 0.985 -65.629 0.982
-65.629 0.982 -65.701 0.984
-65.701 0.984 -65.745 0.974 -65.872 0.909 -65.914 0.875 -65.974 0.807 -65.994 0.795 -66.057 0.787 -66.079 0.778 -66.111 0.742 -66.134 0.731
-65.243 0.913 -65.284 0.919
-65.284 0.919 -65.31 0.919 -65.327 0.91 -65.389 0.836 -65.41 0.792 -65.414 0.742 -65.451 0.69 -65.498 0.659 -65.543 0.649
-66.134 0.731 -66.156 0.733 -66.209 0.763
-66.209 0.763 -66.228 0.763 -66.285 0.746
-59.09 -19.287 -59.07 -19.291 -59.011 -19.331 -58.175 -19.821 -58.161 -19.847 -58.162 -19.912 -58.142 -20.001 -58.145 -20.086 -58.16 -20.139 -58.159 -20.165
-62.65 -22.234 -62.628 -22.185 -62.276 -21.067 -62.272 -21.001 -62.277 -20.58 -62.269 -20.553 -61.944 -20.104 -61.893 -20.001 -61.753 -19.646 -61.511 -19.607 -60.006 -19.298 -59.09 -19.287
-70.647 -4.116 -70.631 -4.119 -70.633 -4.167 -70.585 -4.195
-70.694 -4.172 -70.683 -4.164 -70.663 -4.122 -70.647 -4.116
-70.43 -4.134 -70.399 -4.142 -70.374 -4.165 -70.361 -4.168
-70.516 -4.182 -70.501 -4.177 -70.46 -4.145 -70.43 -4.134
-70.343 -4.139 -70.331 -4.143 -70.311 -4.171 -70.317 -4.247 -70.307 -4.26 -70.248 -4.302
-70.361 -4.168 -70.343 -4.139
-70.55 -4.141 -70.534 -4.147 -70.526 -4.176 -70.516 -4.182
-70.585 -4.195 -70.566 -4.149 -70.55 -4.141
-70.774 -4.155 -70.694 -4.172
-70.969 -4.385 -70.926 -4.329 -70.896 -4.3 -70.874 -4.251 -70.843 -4.238 -70.845 -4.191 -70.832 -4.179 -70.774 -4.155
-70.037 -4.341 -70.023 -4.339 -69.989 -4.315 -69.972 -4.291 -69.963 -4.264 -69.965 -4.236
-70.117 -4.258 -70.097 -4.266 -70.076 -4.316 -70.051 -4.337 -70.037 -4.341
-70.206 -4.343 -70.187 -4.326 -70.157 -4.27 -70.139 -4.26 -70.117 -4.258
-70.239 -4.302 -70.231 -4.304 -70.206 -4.343
-70.248 -4.302 -70.239 -4.302
-71.005 -4.348 -70.969 -4.385
-71.029 -4.386 -71.01 -4.37 -71.005 -4.348
-71.17 -4.363 -71.152 -4.392 -71.128 -4.402
-71.214 -4.411 -71.186 -4.372 -71.17 -4.363
-71.082 -4.364 -71.029 -4.386
-71.128 -4.402 -71.106 -4.374 -71.082 -4.364
-71.265 -4.375 -71.242 -4.38 -71.214 -4.411
-71.315 -4.44 -71.305 -4.427 -71.305 -4.395 -71.288 -4.381 -71.265 -4.375
-71.401 -4.433 -71.387 -4.435 -71.363 -4.459
-71.525 -4.485 -71.513 -4.457 -71.492 -4.443 -71.401 -4.433
-71.331 -4.435 -71.315 -4.44
-71.363 -4.459 -71.331 -4.435
-71.613 -4.479 -71.617 -4.5
-71.665 -4.508 -71.644 -4.502 -71.613 -4.479
-71.558 -4.479 -71.525 -4.485
-71.617 -4.5 -71.558 -4.479
-71.785 -4.481 -71.74 -4.496
-72.044 -4.614 -72.01 -4.592 -71.98 -4.582 -71.907 -4.518 -71.801 -4.502 -71.793 -4.485 -71.785 -4.481
-71.699 -4.482 -71.665 -4.508
-71.74 -4.496 -71.699 -4.482
-72.071 -4.605 -72.044 -4.614
-72.282 -4.765 -72.251 -4.759 -72.127 -4.68 -72.097 -4.65 -72.071 -4.605
-72.32 -4.76 -72.282 -4.765
-72.708 -5.063 -72.645 -5.061 -72.635 -5.052 -72.627 -5.022 -72.614 -5.01 -72.587 -4.997 -72.546 -4.958 -72.529 -4.95 -72.495 -4.947 -72.481 -4.923 -72.476 -4.902 -72.453 -4.899 -72.415 -4.876 -72.404 -4.86 -72.397 -4.806 -72.386 -4.794 -72.345 -4.783 -72.332 -4.763 -72.32 -4.76
-72.748 -5.055 -72.708 -5.063
-72.831 -5.097 -72.773 -5.081 -72.748 -5.055
-72.849 -5.092 -72.831 -5.097
-73.761 -7.337 -73.725 -7.325 -73.713 -7.305 -73.716 -7.286 -73.735 -7.225 -73.804 -7.126 -73.812 -7.103 -73.768 -6.959 -73.765 -6.904 -73.759 -6.887 -73.707 -6.85 -73.685 -6.812 -73.672 -6.801 -73.594 -6.744 -73.513 -6.698 -73.371 -6.584 -73.349 -6.576 -73.278 -6.576 -73.234 -6.564 -73.199 -6.546 -73.171 -6.517 -73.148 -6.476 -73.132 -6.435 -73.127 -6.391 -73.156 -6.323 -73.178 -6.202 -73.226 -6.148 -73.235 -6.124 -73.235 -6.078 -73.14 -5.879 -73.106 -5.847 -73.001 -5.709 -72.987 -5.681 -72.96 -5.559 -72.96 -5.531 -72.974 -5.466 -72.935 -5.372 -72.924 -5.314 -72.897 -5.272 -72.9 -5.195 -72.922 -5.147 -72.918 -5.132 -72.859 -5.116 -72.857 -5.098 -72.849 -5.092
-73.8 -7.336 -73.761 -7.337
-73.902 -7.373 -73.843 -7.343 -73.8 -7.336
-73.961 -7.356 -73.902 -7.373
-73.746 -7.886 -73.714 -7.866 -73.703 -7.828 -73.712 -7.788 -73.742 -7.764 -73.811 -7.739 -73.839 -7.721 -73.969 -7.585 -74.01 -7.561 -74.018 -7.544 -73.971 -7.524 -73.959 -7.502 -73.958 -7.48 -73.944 -7.449 -73.951 -7.423 -73.979 -7.375 -73.983 -7.356 -73.961 -7.356
-73.795 -7.874 -73.746 -7.886
-72.672 -9.447 -72.692 -9.435 -72.813 -9.411 -73.215 -9.409 -73.194 -9.376 -73.141 -9.323 -73.09 -9.244 -73.034 -9.223 -73.028 -9.183 -72.972 -9.134 -72.959 -9.086 -72.976 -8.985 -73.017 -8.93 -73.069 -8.894 -73.146 -8.782 -73.175 -8.721 -73.211 -8.694 -73.269 -8.682 -73.29 -8.67 -73.351 -8.598 -73.358 -8.563 -73.348 -8.518 -73.356 -8.48 -73.371 -8.465 -73.41 -8.456 -73.447 -8.416 -73.541 -8.359 -73.562 -8.273 -73.603 -8.212 -73.601 -8.136 -73.612 -8.113 -73.645 -8.068 -73.668 -8.014 -73.748 -7.977 -73.779 -7.954 -73.796 -7.892 -73.795 -7.874
-70.574 -9.568 -70.565 -9.565 -70.578 -9.542 -70.576 -9.529 -70.568 -9.519 -70.555 -9.516 -70.562 -9.502 -70.543 -9.493 -70.524 -9.444 -70.525 -9.431
-70.525 -9.431 -70.587 -9.44 -70.606 -9.449 -70.681 -9.528 -70.747 -9.565 -70.825 -9.634 -70.875 -9.66 -70.92 -9.72 -70.969 -9.755 -70.997 -9.804 -71.015 -9.817 -71.077 -9.834 -71.144 -9.863 -71.161 -9.876 -71.197 -9.94 -71.245 -9.956 -71.28 -9.983 -71.313 -9.994
-72.491 -9.486 -72.536 -9.482 -72.596 -9.456 -72.656 -9.439
-72.656 -9.439 -72.672 -9.447
-72.335 -9.534 -72.345 -9.533 -72.39 -9.496 -72.43 -9.482
-72.43 -9.482 -72.491 -9.486
-71.391 -10.007 -72.196 -10.006 -72.185 -9.985 -72.184 -9.929 -72.163 -9.9 -72.163 -9.877 -72.195 -9.806 -72.265 -9.762 -72.277 -9.724 -72.262 -9.667 -72.268 -9.65 -72.304 -9.601 -72.307 -9.541 -72.313 -9.533 -72.323 -9.532
-72.323 -9.532 -72.335 -9.534
-70.593 -9.564 -70.574 -9.568
-70.58 -9.786 -70.569 -9.779 -70.551 -9.744 -70.542 -9.708 -70.56 -9.673 -70.601 -9.635 -70.624 -9.566 -70.593 -9.564
-70.59 -9.779 -70.58 -9.786
-70.641 -11.011 -70.638 -9.852 -70.623 -9.801 -70.59 -9.779
-71.313 -9.994 -71.34 -9.98
-71.34 -9.98 -71.354 -9.981 -71.373 -10.002 -71.391 -10.007
-69.876 -10.928 -69.956 -10.919
-69.956 -10.919 -70.199 -11.041 -70.289 -11.065 -70.341 -11.067
-69.72 -10.965 -69.753 -10.958 -69.808 -10.927 -69.835 -10.925
-69.835 -10.925 -69.876 -10.928
-70.341 -11.067 -70.391 -11.059 -70.437 -11.037 -70.534 -10.938
-70.534 -10.938 -70.556 -10.943 -70.641 -11.011
-69.596 -10.952 -69.72 -10.965
-65.442 -9.68 -65.398 -9.687 -65.371 -9.711 -65.34 -9.79 -65.304 -9.826 -65.299 -9.841 -65.304 -9.865 -65.333 -9.927 -65.337 -9.967 -65.333 -10.008 -65.306 -10.098 -65.299 -10.163 -65.285 -10.207 -65.305 -10.242 -65.316 -10.291 -65.328 -10.314 -65.365 -10.332 -65.39 -10.374 -65.395 -10.392 -65.387 -10.407 -65.411 -10.449 -65.425 -10.463 -65.45 -10.468 -65.45 -10.475 -65.436 -10.499 -65.442 -10.528 -65.429 -10.561 -65.436 -10.626 -65.387 -10.67 -65.381 -10.698 -65.39 -10.754 -65.405 -10.799 -65.4 -10.812 -65.36 -10.823 -65.327 -10.85 -65.319 -10.865 -65.313 -10.951 -65.3 -10.97 -65.303 -10.991 -65.326 -11.009 -65.342 -11.033 -65.333 -11.089 -65.341 -11.107 -65.395 -11.153 -65.398 -11.178 -65.36 -11.219 -65.366 -11.234 -65.389 -11.253 -65.387 -11.278 -65.374 -11.296 -65.326 -11.328 -65.355 -11.382 -65.32 -11.476 -65.292 -11.505
-65.596 -9.838 -65.584 -9.837 -65.568 -9.802 -65.547 -9.795 -65.535 -9.782 -65.511 -9.734 -65.452 -9.681 -65.442 -9.68
-65.789 -9.733 -65.777 -9.763 -65.763 -9.772
-65.817 -9.786 -65.806 -9.784 -65.803 -9.757 -65.789 -9.733
-65.71 -9.756 -65.717 -9.791 -65.713 -9.794
-65.763 -9.772 -65.71 -9.756
-65.834 -9.758 -65.817 -9.786
-65.862 -9.782 -65.834 -9.758
-65.929 -9.77 -65.862 -9.782
-66.029 -9.808 -66.01 -9.804 -65.966 -9.777 -65.929 -9.77
-66.087 -9.785 -66.029 -9.808
-66.118 -9.806 -66.102 -9.787 -66.087 -9.785
-65.679 -9.789 -65.629 -9.827 -65.596 -9.838
-65.697 -9.794 -65.679 -9.789
-65.705 -9.793 -65.697 -9.794
-65.713 -9.794 -65.705 -9.793
-66.135 -9.795 -66.118 -9.806
-66.453 -9.889 -66.413 -9.879 -66.355 -9.85 -66.257 -9.835 -66.191 -9.801 -66.135 -9.795
-66.514 -9.884 -66.453 -9.889
-67.202 -10.327 -67.172 -10.32 -67.152 -10.289 -67.11 -10.283 -67.064 -10.257 -66.903 -10.093 -66.771 -9.993 -66.66 -9.945 -66.643 -9.908 -66.514 -9.884
-67.259 -10.314 -67.202 -10.327
-67.756 -10.714 -67.722 -10.705 -67.705 -10.677 -67.685 -10.611 -67.643 -10.575 -67.585 -10.502 -67.468 -10.452 -67.437 -10.417 -67.429 -10.39 -67.418 -10.381 -67.343 -10.372 -67.334 -10.357 -67.338 -10.326 -67.301 -10.315 -67.259 -10.314
-67.863 -10.659 -67.833 -10.665 -67.756 -10.714
-67.982 -10.664 -67.863 -10.659
-68.01 -10.66 -67.982 -10.664
-68.442 -11.048 -68.428 -11.044 -68.378 -11.005 -68.331 -11 -68.293 -10.979 -68.244 -10.917 -68.218 -10.858 -68.147 -10.78 -68.098 -10.698 -68.044 -10.667 -68.01 -10.66
-69.396 -10.935 -69.294 -10.955
-69.503 -10.955 -69.396 -10.935
-69.578 -10.952 -69.503 -10.955
-69.237 -10.953 -69.121 -10.971
-69.294 -10.955 -69.237 -10.953
-69.087 -10.967 -68.993 -11.002
-69.121 -10.971 -69.087 -10.967
-68.805 -10.995 -68.758 -11.012 -68.786 -11.059 -68.791 -11.085 -68.784 -11.135 -68.758 -11.141
-68.884 -11.016 -68.805 -10.995
-68.955 -11 -68.884 -11.016
-68.993 -11.002 -68.955 -11
-68.46 -11.045 -68.442 -11.048
-68.758 -11.141 -68.616 -11.112 -68.536 -11.062 -68.493 -11.047 -68.46 -11.045
-65.258 -11.495 -65.233 -11.508 -65.216 -11.53 -65.224 -11.558 -65.219 -11.585 -65.195 -11.592 -65.167 -11.616 -65.191 -11.623 -65.189 -11.657 -65.202 -11.691 -65.202 -11.728 -65.182 -11.757 -65.151 -11.773
-65.292 -11.505 -65.258 -11.495
-65.113 -11.691 -65.114 -11.723 -65.066 -11.753 -65.038 -11.819 -65.034 -11.88 -65.028 -11.889 -65.005 -11.898 -64.998 -11.909 -64.996 -11.921 -65.015 -11.95 -65.016 -11.968 -65.009 -11.984 -64.983 -12.004 -64.862 -12.025
-65.151 -11.773 -65.144 -11.764 -65.134 -11.703 -65.113 -11.691
-64.84 -12.017 -64.793 -12.033 -64.769 -12.086 -64.737 -12.12 -64.744 -12.134 -64.74 -12.145 -64.728 -12.15
-64.862 -12.025 -64.84 -12.017
-64.69 -12.104 -64.682 -12.127 -64.689 -12.154 -64.665 -12.181 -64.593 -12.216 -64.548 -12.219 -64.511 -12.243
-64.728 -12.15 -64.716 -12.147 -64.706 -12.106 -64.69 -12.104
-64.509 -12.236 -64.489 -12.239 -64.469 -12.261 -64.469 -12.295 -64.492 -12.357 -64.49 -12.374 -64.453 -12.39 -64.425 -12.431 -64.396 -12.457 -64.353 -12.469
-64.511 -12.243 -64.509 -12.236
-63.801 -12.455 -63.658 -12.475 -63.6 -12.506 -63.542 -12.548 -63.486 -12.557 -63.469 -12.576 -63.463 -12.605 -63.438 -12.619 -63.431 -12.637 -63.393 -12.665 -63.359 -12.675 -63.318 -12.702
-63.921 -12.544 -63.863 -12.469 -63.801 -12.455
-64.313 -12.462 -64.298 -12.466 -64.288 -12.497 -64.278 -12.499
-64.353 -12.469 -64.313 -12.462
-64.215 -12.474 -64.183 -12.488 -64.155 -12.517 -64.145 -12.52
-64.278 -12.499 -64.237 -12.475 -64.215 -12.474
-64.12 -12.49 -64.104 -12.507 -64.044 -12.509 -64.023 -12.538
-64.145 -12.52 -64.12 -12.49
-63.972 -12.524 -63.939 -12.544 -63.921 -12.544
-64.023 -12.538 -63.972 -12.524
-63.137 -12.634 -63.075 -12.653 -63.065 -12.666 -63.058 -12.702 -63.043 -12.719 -63.051 -12.742 -63.015 -12.778 -63.007 -12.81 -62.988 -12.844 -62.955 -12.858
-63.186 -12.668 -63.167 -12.647 -63.137 -12.634
-63.197 -12.667 -63.186 -12.668
-63.318 -12.702 -63.236 -12.699 -63.197 -12.667
-62.929 -12.846 -62.865 -12.936 -62.831 -12.945 -62.82 -12.975 -62.807 -12.989 -62.77 -13.01
-62.955 -12.858 -62.929 -12.846
-62.687 -12.965 -62.651 -12.992 -62.642 -13.03 -62.555 -13.067
-62.741 -12.985 -62.722 -12.983 -62.699 -12.967 -62.687 -12.965
-62.758 -12.985 -62.741 -12.985
-62.77 -13.01 -62.769 -12.991 -62.758 -12.985
-62.493 -13.065 -62.472 -13.068 -62.458 -13.078 -62.431 -13.11 -62.424 -13.127
-62.555 -13.067 -62.493 -13.065
-62.172 -13.118 -62.129 -13.151
-62.174 -13.141 -62.172 -13.118
-62.212 -13.12 -62.174 -13.141
-62.29 -13.142 -62.212 -13.12
-62.41 -13.126 -62.382 -13.14 -62.335 -13.145
-62.424 -13.127 -62.41 -13.126
-62.311 -13.134 -62.29 -13.142
-62.335 -13.145 -62.322 -13.144 -62.311 -13.134
-62.12 -13.149 -62.115 -13.15 -62.113 -13.165 -62.109 -13.249 -62.099 -13.263 -62.02 -13.333 -62.003 -13.36 -61.958 -13.385 -61.91 -13.432 -61.872 -13.456 -61.848 -13.531 -61.836 -13.541 -61.814 -13.544
-62.129 -13.151 -62.12 -13.149
-61.047 -13.465 -61.041 -13.475 -61.041 -13.515 -61.022 -13.535 -60.897 -13.553 -60.871 -13.575 -60.802 -13.604 -60.653 -13.719 -60.589 -13.745 -60.575 -13.766 -60.491 -13.788 -60.473 -13.798 -60.449 -13.897 -60.439 -13.918 -60.409 -13.945 -60.412 -13.961 -60.39 -13.975 -60.388 -13.989 -60.419 -14.077 -60.437 -14.092 -60.468 -14.104 -60.479 -14.163 -60.462 -14.198 -60.464 -14.278 -60.454 -14.297 -60.4 -14.341 -60.377 -14.42 -60.344 -14.491 -60.338 -14.533 -60.369 -14.543 -60.353 -14.575 -60.304 -14.608 -60.292 -14.63 -60.27 -15.083 -60.275 -15.095 -60.582 -15.099 -60.529 -15.144 -60.246 -15.478 -60.238 -15.503 -60.18 -16.222 -60.161 -16.265 -60.13 -16.273 -58.465 -16.331
-61.149 -13.52 -61.139 -13.514 -61.134 -13.494 -61.119 -13.484 -61.076 -13.478 -61.047 -13.465
-61.348 -13.494 -61.281 -13.507 -61.249 -13.524
-61.503 -13.548 -61.459 -13.544 -61.348 -13.494
-61.597 -13.506 -61.551 -13.538 -61.503 -13.548
-61.735 -13.538 -61.693 -13.518 -61.597 -13.506
-61.215 -13.517 -61.149 -13.52
-61.249 -13.524 -61.215 -13.517
-61.754 -13.53 -61.735 -13.538
-61.814 -13.544 -61.754 -13.53
-58.393 -16.279 -58.35 -16.28 -58.34 -16.289 -58.335 -16.387 -58.339 -16.4 -58.362 -16.419 -58.364 -16.437 -58.343 -16.473 -58.356 -16.51 -58.456 -16.619 -58.473 -16.65 -58.48 -16.684 -58.453 -16.841 -58.466 -16.887 -58.456 -16.937 -58.432 -16.985 -58.427 -17.055 -58.406 -17.11 -58.399 -17.237 -58.381 -17.267 -58.344 -17.287 -58.302 -17.294 -58.265 -17.32 -58.232 -17.33 -58.204 -17.377 -58.188 -17.389 -58.152 -17.396 -58.101 -17.441 -58.054 -17.462 -58.01 -17.497 -57.944 -17.518 -57.906 -17.52
-58.465 -16.331 -58.422 -16.318 -58.393 -16.279
-57.854 -17.509 -57.814 -17.52 -57.791 -17.556 -57.786 -17.678 -57.768 -17.709 -57.724 -17.737 -57.733 -17.768 -57.697 -17.825 -57.699 -17.843 -57.73 -17.846 -57.637 -18.001 -57.585 -18.123 -57.551 -18.184 -57.511 -18.206
-57.906 -17.52 -57.854 -17.509
-57.491 -18.206 -57.475 -18.208 -57.466 -18.218 -57.467 -18.24 -57.536 -18.24 -57.554 -18.245 -57.567 -18.256 -57.782 -18.91 -57.742 -18.914 -57.732 -18.922 -57.716 -19.045 -57.772 -19.049 -57.789 -19.059 -58.125 -19.73 -58.117 -19.758 -57.86 -19.98
-57.511 -18.206 -57.491 -18.206
-69.578 -10.952 -68.684 -12.502 -68.694 -12.507 -68.726 -12.566 -68.77 -12.594 -68.793 -12.62 -68.795 -12.637 -68.785 -12.646 -68.753 -12.655 -68.743 -12.666 -68.766 -12.711 -68.774 -12.719 -68.856 -12.741 -68.877 -12.755 -68.905 -12.804
-68.905 -12.804 -68.927 -12.801
-68.927 -12.801 -68.949 -12.844 -68.981 -12.868 -68.987 -12.89 -68.972 -13.046 -68.98 -13.165 -68.963 -13.284 -68.974 -13.479 -68.971 -13.501 -68.986 -13.55 -69.023 -13.597 -69.024 -13.635 -69.033 -13.646 -69.044 -13.648
-69.044 -13.648 -69.075 -13.643
-69.075 -13.643 -69.088 -13.644 -69.102 -13.667 -69.081 -13.695 -69.016 -13.753 -69.023 -13.806 -69.01 -13.844 -68.993 -13.87 -68.983 -13.972 -68.97 -13.991 -68.916 -14.025 -68.906 -14.039 -68.869 -14.156 -68.864 -14.191 -68.884 -14.211 -68.985 -14.228 -69.01 -14.246 -69.016 -14.263 -69.016 -14.321 -68.995 -14.359 -68.99 -14.379 -69.01 -14.397 -69.095 -14.446 -69.134 -14.491 -69.164 -14.503 -69.165 -14.566 -69.17 -14.578
-69.17 -14.578 -69.215 -14.572
-69.215 -14.572 -69.235 -14.574 -69.248 -14.594 -69.254 -14.722 -69.268 -14.751 -69.339 -14.775 -69.361 -14.788 -69.371 -14.802 -69.368 -14.901 -69.391 -14.964 -69.384 -14.982 -69.346 -15.016 -69.289 -15.102 -69.213 -15.161 -69.148 -15.233 -69.15 -15.252 -69.166 -15.264
-69.166 -15.264 -69.19 -15.262
-69.19 -15.262 -69.209 -15.264 -69.223 -15.302 -69.256 -15.313 -69.291 -15.351 -69.297 -15.367 -69.286 -15.405 -69.33 -15.424 -69.343 -15.442 -69.356 -15.501 -69.421 -15.596 -69.43 -15.626 -69.424 -15.656 -69.22 -16.153 -69.166 -16.21 -69.121 -16.231
-69.054 -16.208 -69.01 -16.219
-69.121 -16.231 -69.095 -16.231 -69.054 -16.208
-68.982 -16.21 -68.96 -16.223 -68.919 -16.267 -68.844 -16.302 -68.833 -16.329 -68.856 -16.363 -69.002 -16.423 -69.028 -16.454 -69.039 -16.492 -69.04 -16.581 -69.035 -16.598 -69.008 -16.634 -69.054 -16.682 -69.112 -16.711 -69.166 -16.719 -69.182 -16.729 -69.224 -16.818 -69.326 -16.922 -69.364 -16.991 -69.414 -17.022 -69.417 -17.032 -69.401 -17.047 -69.406 -17.063 -69.427 -17.087 -69.51 -17.112 -69.595 -17.18 -69.623 -17.186 -69.634 -17.207 -69.649 -17.263 -69.666 -17.288 -69.597 -17.3 -69.557 -17.331 -69.523 -17.369 -69.511 -17.399 -69.51 -17.505
-69.01 -16.219 -68.982 -16.21
-68.345 -24.5 -68.327 -24.498 -68.314 -24.487 -68.277 -24.432 -68.262 -24.397 -68.244 -24.385 -67.412 -24.056 -67.362 -24.03 -67.34 -24.001 -67.285 -23.834
-68.38 -24.491 -68.345 -24.5
-68.452 -24.629 -68.438 -24.58 -68.398 -24.501 -68.38 -24.491
-68.482 -24.599 -68.452 -24.629
-68.421 -25.149 -68.379 -25.137 -68.367 -25.123 -68.367 -25.103 -68.444 -25.021 -68.437 -24.974 -68.469 -24.937 -68.466 -24.922 -68.473 -24.908 -68.49 -24.896 -68.51 -24.896 -68.551 -24.869 -68.578 -24.809 -68.572 -24.77 -68.521 -24.675 -68.504 -24.612 -68.496 -24.602 -68.482 -24.599
-68.458 -25.145 -68.421 -25.149
-68.338 -27.046 -68.33 -27.045 -68.329 -27 -68.302 -26.927 -68.305 -26.898 -68.32 -26.87 -68.57 -26.551 -68.587 -26.508 -68.595 -26.457 -68.594 -26.379 -68.575 -26.304 -68.546 -26.269 -68.42 -26.179 -68.409 -26.144 -68.417 -26.094 -68.486 -25.837 -68.498 -25.755 -68.522 -25.706 -68.559 -25.663 -68.56 -25.609 -68.569 -25.588 -68.555 -25.573 -68.603 -25.511 -68.61 -25.474 -68.606 -25.437 -68.516 -25.184 -68.493 -25.156 -68.474 -25.145 -68.458 -25.145
-68.366 -27.044 -68.338 -27.046
-68.611 -27.166 -68.586 -27.163 -68.557 -27.107 -68.518 -27.077 -68.494 -27.069 -68.443 -27.067 -68.366 -27.044
-68.764 -27.105 -68.719 -27.107 -68.649 -27.151 -68.611 -27.166
-69.42 -28.213 -69.367 -28.13 -69.331 -28.052 -69.312 -28.037 -69.313 -28.015 -69.303 -28 -69.275 -27.983 -69.216 -27.969 -69.19 -27.951 -69.173 -27.924 -69.124 -27.734 -69.118 -27.722 -69.076 -27.696 -69.093 -27.657 -69.092 -27.64 -69.054 -27.6 -69.029 -27.551 -69.019 -27.524 -69.017 -27.46 -69.01 -27.449 -68.959 -27.421 -68.931 -27.395 -68.883 -27.295 -68.88 -27.221 -68.871 -27.198 -68.829 -27.136 -68.801 -27.113 -68.764 -27.105
-69.476 -28.188 -69.42 -28.213
-69.958 -30.093 -69.973 -30.089 -69.98 -30.072 -69.941 -30.013 -69.928 -29.977 -69.916 -29.806 -69.929 -29.718 -69.964 -29.686 -69.973 -29.666 -69.968 -29.583 -69.992 -29.488 -70.01 -29.456 -70.02 -29.404 -70.043 -29.363 -70.041 -29.298 -70.031 -29.277 -69.98 -29.25 -69.976 -29.233 -69.989 -29.214 -69.922 -29.168 -69.911 -29.143 -69.844 -29.129 -69.822 -29.12 -69.804 -29.099 -69.796 -29.05 -69.806 -28.98 -69.803 -28.94 -69.767 -28.884 -69.765 -28.859 -69.736 -28.812 -69.733 -28.794 -69.756 -28.708 -69.753 -28.673 -69.722 -28.611 -69.701 -28.584 -69.678 -28.574 -69.672 -28.458 -69.653 -28.398 -69.554 -28.318 -69.51 -28.268 -69.491 -28.198 -69.476 -28.188
-70.03 -30.397 -69.965 -30.375 -69.912 -30.33 -69.903 -30.313 -69.891 -30.229 -69.877 -30.213 -69.849 -30.199 -69.836 -30.162 -69.85 -30.127 -69.881 -30.1 -69.919 -30.088
-69.919 -30.088 -69.958 -30.093
-70.147 -30.354 -70.064 -30.389 -70.03 -30.397
-70.278 -31.039 -70.267 -31.036 -70.268 -31.024 -70.325 -30.972 -70.339 -30.938 -70.319 -30.801 -70.305 -30.765 -70.276 -30.726 -70.276 -30.673 -70.235 -30.592 -70.217 -30.515 -70.197 -30.487 -70.151 -30.46 -70.144 -30.44 -70.149 -30.419 -70.174 -30.382 -70.173 -30.365 -70.147 -30.354
-70.321 -31.034 -70.278 -31.039
-70.423 -31.154 -70.393 -31.138 -70.381 -31.122 -70.362 -31.073 -70.34 -31.042 -70.321 -31.034
-70.468 -31.089 -70.448 -31.098 -70.436 -31.141 -70.423 -31.154
-70.394 -31.878 -70.428 -31.87 -70.464 -31.838 -70.484 -31.798 -70.486 -31.731 -70.527 -31.684 -70.59 -31.568 -70.578 -31.469 -70.579 -31.432 -70.555 -31.363 -70.569 -31.304 -70.547 -31.265 -70.541 -31.188 -70.536 -31.173 -70.48 -31.097 -70.468 -31.089
-70.31 -32.048 -70.285 -32.047 -70.275 -32.038 -70.267 -32.001 -70.242 -31.961 -70.244 -31.942 -70.296 -31.891 -70.313 -31.882 -70.357 -31.877
-70.357 -31.877 -70.394 -31.878
-70.373 -32.03 -70.31 -32.048
-70.01 -33.299 -70.041 -33.239 -70.101 -33.187 -70.109 -33.17 -70.11 -33.149 -70.092 -33.092 -70.111 -33.038 -70.103 -33.018 -70.089 -33.008 -70.042 -32.993 -70.017 -32.917 -70 -32.889 -70 -32.877 -70.054 -32.851 -70.087 -32.823 -70.14 -32.768 -70.156 -32.738 -70.181 -32.608 -70.171 -32.573 -70.138 -32.569 -70.158 -32.542 -70.161 -32.485 -70.172 -32.465 -70.227 -32.435 -70.245 -32.404 -70.242 -32.33 -70.269 -32.299 -70.322 -32.28 -70.33 -32.256 -70.327 -32.22 -70.346 -32.175 -70.335 -32.14 -70.356 -32.123 -70.361 -32.086 -70.389 -32.053 -70.387 -32.042 -70.373 -32.03
-69.9 -33.959 -69.91 -33.956 -69.897 -33.871 -69.915 -33.794 -69.914 -33.772 -69.86 -33.726 -69.86 -33.711 -69.895 -33.662 -69.894 -33.643 -69.873 -33.586 -69.879 -33.558 -69.869 -33.543 -69.841 -33.533 -69.831 -33.458 -69.787 -33.399 -69.788 -33.379 -69.806 -33.344 -69.814 -33.289 -69.837 -33.266 -69.905 -33.238
-69.905 -33.238 -69.941 -33.243 -69.984 -33.294 -70.01 -33.299
-69.912 -34.285 -69.902 -34.269 -69.833 -34.243 -69.829 -34.233 -69.873 -34.14 -69.864 -34.108 -69.856 -33.985 -69.866 -33.958 -69.884 -33.954
-69.884 -33.954 -69.9 -33.959
-69.989 -34.269 -69.912 -34.285
-70.412 -35.908 -70.421 -35.904 -70.42 -35.868 -70.357 -35.815 -70.362 -35.783 -70.422 -35.66 -70.412 -35.607 -70.418 -35.548 -70.408 -35.506 -70.445 -35.461 -70.472 -35.379 -70.428 -35.357 -70.44 -35.332 -70.475 -35.314 -70.56 -35.298 -70.579 -35.26 -70.543 -35.209 -70.387 -35.167 -70.369 -35.097 -70.373 -35.025 -70.354 -34.953 -70.277 -34.798 -70.316 -34.746 -70.273 -34.727 -70.252 -34.696 -70.242 -34.619 -70.228 -34.585 -70.168 -34.538 -70.151 -34.518 -70.114 -34.447 -70.068 -34.415 -70.059 -34.396 -70.065 -34.314 -70.058 -34.291 -70.04 -34.277 -69.989 -34.269
-70.499 -36.164 -70.471 -36.162 -70.435 -36.136 -70.411 -36.084 -70.38 -36.046 -70.413 -35.969 -70.405 -35.938 -70.385 -35.921 -70.391 -35.906
-70.391 -35.906 -70.412 -35.908
-70.568 -36.139 -70.545 -36.143 -70.499 -36.164
-70.807 -36.433 -70.719 -36.415 -70.709 -36.403 -70.709 -36.38 -70.732 -36.334 -70.713 -36.3 -70.711 -36.266 -70.662 -36.245 -70.625 -36.205 -70.604 -36.195 -70.588 -36.15 -70.568 -36.139
-70.89 -36.4 -70.829 -36.42 -70.807 -36.433
-70.971 -36.485 -70.935 -36.473 -70.923 -36.457 -70.916 -36.419 -70.908 -36.405 -70.89 -36.4
-71.01 -36.478 -70.971 -36.485
-71.073 -36.697 -71.057 -36.688 -71.055 -36.671 -71.07 -36.604 -71.061 -36.52 -71.043 -36.484 -71.01 -36.478
-71.13 -36.677 -71.11 -36.679 -71.073 -36.697
-71.161 -36.975 -71.143 -36.965 -71.136 -36.951 -71.14 -36.938 -71.169 -36.922 -71.159 -36.883 -71.173 -36.866 -71.192 -36.858 -71.197 -36.848 -71.152 -36.76 -71.145 -36.688 -71.13 -36.677
-71.201 -36.971 -71.161 -36.975
-70.967 -38.751 -70.945 -38.747 -70.929 -38.736 -70.91 -38.706 -70.874 -38.691 -70.872 -38.682 -70.886 -38.661 -70.883 -38.643 -70.838 -38.584 -70.834 -38.564 -70.849 -38.528 -70.95 -38.459 -70.974 -38.425 -71.017 -38.265 -71.02 -38.234 -71.009 -38.168 -71.024 -38.105 -71.01 -38.088 -71.007 -38.071 -71.037 -38.037 -71.061 -37.978 -71.088 -37.94 -71.095 -37.897 -71.133 -37.838 -71.185 -37.706 -71.191 -37.64 -71.172 -37.614 -71.128 -37.584 -71.127 -37.573 -71.142 -37.544 -71.118 -37.466 -71.123 -37.443 -71.168 -37.392 -71.195 -37.344 -71.206 -37.293 -71.197 -37.275 -71.158 -37.236 -71.146 -37.215 -71.148 -37.155 -71.139 -37.133 -71.125 -37.12 -71.089 -37.103 -71.127 -37.078 -71.14 -37.062 -71.149 -37.014 -71.156 -37.003 -71.207 -36.972 -71.201 -36.971
-71.01 -38.746 -70.967 -38.751
-71.537 -39.616 -71.52 -39.615 -71.504 -39.602 -71.496 -39.566 -71.542 -39.532 -71.462 -39.434 -71.478 -39.402 -71.477 -39.383 -71.42 -39.342 -71.412 -39.318 -71.402 -39.236 -71.413 -39.101 -71.431 -39.026 -71.416 -38.935 -71.4 -38.911 -71.371 -38.888 -71.28 -38.85 -71.254 -38.833 -71.236 -38.812 -71.153 -38.799 -71.079 -38.757 -71.048 -38.747 -71.01 -38.746
-71.69 -39.568 -71.677 -39.568 -71.632 -39.608 -71.601 -39.62
-71.684 -40.099 -71.671 -40.061 -71.681 -40.009 -71.662 -39.995 -71.617 -39.91 -71.621 -39.895 -71.679 -39.848 -71.692 -39.79 -71.71 -39.747 -71.714 -39.726 -71.694 -39.673 -71.716 -39.645 -71.719 -39.623 -71.705 -39.584 -71.69 -39.568
-71.555 -39.613 -71.537 -39.616
-71.601 -39.62 -71.555 -39.613
-71.767 -40.077 -71.722 -40.094 -71.684 -40.099
-71.73 -40.299 -71.75 -40.292 -71.816 -40.227 -71.824 -40.21 -71.812 -40.185 -71.816 -40.164 -71.803 -40.116 -71.814 -40.093 -71.801 -40.08 -71.767 -40.077
-71.729 -40.421 -71.719 -40.413 -71.674 -40.324 -71.679 -40.295 -71.705 -40.282
-71.705 -40.282 -71.73 -40.299
-71.785 -40.411 -71.729 -40.421
-71.924 -42.177 -71.909 -42.172 -71.884 -42.144 -71.801 -42.13 -71.773 -42.12 -71.749 -42.104 -71.736 -42.084 -71.74 -42.032 -71.781 -41.986 -71.774 -41.939 -71.794 -41.867 -71.857 -41.786 -71.859 -41.749 -71.869 -41.716 -71.926 -41.653 -71.926 -41.623 -71.863 -41.584 -71.853 -41.567 -71.888 -41.513 -71.88 -41.437 -71.904 -41.368 -71.902 -41.336 -71.873 -41.249 -71.889 -41.18 -71.871 -41.167 -71.854 -41.079 -71.853 -41.057 -71.867 -41.02 -71.868 -40.999 -71.851 -40.958 -71.851 -40.938 -71.871 -40.896 -71.911 -40.85 -71.956 -40.72 -71.95 -40.709 -71.873 -40.647 -71.853 -40.616 -71.848 -40.58 -71.862 -40.55 -71.841 -40.516 -71.804 -40.426 -71.796 -40.415 -71.785 -40.411
-72.01 -42.125 -71.977 -42.125 -71.948 -42.167 -71.924 -42.177
-71.761 -43.307 -71.751 -43.295 -71.748 -43.277 -71.758 -43.225 -71.743 -43.19 -71.75 -43.172 -71.862 -43.133 -72.01 -43.12 -72.054 -43.105 -72.096 -43.079 -72.129 -43.042 -72.149 -42.999 -72.113 -42.864 -72.121 -42.72 -72.141 -42.656 -72.132 -42.624 -72.148 -42.593 -72.143 -42.557 -72.123 -42.53 -72.093 -42.511 -72.042 -42.491 -72.039 -42.481 -72.075 -42.434 -72.061 -42.369 -72.07 -42.35 -72.122 -42.313 -72.134 -42.288 -72.125 -42.263 -72.059 -42.198 -72.04 -42.145 -72.01 -42.125
-71.805 -43.3 -71.761 -43.307
-71.937 -43.457 -71.955 -43.444 -71.937 -43.427 -71.941 -43.392 -71.912 -43.368 -71.902 -43.322 -71.864 -43.318 -71.805 -43.3
-71.851 -43.543 -71.874 -43.539 -71.882 -43.524 -71.859 -43.499 -71.858 -43.477 -71.869 -43.463 -71.906 -43.449
-71.906 -43.449 -71.937 -43.457
-71.797 -43.781 -71.815 -43.774 -71.819 -43.758 -71.803 -43.726 -71.726 -43.697 -71.709 -43.684 -71.704 -43.672 -71.714 -43.602 -71.773 -43.567 -71.79 -43.549 -71.823 -43.542
-71.823 -43.542 -71.851 -43.543
-71.822 -44.403 -71.861 -44.377 -71.864 -44.359 -71.81 -44.334 -71.804 -44.315 -71.832 -44.27 -71.828 -44.252 -71.806 -44.223 -71.805 -44.205 -71.844 -44.145 -71.859 -44.108 -71.835 -44.094 -71.796 -44.086 -71.762 -44.064 -71.67 -43.96 -71.659 -43.94 -71.66 -43.926 -71.716 -43.859 -71.762 -43.828 -71.764 -43.817 -71.753 -43.794 -71.755 -43.771 -71.762 -43.769
-71.762 -43.769 -71.797 -43.781
-71.643 -44.403 -71.694 -44.393
-71.694 -44.393 -71.822 -44.403
-71.336 -44.802 -71.298 -44.796 -71.263 -44.777 -71.238 -44.748 -71.231 -44.71 -71.241 -44.658 -71.235 -44.639 -71.199 -44.592 -71.189 -44.585 -71.147 -44.581 -71.132 -44.571 -71.122 -44.549 -71.123 -44.53 -71.155 -44.499 -71.171 -44.452 -71.21 -44.428 -71.287 -44.423 -71.438 -44.402
-71.438 -44.402 -71.643 -44.403
-71.497 -44.743 -71.457 -44.752 -71.379 -44.792 -71.336 -44.802
-71.631 -44.78 -71.54 -44.75 -71.497 -44.743
-71.763 -44.754 -71.673 -44.779 -71.631 -44.78
-71.855 -44.791 -71.831 -44.788 -71.787 -44.757 -71.763 -44.754
-72.048 -44.755 -71.988 -44.772 -71.855 -44.791
-72.053 -44.907 -72.074 -44.902 -72.081 -44.887 -72.074 -44.837 -72.089 -44.783 -72.076 -44.761 -72.048 -44.755
-71.889 -44.947 -72.01 -44.905
-72.01 -44.905 -72.053 -44.907
-71.662 -44.979 -71.702 -44.974 -71.76 -44.932 -71.782 -44.927
-71.782 -44.927 -71.889 -44.947
-71.562 -45.524 -71.526 -45.519 -71.489 -45.499 -71.478 -45.483 -71.51 -45.418 -71.508 -45.408 -71.389 -45.371 -71.312 -45.299 -71.317 -45.267 -71.363 -45.209 -71.449 -45.159 -71.497 -45.112 -71.515 -45.066 -71.555 -45.006 -71.589 -44.978 -71.624 -44.975
-71.624 -44.975 -71.662 -44.979
-71.639 -45.52 -71.562 -45.524
-71.913 -47.235 -71.881 -47.222 -71.863 -47.197 -71.863 -47.169 -71.874 -47.143 -71.893 -47.121 -71.984 -47.081 -72.005 -47.062 -72 -47.042 -71.935 -47.014 -71.915 -46.998 -71.97 -46.948 -71.953 -46.875 -71.936 -46.854 -71.95 -46.814 -71.934 -46.8 -71.834 -46.789 -71.776 -46.738 -71.72 -46.716 -71.687 -46.69 -71.68 -46.66 -71.696 -46.587 -71.681 -46.538 -71.685 -46.519 -71.752 -46.393 -71.762 -46.358 -71.763 -46.245 -71.783 -46.225 -71.915 -46.152 -71.904 -46.136 -71.816 -46.127 -71.77 -46.113 -71.723 -46.058 -71.612 -45.971 -71.641 -45.906 -71.666 -45.884 -71.758 -45.848 -71.765 -45.831 -71.749 -45.787 -71.799 -45.74 -71.802 -45.724 -71.78 -45.689 -71.788 -45.669 -71.782 -45.642 -71.743 -45.594 -71.765 -45.572 -71.75 -45.549 -71.714 -45.533 -71.639 -45.52
-72.03 -47.198 -72.01 -47.198 -71.946 -47.228 -71.913 -47.235
-72.209 -47.42 -72.187 -47.417 -72.171 -47.408 -72.058 -47.312 -72.029 -47.27 -72.045 -47.216 -72.041 -47.204 -72.03 -47.198
-72.263 -47.414 -72.209 -47.42
-72.315 -48.35 -72.302 -48.348 -72.295 -48.333 -72.326 -48.286 -72.31 -48.211 -72.333 -48.091 -72.343 -48.07 -72.388 -48.058 -72.395 -48.051 -72.403 -48.024 -72.419 -48.01 -72.477 -47.994 -72.509 -47.973 -72.535 -47.946 -72.544 -47.915 -72.5 -47.853 -72.457 -47.749 -72.363 -47.635 -72.344 -47.602 -72.32 -47.512 -72.321 -47.498 -72.37 -47.475 -72.361 -47.451 -72.329 -47.426 -72.263 -47.414
-72.359 -48.343 -72.315 -48.35
-73.098 -49.267 -73.163 -49.258 -73.183 -49.239 -73.184 -49.214 -73.171 -49.189 -73.097 -49.121 -73.092 -49.081 -73.079 -49.059 -73.01 -48.99 -72.97 -48.964 -72.922 -48.952 -72.825 -48.945 -72.781 -48.934 -72.743 -48.914 -72.619 -48.82 -72.592 -48.791 -72.578 -48.722 -72.584 -48.616 -72.607 -48.561 -72.615 -48.51 -72.577 -48.452 -72.496 -48.415 -72.433 -48.4 -72.417 -48.391 -72.377 -48.35 -72.359 -48.343
-68.642 -54.799 -68.642 -54.854 -68.654 -54.886
-71.358 11.851 -71.328 11.85
-72.285 11.15 -72.267 11.155 -72.257 11.168 -71.991 11.649 -71.971 11.662 -71.449 11.795 -71.41 11.812 -71.358 11.851
-72.341 11.162 -72.285 11.15
-73.378 9.165 -73.391 9.173 -73.391 9.195 -73.379 9.214 -73.324 9.256 -73.277 9.362 -73.197 9.479 -73.178 9.523 -73.108 9.578 -73.072 9.664 -73.017 9.749 -72.986 9.812 -72.978 9.838 -72.997 9.901 -72.988 9.999 -72.936 10.175 -72.915 10.433 -72.908 10.452 -72.861 10.508 -72.843 10.561 -72.781 10.631 -72.754 10.675 -72.706 10.811 -72.683 10.856 -72.657 10.885 -72.595 10.933 -72.576 10.957 -72.542 11.041 -72.507 11.083 -72.499 11.121 -72.481 11.133 -72.417 11.138 -72.341 11.162
-72.936 9.099 -72.955 9.104 -72.973 9.128 -72.98 9.217 -72.996 9.235 -72.991 9.252 -73.01 9.295
-73.01 9.295 -73.033 9.295 -73.076 9.254 -73.124 9.234 -73.176 9.191 -73.212 9.173 -73.378 9.165
-72.35 8.043 -72.334 8.065 -72.336 8.104 -72.357 8.172 -72.391 8.234 -72.396 8.257 -72.384 8.322 -72.394 8.355 -72.415 8.382 -72.456 8.404 -72.655 8.618 -72.675 8.652 -72.783 9.06 -72.8 9.079 -72.786 9.102 -72.791 9.114 -72.827 9.142
-72.827 9.142 -72.834 9.134
-72.834 9.134 -72.862 9.137
-72.862 9.137 -72.936 9.099
-72.388 8.046 -72.35 8.043
-72.322 7.39 -72.415 7.414 -72.451 7.44 -72.479 7.484 -72.482 7.508 -72.463 7.571 -72.483 7.649 -72.474 7.754 -72.452 7.833 -72.459 7.894 -72.491 7.938 -72.488 7.949 -72.457 7.965 -72.43 7.991 -72.407 8.044 -72.388 8.046
-71.848 6.984 -71.994 7.013 -72.081 7.067 -72.098 7.087 -72.164 7.221 -72.174 7.28 -72.166 7.334 -72.206 7.382 -72.24 7.391
-72.24 7.391 -72.322 7.39
-70.639 7.073 -70.683 7.085 -70.703 7.1
-70.703 7.1 -70.733 7.099 -70.896 7.069 -70.919 7.039 -70.961 7.009 -71.011 6.991 -71.065 6.985
-70.484 7.005 -70.521 7.016 -70.579 7.086
-70.579 7.086 -70.639 7.073
-71.588 7.029 -71.62 7.052 -71.654 7.053
-71.654 7.053 -71.674 7.044 -71.67 7.028
-71.529 7.027 -71.549 7.028 -71.558 7.041
-71.558 7.041 -71.588 7.029
-71.67 7.028 -71.698 7.035
-71.698 7.035 -71.774 7.029 -71.772 7.011 -71.778 7.008
-71.468 7.012 -71.488 7.029 -71.51 7.035
-71.51 7.035 -71.529 7.027
-71.349 7.019 -71.414 7.031
-71.414 7.031 -71.468 7.012
-71.184 6.963 -71.213 6.978 -71.262 6.979 -71.276 6.984 -71.284 7.019 -71.308 7.027
-71.308 7.027 -71.349 7.019
-71.778 7.008 -71.789 7.01
-71.789 7.01 -71.848 6.984
-70.288 6.937 -70.319 6.938 -70.461 7.008
-70.461 7.008 -70.484 7.005
-71.065 6.985 -71.136 6.992
-71.136 6.992 -71.166 6.968 -71.184 6.963
-69.444 6.122 -70.097 6.944 -70.129 6.973 -70.158 6.98
-70.158 6.98 -70.231 6.969 -70.288 6.937
-67.757 5.409 -67.732 5.43 -67.694 5.447 -67.664 5.475 -67.652 5.478 -67.636 5.52 -67.617 5.542 -67.614 5.554 -67.636 5.578 -67.649 5.656 -67.649 5.702 -67.641 5.745 -67.625 5.785 -67.601 5.821 -67.542 5.877 -67.485 5.944 -67.435 5.968 -67.422 5.978 -67.419 5.995 -67.429 6.038 -67.454 6.057 -67.491 6.114 -67.487 6.167 -67.45 6.198 -67.49 6.202 -67.574 6.266 -67.731 6.303 -67.819 6.314
-67.819 6.314 -67.839 6.308 -67.868 6.28 -67.879 6.278
-67.879 6.278 -67.893 6.278
-67.893 6.278 -67.904 6.275 -67.924 6.235 -68.019 6.212
-68.019 6.212 -68.147 6.224
-68.147 6.224 -68.19 6.218 -68.304 6.177 -68.341 6.177
-68.979 6.197 -69.037 6.219
-69.037 6.219 -69.061 6.218 -69.08 6.209 -69.189 6.113 -69.246 6.081
-68.893 6.184 -68.961 6.202
-68.961 6.202 -68.979 6.197
-68.341 6.177 -68.427 6.197
-68.427 6.197 -68.523 6.173 -68.585 6.17 -68.635 6.136
-68.635 6.136 -68.659 6.139 -68.701 6.158 -68.829 6.188
-68.829 6.188 -68.893 6.184
-69.246 6.081 -69.269 6.097 -69.311 6.146 -69.331 6.156
-69.331 6.156 -69.358 6.152 -69.406 6.129 -69.444 6.122
-67.768 5.41 -67.757 5.409
-67.848 4.498 -67.865 4.512 -67.875 4.533 -67.873 4.547 -67.855 4.566 -67.846 4.69 -67.823 4.744 -67.814 4.841 -67.827 4.872 -67.826 4.895 -67.807 4.972 -67.807 5.036 -67.793 5.063 -67.821 5.101 -67.827 5.12 -67.827 5.142 -67.814 5.187 -67.815 5.21 -67.844 5.297 -67.835 5.339 -67.81 5.379 -67.768 5.41
-67.577 3.731 -67.595 3.731 -67.614 3.741 -67.632 3.762 -67.644 3.835 -67.694 3.929 -67.702 4.012 -67.717 4.039 -67.714 4.056 -67.721 4.075 -67.732 4.086 -67.74 4.119 -67.778 4.154 -67.786 4.173 -67.805 4.268 -67.8 4.306 -67.779 4.351 -67.8 4.399 -67.793 4.429 -67.814 4.443 -67.829 4.491 -67.848 4.505
-67.848 4.505 -67.848 4.498
-67.856 2.79 -67.855 2.858 -67.839 2.886 -67.452 3.244 -67.408 3.257 -67.396 3.267 -67.309 3.384 -67.305 3.426 -67.338 3.46 -67.39 3.485 -67.404 3.504 -67.471 3.68 -67.5 3.718 -67.537 3.736
-67.537 3.736 -67.577 3.731
-67.666 2.801 -67.69 2.806 -67.751 2.842
-67.751 2.842 -67.781 2.832
-67.781 2.832 -67.803 2.833
-67.803 2.833 -67.823 2.827 -67.856 2.79
-66.875 1.223 -66.901 1.289 -66.883 1.326 -66.884 1.35 -66.902 1.394 -66.933 1.425 -66.934 1.502 -66.974 1.58 -66.981 1.666 -67.087 1.939 -67.133 1.991 -67.135 2.003 -67.115 2.031 -67.111 2.049 -67.115 2.103 -67.121 2.119 -67.169 2.141 -67.178 2.154 -67.217 2.266 -67.218 2.285 -67.174 2.336 -67.19 2.394 -67.231 2.422 -67.267 2.434 -67.306 2.466 -67.325 2.475 -67.341 2.51 -67.382 2.538 -67.4 2.568 -67.417 2.576 -67.44 2.61 -67.471 2.627 -67.485 2.662 -67.5 2.675 -67.564 2.682 -67.576 2.691 -67.594 2.776 -67.608 2.799 -67.627 2.813
-67.627 2.813 -67.666 2.801
22.698 54.343 19.68 54.437 19.61 54.457
22.767 54.356 22.698 54.343
140.974 -2.601 140.977 -6.335 140.964 -6.348 140.953 -6.374 140.967 -6.394 140.95 -6.419 140.953 -6.432
140.953 -6.432 140.942 -6.431
140.942 -6.431 140.913 -6.439 140.93 -6.445 140.933 -6.466
140.949 -6.466 140.95 -6.499 140.943 -6.508 140.921 -6.516 140.915 -6.558 140.893 -6.565 140.905 -6.589 140.891 -6.6 140.859 -6.608 140.85 -6.624 140.865 -6.631 140.866 -6.649 140.85 -6.713 140.885 -6.754 140.871 -6.778 140.874 -6.789 140.902 -6.812 140.916 -6.863
140.933 -6.466 140.949 -6.466
140.94 -6.856 140.943 -6.888 140.962 -6.898
140.916 -6.863 140.94 -6.856
140.977 -6.897 140.977 -9.106
140.962 -6.898 140.977 -6.897
54.047 42.345 54.123 42.338 54.195 42.318 54.738 42.048 54.907 41.932 54.931 41.909 54.941 41.89 54.935 41.834 54.951 41.796 55.1 41.644 55.228 41.473 55.259 41.445 55.373 41.376 55.413 41.308 55.43 41.291 55.478 41.267 55.509 41.259
52.438 41.749 52.765 41.994 52.979 42.127 53.135 42.168 53.192 42.193 53.412 42.258 54.047 42.345
55.91 41.327 55.978 41.322
55.509 41.259 55.635 41.264 55.694 41.282 55.787 41.292 55.877 41.325 55.91 41.327
62.026 43.481 61.986 43.493 61.386 43.993 61.162 44.168 61.103 44.236 61.093 44.259 61.08 44.335 61.062 44.362 61.036 44.383 58.582 45.549 58.531 45.559
58.531 45.559 57.478 45.337 55.976 44.995 55.978 41.322
65.813 42.876 65.795 42.877 65.517 43.297 65.477 43.323 65.271 43.417 65.172 43.494 64.957 43.697 64.923 43.719 64.891 43.723
64.891 43.723 64.462 43.554 64.427 43.547
64.427 43.547 63.208 43.627
63.208 43.627 62.478 43.541 62.026 43.481
66.477 41.996 66.017 41.998 66.009 42.003 66.014 42.403 66.02 42.417 66.043 42.424 66.053 42.441 66.101 42.99
66.101 42.99 65.813 42.876
70.948 42.248 70.88 42.207 70.842 42.193 70.805 42.188
70.805 42.188 70.758 42.198
70.758 42.198 70.734 42.197 70.72 42.183 70.712 42.164 70.65 42.093 70.61 42.027 70.579 42.016
70.579 42.016 70.534 42.025 70.519 42.037 70.504 42.068 70.47 42.092 70.455 42.094
70.455 42.094 70.358 42.062 70.315 42.035 70.283 41.976 70.204 41.936 70.136 41.848 70.111 41.826 70.028 41.78 69.972 41.765 69.912 41.713 69.871 41.7 69.759 41.696 69.625 41.668 69.579 41.633 69.477 41.573 69.42 41.56 69.394 41.545 69.381 41.519 69.401 41.485 69.402 41.475 69.391 41.47
66.815 41.142 66.733 41.158 66.688 41.199 66.603 41.494 66.539 41.741 66.504 41.993 66.485 41.997
66.485 41.997 66.477 41.996
69.391 41.47 69.331 41.478
69.331 41.478 69.263 41.455
69.263 41.455 69.233 41.463
69.233 41.463 69.163 41.434 69.138 41.416 69.128 41.395
69.128 41.395 69.109 41.401
69.109 41.401 69.044 41.379 69.032 41.367 69.051 41.344 69.055 41.315 69.039 41.22 69.031 41.209 68.98 41.178 68.944 41.165 68.88 41.156 68.842 41.11 68.774 41.087 68.746 41.064 68.71 40.984 68.689 40.965 68.6 40.93 68.589 40.907
68.034 41.043 68.021 41.059 68.013 41.098 68.003 41.116 67.959 41.159 67.937 41.2
67.937 41.2 67.854 41.159 67.835 41.157
67.835 41.157 67.748 41.184
67.748 41.184 66.815 41.142
68.462 40.585 68.226 40.679 68.159 40.719 68.068 40.788 67.991 40.811 68.003 40.825 68.055 40.847 68.081 40.873 68.096 40.899 68.121 40.965 68.121 40.994 68.1 41.014 68.131 41.03 68.119 41.034 68.117 41.067
68.117 41.067 68.096 41.065 68.082 41.043
68.082 41.043 68.071 41.053 68.059 41.055
68.059 41.055 68.034 41.043
68.589 40.907 68.571 40.914
68.571 40.914 68.572 40.87 68.553 40.85 68.55 40.835 68.56 40.751 68.575 40.724 68.609 40.716 68.612 40.691 68.627 40.667 68.601 40.63 68.62 40.622 68.614 40.609 68.593 40.599
68.593 40.599 68.515 40.619
68.515 40.619 68.492 40.599
68.492 40.599 68.477 40.599
68.477 40.599 68.462 40.585
58.588 42.791 58.612 42.781 58.827 42.594 58.894 42.548 58.965 42.524 59.009 42.518
58.493 42.645 58.535 42.655 58.556 42.684 58.569 42.769 58.588 42.791
58.258 42.69 58.283 42.689 58.391 42.657 58.493 42.645
58.414 42.285 58.478 42.292 58.494 42.306 58.438 42.358 58.364 42.447 58.337 42.494 58.306 42.529 58.271 42.549 58.146 42.593 58.127 42.605 58.121 42.624 58.131 42.639 58.258 42.69
59.122 42.538 59.146 42.527 59.224 42.461 59.233 42.442 59.245 42.365 59.258 42.348 59.287 42.336 59.362 42.326 59.401 42.294 59.426 42.287 59.478 42.286
59.009 42.518 59.122 42.538
58.038 42.503 58.08 42.497 58.117 42.462 58.133 42.455
57.809 42.176 57.85 42.191 57.827 42.227 57.835 42.24 57.874 42.25 57.888 42.262 57.929 42.331 57.937 42.354 57.936 42.37 57.914 42.404 57.909 42.43 57.953 42.45 57.998 42.493 58.038 42.503
58.204 42.47 58.325 42.432 58.359 42.413 58.385 42.388 58.395 42.352 58.386 42.301 58.398 42.288 58.414 42.285
58.133 42.455 58.204 42.47
59.69 42.31 59.776 42.304
59.478 42.286 59.69 42.31
59.821 42.308 59.866 42.304 59.926 42.246 59.961 42.223 60.028 42.2 60.04 42.186 60.037 42.17 59.984 42.146 59.974 42.099 59.994 42.05 59.997 42.011 59.937 41.993
59.776 42.304 59.821 42.308
57.741 42.179 57.809 42.176
57.62 42.148 57.666 42.155 57.741 42.179
57.478 42.167 57.62 42.148
57.01 41.254 57.03 41.263 57.08 41.322 57.148 41.351 57.161 41.368 57.104 41.382 57.074 41.395 57.033 41.438 57.02 41.466 57.012 41.558 56.96 41.647 56.972 41.749 56.95 41.828 56.95 41.866 56.978 41.895 57.074 41.929 57.116 41.952 57.153 41.993 57.208 42.071 57.288 42.129 57.382 42.164 57.478 42.167
59.937 41.993 59.919 41.99 59.908 41.98 59.906 41.967 59.918 41.952 59.932 41.948
59.984 41.949 60.089 41.919 60.118 41.9 60.168 41.85 60.229 41.82 60.251 41.794 60.253 41.78 60.241 41.767 60.225 41.765
59.932 41.948 59.984 41.949
60.225 41.765 60.134 41.797
60.134 41.797 60.102 41.795 60.075 41.781 60.049 41.753 60.058 41.719 60.089 41.674 60.156 41.603 60.165 41.585 60.151 41.572 60.11 41.557 60.08 41.531 60.072 41.514 60.059 41.434 60.066 41.41 60.094 41.39 60.3 41.31 60.36 41.276 60.415 41.235 60.443 41.22 60.478 41.212
55.978 41.322 56.793 41.288 57.01 41.254
61.433 41.3 61.567 41.278 61.654 41.249 61.878 41.125 61.897 41.109 61.979 40.999 61.99 40.893 61.983 40.886 62.025 40.782 62.037 40.736 62.056 40.702 62.1 40.66 62.121 40.599 62.134 40.578 62.171 40.54 62.192 40.499 62.213 40.487 62.261 40.476 62.353 40.43 62.363 40.37 62.397 40.312 62.405 40.245 62.436 40.194 62.44 40.173 62.422 40.115 62.442 40.036 62.453 40.009 62.525 39.94 62.593 39.89 63.478 39.403 63.541 39.356 63.648 39.24 63.709 39.191 64.121 38.962 64.18 38.945
61.243 41.156 61.281 41.157 61.316 41.17 61.344 41.194 61.363 41.225 61.387 41.236 61.397 41.271 61.411 41.292 61.433 41.3
60.86 41.253 60.93 41.24 60.978 41.203
60.478 41.212 60.538 41.213 60.659 41.244 60.86 41.253
61.01 41.237 61.023 41.217
60.978 41.203 61.01 41.237
61.082 41.225 61.1 41.224 61.203 41.169 61.243 41.156
61.023 41.217 61.082 41.225
64.314 38.982 64.337 38.971 64.424 38.883 64.635 38.744 64.763 38.686 64.911 38.645 64.978 38.612 65.205 38.45 65.604 38.237 65.672 38.22
64.18 38.945 64.206 38.949 64.283 38.98 64.314 38.982
65.843 38.275 65.877 38.273 65.977 38.235 66.043 38.226 66.134 38.175 66.231 38.149 66.307 38.08 66.408 38.043 66.439 38.035 66.516 38.035 66.554 38.027 66.624 37.994 66.646 37.946 66.609 37.889 66.554 37.832 66.519 37.783 66.519 37.625 66.497 37.558 66.493 37.522 66.507 37.494 66.543 37.467 66.547 37.451 66.497 37.398 66.495 37.379 66.52 37.364
65.672 38.22 65.74 38.224 65.814 38.266 65.843 38.275
57.496 37.922 57.352 37.968 57.327 37.994 57.347 38.047 57.344 38.081 57.323 38.105 57.311 38.135 57.267 38.177 57.226 38.242 57.218 38.265 57.175 38.278
57.175 38.278 57.147 38.27 57.103 38.222 57.038 38.187
57.038 38.187 56.978 38.203 56.812 38.229 56.729 38.271
56.729 38.271 56.682 38.265 56.585 38.235
56.585 38.235 56.528 38.257
56.528 38.257 56.436 38.255 56.4 38.244 56.366 38.226 56.303 38.179 56.297 38.166 56.324 38.141 56.329 38.124 56.315 38.089 56.3 38.08 56.214 38.069
55.978 38.066 55.905 38.086 55.854 38.086 55.8 38.108 55.709 38.119
55.709 38.119 55.511 38.086 55.447 38.084 55.423 38.076 55.307 38.009 55.229 37.986 55.22 37.97 55.13 37.952 55.104 37.919 55.067 37.908 55.054 37.884 55.007 37.843 54.857 37.761 54.827 37.735 54.814 37.719 54.787 37.652 54.788 37.631 54.809 37.603 54.805 37.565 54.784 37.517 54.679 37.46 54.654 37.439 54.617 37.433
56.214 38.069 56.121 38.086
56.121 38.086 55.978 38.066
57.612 37.917 57.545 37.93
57.545 37.93 57.496 37.922
57.738 37.898 57.691 37.92 57.676 37.92
57.676 37.92 57.612 37.917
57.8 37.868 57.785 37.873 57.77 37.894 57.755 37.901
57.755 37.901 57.738 37.898
58.372 37.63 58.319 37.653 58.241 37.662 58.207 37.679 58.199 37.722 58.18 37.753 58.181 37.775 58.174 37.782 58.041 37.806 57.884 37.865 57.85 37.873
57.85 37.873 57.8 37.868
58.682 37.643 58.616 37.66 58.549 37.702
58.549 37.702 58.53 37.7 58.514 37.691 58.48 37.644 58.462 37.637 58.372 37.63
59.233 37.515 59.212 37.516 59.078 37.593 59.035 37.625 58.992 37.631 58.939 37.654 58.861 37.668 58.801 37.695
58.801 37.695 58.793 37.673 58.78 37.66 58.759 37.656
58.759 37.656 58.738 37.659
58.738 37.659 58.726 37.659 58.704 37.645 58.682 37.643
59.509 37.19 59.462 37.208 59.459 37.215 59.469 37.241 59.37 37.319 59.348 37.409 59.362 37.439 59.353 37.458 59.356 37.481 59.352 37.494 59.312 37.53 59.289 37.535
59.289 37.535 59.233 37.515
54.617 37.433 54.556 37.444
54.556 37.444 54.533 37.441 54.364 37.363 54.306 37.353
54.306 37.353 54.283 37.356
54.283 37.356 54.262 37.355 54.225 37.331 54.187 37.324
54.187 37.324 53.914 37.343
59.605 37.124 59.592 37.132 59.573 37.183 59.556 37.198 59.541 37.2
59.541 37.2 59.509 37.19
60.342 36.637 60.309 36.652 60.289 36.681 60.26 36.742 60.239 36.77 60.133 36.873 60.086 36.93 60.049 36.994 60.019 37.026 59.982 37.039 59.9 37.051 59.863 37.068 59.797 37.112 59.643 37.15
59.643 37.15 59.614 37.125 59.605 37.124
61.27 35.618 61.232 35.672 61.229 35.699 61.25 35.722 61.256 35.769 61.25 35.787 61.256 35.825 61.241 35.894 61.222 35.925 61.188 35.954 61.13 35.971 61.174 36.006 61.174 36.048 61.198 36.061 61.207 36.1 61.225 36.124 61.205 36.221 61.188 36.25 61.185 36.284 61.171 36.306 61.154 36.315 61.161 36.329 61.147 36.357 61.152 36.406 61.174 36.487 61.166 36.514 61.186 36.553 61.186 36.578 61.166 36.636 61.075 36.648
61.075 36.648 60.342 36.637
60.936 34.636 60.948 34.638 60.958 34.649 60.96 34.723 61.01 34.761 61.035 34.806 61.065 34.815 61.078 34.883 61.075 34.933 61.089 34.952 61.11 35.019 61.116 35.06 61.147 35.102 61.137 35.111 61.14 35.14 61.096 35.193 61.112 35.202 61.113 35.212 61.102 35.226 61.102 35.257 61.108 35.278 61.123 35.288 61.168 35.291 61.187 35.3 61.195 35.318 61.19 35.37 61.195 35.39 61.222 35.424 61.247 35.485 61.284 35.527 61.29 35.548 61.277 35.609 61.27 35.618
60.923 34.637 60.936 34.636
60.734 33.555 60.656 33.56 60.575 33.588 60.512 33.638 60.487 33.711 60.495 33.744 60.526 33.802 60.528 33.841 60.487 34.094 60.493 34.139 60.521 34.186 60.552 34.22 60.587 34.25 60.635 34.271 60.651 34.285 60.644 34.307 60.89 34.319 60.779 34.455 60.743 34.473 60.719 34.511 60.7 34.516 60.714 34.537 60.739 34.548 60.819 34.56 60.838 34.571 60.895 34.628 60.923 34.637
60.844 29.858 61.802 30.847 61.8 30.872 61.808 30.881 61.8 30.961 61.819 30.994 61.826 31.035 61.809 31.087 61.792 31.119 61.779 31.181 61.743 31.24 61.749 31.302 61.742 31.321 61.687 31.373 61.661 31.382 60.855 31.483 60.822 31.495 60.81 31.588 60.793 31.66 60.805 31.734 60.791 31.827 60.789 31.875 60.797 31.937 60.784 31.989 60.793 32.011 60.775 32.027 60.809 32.071 60.815 32.088 60.828 32.167 60.83 32.249 60.752 32.495 60.578 32.994 60.563 33.058 60.562 33.137 60.568 33.151 60.757 33.366 60.829 33.416 60.835 33.436 60.832 33.484 60.85 33.494 60.912 33.502 60.921 33.514 60.912 33.528 60.88 33.549 60.807 33.558
60.807 33.558 60.734 33.555
74.521 36.958 74.537 36.962 74.549 37.009 74.542 37.022
74.457 37.004 74.48 36.997 74.521 36.958
74.212 36.895 74.236 36.902 74.394 36.994 74.457 37.004
74.146 36.902 74.212 36.895
74.035 36.816 74.094 36.831 74.104 36.841 74.115 36.89 74.146 36.902
73.64 36.897 73.773 36.892 73.834 36.883 73.947 36.831 74.006 36.816 74.035 36.816
73.509 36.879 73.64 36.897
73.446 36.886 73.509 36.879
73.38 36.879 73.446 36.886
73.332 36.882 73.38 36.879
73.267 36.867 73.332 36.882
73.192 36.877 73.267 36.867
72.991 36.842 73.042 36.864 73.192 36.877
72.946 36.852 72.991 36.842
72.779 36.827 72.868 36.83 72.946 36.852
72.696 36.837 72.779 36.827
72.433 36.753 72.454 36.758 72.517 36.801 72.565 36.821 72.63 36.833 72.696 36.837
72.387 36.756 72.433 36.753
71.751 36.391 71.783 36.397 71.794 36.408 71.775 36.448 71.773 36.48 71.794 36.491 71.875 36.499 71.977 36.563 72.039 36.58 72.055 36.593 72.05 36.619 72.059 36.627 72.172 36.654 72.15 36.689 72.153 36.702 72.214 36.726 72.387 36.756
71.629 36.46 71.707 36.421 71.736 36.396 71.751 36.391
71.048 34.551 71.066 34.558 71.077 34.579 71.08 34.603 71.069 34.646 71.07 34.661 71.081 34.673 71.203 34.748 71.256 34.81 71.289 34.875 71.325 34.898 71.47 34.95 71.485 34.983 71.511 35.009 71.509 35.072 71.535 35.099 71.604 35.138 71.638 35.19 71.634 35.203 71.603 35.223 71.548 35.276 71.53 35.301 71.532 35.328 71.562 35.361 71.611 35.395 71.621 35.41 71.622 35.43 71.588 35.471 71.582 35.493 71.593 35.549 71.584 35.564 71.513 35.596 71.493 35.61 71.483 35.627 71.514 35.666 71.52 35.684 71.503 35.719 71.476 35.741 71.464 35.795 71.417 35.859 71.371 35.885 71.361 35.9 71.356 35.933 71.342 35.947 71.257 35.972 71.232 35.994 71.171 36.027 71.166 36.046 71.175 36.061 71.208 36.088 71.223 36.125 71.302 36.163 71.319 36.201 71.382 36.219 71.479 36.301 71.558 36.328 71.542 36.356 71.547 36.372 71.58 36.402 71.601 36.449 71.61 36.458 71.629 36.46
71.007 34.556 71.048 34.551
70.94 34.001 70.954 34.005 70.977 34.027 71.047 34.042 71.063 34.054 71.067 34.073 71.063 34.105 71.108 34.165 71.109 34.189 71.097 34.262 71.126 34.332 71.122 34.357 71.051 34.39 71.02 34.414 70.992 34.443 70.961 34.488 70.957 34.532 70.969 34.55 71.007 34.556
69.969 34.046 70.003 34.044 70.219 33.981 70.276 33.976 70.328 33.957 70.409 33.954 70.522 33.939
70.066 33.721 69.958 33.753 69.931 33.806 69.899 33.852 69.885 33.889 69.847 33.927 69.841 33.942 69.872 33.972 69.873 34.017 69.889 34.031 69.969 34.046
70.894 34.009 70.94 34.001
70.791 33.954 70.862 33.965 70.884 34.007 70.894 34.009
70.656 33.955 70.791 33.954
70.522 33.939 70.656 33.955
70.105 33.19 70.294 33.319 70.302 33.352 70.286 33.383 70.233 33.433 70.22 33.456 70.178 33.473 70.164 33.489 70.151 33.526 70.173 33.608 70.174 33.632 70.133 33.661 70.118 33.717 70.108 33.727
70.108 33.727 70.066 33.721
70.06 33.198 70.105 33.19
69.995 33.127 70.015 33.141 70.048 33.194 70.06 33.198
69.966 33.129 69.995 33.127
69.839 33.087 69.881 33.089 69.966 33.129
69.772 33.115 69.839 33.087
69.668 33.077 69.686 33.081 69.733 33.109 69.772 33.115
69.641 33.084 69.668 33.077
69.608 33.079 69.641 33.084
69.588 33.08 69.608 33.079
68.977 31.641 69.04 31.673 69.1 31.724 69.224 31.882 69.305 31.947 69.271 32.036 69.251 32.131 69.268 32.301 69.228 32.421 69.233 32.463 69.252 32.501 69.282 32.533 69.344 32.556 69.361 32.568 69.426 32.655 69.429 32.667 69.415 32.726 69.383 32.744 69.376 32.772 69.421 32.807 69.446 32.836 69.477 32.857 69.487 32.886 69.469 32.994 69.488 33.028 69.514 33.057 69.548 33.075 69.588 33.08
68.159 31.826 68.207 31.808 68.255 31.766 68.277 31.764
67.915 31.631 67.955 31.633 67.994 31.663 68.047 31.688 68.06 31.726 68.093 31.752 68.126 31.811 68.139 31.825 68.159 31.826
68.527 31.823 68.619 31.783 68.688 31.769 68.705 31.701 68.777 31.619 68.804 31.603
68.461 31.764 68.422 31.773 68.419 31.783 68.481 31.816 68.527 31.823
68.317 31.765 68.356 31.763 68.461 31.73 68.498 31.725
68.277 31.764 68.317 31.765
68.498 31.725 68.537 31.741 68.55 31.754 68.541 31.763 68.521 31.765
68.521 31.765 68.461 31.764
68.941 31.644 68.977 31.641
68.804 31.603 68.844 31.606 68.941 31.644
67.884 31.636 67.915 31.631
67.665 31.518 67.727 31.531 67.781 31.564 67.843 31.623 67.884 31.636
67.601 31.53 67.665 31.518
67.651 31.395 67.611 31.411 67.597 31.426 67.591 31.465 67.556 31.512 67.569 31.53 67.601 31.53
67.749 31.328 67.765 31.334 67.775 31.353 67.77 31.395 67.734 31.405
67.734 31.405 67.651 31.395
67.709 31.329 67.749 31.328
67.346 31.208 67.434 31.236 67.493 31.243 67.53 31.257 67.602 31.271 67.693 31.325 67.709 31.329
67.002 31.316 67.017 31.309 67.024 31.295 67.026 31.273 67.014 31.253 67.015 31.245 67.035 31.236 67.078 31.232
65.036 29.54 66.196 29.835 66.275 29.885 66.322 29.947 66.341 29.957 66.26 30.023 66.225 30.044 66.219 30.058 66.236 30.112 66.301 30.226 66.305 30.245 66.303 30.305 66.322 30.437 66.314 30.478 66.282 30.518 66.265 30.558 66.268 30.601 66.366 30.923 66.375 30.937 66.392 30.945 66.55 30.977 66.663 31.083 66.697 31.196 66.721 31.21 66.76 31.215 66.838 31.277 66.906 31.306 66.943 31.315 67.002 31.316
67.137 31.241 67.23 31.211
67.078 31.232 67.137 31.241
67.282 31.213 67.346 31.208
67.23 31.211 67.282 31.213
60.844 29.858 62.374 29.425 62.478 29.408
64.478 29.57 64.82 29.568 64.987 29.542 65.036 29.54
64.086 29.387 64.113 29.396 64.15 29.458 64.173 29.484 64.208 29.5 64.478 29.57
63.569 29.497 63.972 29.43 64.086 29.387
62.478 29.408 63.569 29.497
62.576 28.229 62.555 28.24 62.492 28.301 62.464 28.35 62.421 28.369 62.391 28.406 62.363 28.419 62.231 28.442 62.148 28.475 62.049 28.486 61.971 28.519 61.893 28.543 61.798 28.627 61.756 28.674 61.653 28.756 61.624 28.788 61.595 28.843 61.567 28.871 61.553 28.922 61.511 29.007 61.47 29.036 61.471 29.048 61.487 29.063 61.488 29.081 61.461 29.094 61.438 29.14 61.409 29.149 61.398 29.159 61.387 29.207 61.342 29.255 61.333 29.275 61.347 29.349 61.337 29.374 61.279 29.407 60.844 29.858
62.801 27.225 62.742 27.267 62.768 27.274 62.779 27.3 62.776 27.327 62.756 27.348 62.809 27.453 62.815 27.495 62.78 27.83 62.736 27.995 62.766 28.211 62.762 28.246 62.739 28.258
62.739 28.258 62.576 28.229
63.32 27.117 63.286 27.185 63.261 27.214 63.215 27.233 63.19 27.254 63.167 27.259
63.167 27.259 63.099 27.243
63.099 27.243 63.083 27.244
63.083 27.244 62.892 27.213
62.892 27.213 62.829 27.234
62.829 27.234 62.801 27.225
63.302 27.123 63.32 27.117
63.141 26.625 63.164 26.645 63.174 26.685 63.182 26.83 63.19 26.846 63.247 26.86 63.262 26.872 63.265 26.89 63.235 26.941 63.231 27.066 63.261 27.116 63.302 27.123
62.754 26.644 63.069 26.633
62.671 26.598 62.718 26.611 62.743 26.641 62.754 26.644
63.098 26.638 63.141 26.625
63.069 26.633 63.098 26.638
62.641 26.605 62.671 26.598
62.386 26.537 62.397 26.539 62.418 26.562 62.595 26.581 62.616 26.587 62.641 26.605
62.365 26.538 62.386 26.537
62.243 26.351 62.265 26.361 62.249 26.417 62.298 26.474 62.292 26.501 62.307 26.514 62.365 26.538
62.124 26.374 62.243 26.351
61.722 25.8 61.739 25.803 61.755 25.82 61.76 25.838 61.81 26.167 61.833 26.225 61.857 26.242 61.978 26.273 62.032 26.303 62.094 26.315 62.103 26.325 62.107 26.35 62.124 26.374
61.703 25.8 61.722 25.8
61.588 25.202 61.62 25.285 61.643 25.613 61.652 25.637 61.673 25.658 61.676 25.693 61.66 25.769 61.681 25.795 61.703 25.8
68.943 55.435 69.123 55.398 69.148 55.378 69.165 55.347 69.186 55.326
68.946 55.27 68.971 55.279 68.981 55.291 68.977 55.347 68.918 55.371 68.902 55.412 68.911 55.427 68.943 55.435
69.335 55.385 69.477 55.349 69.674 55.334 69.802 55.292 69.83 55.277 69.912 55.212 69.94 55.2 70.059 55.187 70.197 55.133 70.214 55.132
69.186 55.326 69.226 55.334 69.31 55.381 69.335 55.385
68.701 55.36 68.723 55.353 68.846 55.337 68.867 55.326 68.923 55.276 68.946 55.27
68.594 55.194 68.616 55.205 68.614 55.243 68.676 55.273 68.684 55.289 68.682 55.327 68.701 55.36
70.721 55.313 70.778 55.307 70.82 55.294 70.789 55.265 70.782 55.248 70.793 55.233 70.96 55.106 70.977 55.078 70.973 55.018 70.957 54.973 70.974 54.947 70.955 54.923 70.946 54.888 70.953 54.873 70.99 54.849 70.997 54.835 70.994 54.808 71.006 54.774 71.047 54.749 71.137 54.727
70.539 55.269 70.584 55.273 70.666 55.309 70.721 55.313
70.46 55.287 70.539 55.269
70.214 55.132 70.264 55.173 70.285 55.183 70.382 55.206 70.388 55.23 70.4 55.246 70.441 55.283 70.46 55.287
68.567 55.198 68.594 55.194
68.477 55.183 68.567 55.198
68.377 55.195 68.477 55.183
68.306 55.181 68.377 55.195
68.262 55.194 68.306 55.181
68.01 54.943 68.166 54.956 68.184 54.967 68.191 54.993 68.213 54.998 68.222 55.008 68.235 55.039 68.304 55.053 68.308 55.073 68.228 55.102 68.191 55.125 68.207 55.154 68.177 55.171 68.262 55.194
67.882 54.97 67.913 54.969 68.01 54.943
67.623 54.854 67.698 54.868 67.758 54.898 67.817 54.952 67.882 54.97
67.311 54.86 67.378 54.849
67.174 54.791 67.213 54.797 67.284 54.853 67.311 54.86
67.443 54.857 67.623 54.854
67.378 54.849 67.443 54.857
67.099 54.792 67.174 54.791
66.638 54.714 66.7 54.719 66.782 54.758 66.977 54.764 67.099 54.792
71.18 54.727 71.219 54.714 71.253 54.682 71.265 54.662 71.265 54.639 71.252 54.625 71.179 54.609 71.148 54.591 71.141 54.564 71.145 54.481 71.167 54.463 71.171 54.451 71.169 54.411 71.193 54.404 71.198 54.392 71.191 54.318 71.134 54.312
71.137 54.727 71.18 54.727
66.51 54.717 66.638 54.714
65.977 54.612 66.447 54.711 66.51 54.717
65.933 54.703 65.952 54.694 65.961 54.628 65.977 54.612
65.713 54.597 65.744 54.601 65.77 54.617 65.827 54.673 65.933 54.703
65.477 54.633 65.575 54.625 65.713 54.597
65.428 54.553 65.449 54.557 65.456 54.578 65.445 54.614 65.45 54.627 65.477 54.633
65.37 54.562 65.428 54.553
65.174 54.31 65.184 54.31 65.213 54.343 65.181 54.449 65.202 54.473 65.198 54.516 65.214 54.528 65.342 54.561 65.37 54.562
76.872 54.465 76.896 54.464 76.91 54.455 76.904 54.433 76.886 54.423 76.805 54.41 76.765 54.391 76.753 54.377 76.766 54.365 76.816 54.356 76.834 54.346 76.843 54.322 76.838 54.297 76.782 54.242 76.762 54.203 76.665 54.134
76.757 54.437 76.872 54.465
76.701 54.44 76.757 54.437
76.608 54.355 76.641 54.367 76.652 54.422 76.673 54.436 76.701 54.44
64.911 54.403 64.978 54.387 65.057 54.324 65.1 54.305
64.72 54.334 64.911 54.403
64.579 54.386 64.653 54.347 64.684 54.336 64.72 54.334
64.511 54.365 64.579 54.386
72.043 54.378 72.152 54.368 72.185 54.357 72.222 54.333 72.253 54.303 72.279 54.263 72.324 54.253 72.337 54.237 72.299 54.178 72.483 54.136 72.467 54.11 72.454 54.107
72.129 54.126 72.178 54.136 72.19 54.152 72.187 54.179 72.17 54.197 72.111 54.206 72.067 54.222 72.072 54.263 72.103 54.312 72.027 54.355 72.025 54.371 72.043 54.378
64.467 54.372 64.511 54.365
64.334 54.345 64.433 54.352 64.467 54.372
76.577 54.357 76.608 54.355
76.433 54.317 76.476 54.323 76.54 54.351 76.577 54.357
64.294 54.353 64.334 54.345
64.152 54.317 64.256 54.339 64.294 54.353
76.234 54.347 76.433 54.317
75.603 54.095 75.64 54.099 76.184 54.252 76.17 54.291 76.177 54.307 76.215 54.342 76.234 54.347
71.134 54.312 71.039 54.332 71.003 54.333
71.003 54.333 70.98 54.325 70.971 54.305 70.977 54.27 71.052 54.263 71.056 54.223 71.044 54.186 71.097 54.165 71.144 54.114 71.161 54.102 71.182 54.102
64.108 54.325 64.152 54.317
64.048 54.303 64.094 54.324 64.108 54.325
64.004 54.32 64.023 54.308 64.048 54.303
63.897 54.194 63.908 54.207 64.008 54.229 64.025 54.255 63.979 54.296 63.98 54.304 64.004 54.32
65.144 54.318 65.174 54.31
65.1 54.305 65.144 54.318
63.709 54.25 63.744 54.249 63.856 54.202 63.897 54.194
63.332 54.163 63.368 54.163 63.478 54.204 63.545 54.206 63.709 54.25
71.762 54.248 71.958 54.236 72.002 54.226 72.019 54.215 72.077 54.148 72.1 54.132 72.129 54.126
71.632 54.107 71.709 54.132 71.717 54.146 71.715 54.211 71.741 54.242 71.762 54.248
71.321 54.201 71.413 54.184
71.182 54.102 71.218 54.116 71.246 54.136 71.296 54.189 71.321 54.201
71.444 54.185 71.462 54.172 71.468 54.158 71.477 54.11
71.413 54.184 71.444 54.185
63.157 54.18 63.216 54.179 63.332 54.163
63.085 54.086 63.112 54.094 63.127 54.11 63.11 54.158 63.124 54.174 63.157 54.18
76.665 54.134 76.604 54.135 76.476 54.164 76.413 54.166
76.413 54.166 76.377 54.154 76.374 54.148 76.476 54.042 76.495 53.992 76.526 53.961 77.613 53.443 77.867 53.272 77.976 53.169 78.476 52.638 79.043 51.993
72.624 54.135 72.886 54.117
72.509 54.044 72.503 54.051 72.509 54.069 72.527 54.1 72.573 54.129 72.624 54.135
71.574 54.129 71.632 54.107
71.477 54.11 71.574 54.129
72.942 54.122 72.957 54.118 72.968 54.104 72.977 54.048 73.024 54.034 73.035 54.021 73.044 53.992 73.063 53.979 73.36 53.938
72.886 54.117 72.942 54.122
72.454 54.107 72.44 54.109
72.44 54.109 72.423 54.109 72.408 54.09
75.5 54.102 75.603 54.095
75.001 53.806 75.028 53.808 75.434 53.987 75.361 54.06 75.429 54.09 75.464 54.101 75.5 54.102
72.408 54.09 72.368 54.096
72.368 54.096 72.358 54.093 72.357 54.082 72.364 54.06 72.419 54.016 72.373 53.936 72.373 53.92 72.392 53.908 72.423 53.903
62.812 54.095 62.902 54.078
62.525 53.872 62.541 53.877 62.545 53.884 62.532 53.93 62.587 53.97 62.563 53.993 62.551 54.027 62.581 54.054 62.629 54.071 62.757 54.081 62.812 54.095
62.985 54.093 63.085 54.086
62.902 54.078 62.985 54.093
73.654 54.079 73.67 54.076 73.675 54.052 73.685 54.048
73.482 53.945 73.518 53.956 73.52 53.992 73.528 54.011 73.587 54.019 73.604 54.035 73.589 54.066 73.654 54.079
61.338 54.063 61.418 54.056 61.433 54.047 61.462 54.011 61.479 54.003 61.553 53.993 61.556 53.961 61.564 53.952 61.582 53.948
61.193 53.907 61.211 53.908 61.227 53.926 61.231 53.943 61.194 54.018 61.25 54.021 61.275 54.029 61.312 54.06 61.338 54.063
73.741 54.058 73.697 53.901 73.683 53.874 73.662 53.861 73.634 53.857
73.685 54.048 73.741 54.058
72.674 53.951 72.7 53.958 72.695 53.993 72.676 54.022 72.656 54.043 72.632 54.054 72.597 54.055
72.597 54.055 72.509 54.044
62.413 54.027 62.433 54.025 62.446 54.015 62.444 53.992 62.4 53.974 62.387 53.961 62.39 53.942 62.408 53.925 62.457 53.909 62.499 53.878 62.525 53.872
62.004 53.932 62.003 54.017 62.413 54.027
61.791 54.001 61.821 53.993 61.836 53.951 61.856 53.943 62.004 53.932
61.742 53.982 61.755 53.983 61.777 54 61.791 54.001
61.715 53.993 61.742 53.982
61.582 53.948 61.601 53.95 61.611 53.96 61.62 53.993 61.715 53.993
72.557 53.977 72.674 53.951
72.423 53.903 72.456 53.905 72.477 53.913 72.557 53.977
73.393 53.974 73.433 53.971 73.469 53.947 73.482 53.945
73.36 53.938 73.374 53.941 73.384 53.97 73.393 53.974
61.096 53.956 61.145 53.95 61.176 53.917 61.193 53.907
61.008 53.636 61.043 53.654 61.045 53.691 61.052 53.703 61.107 53.712 61.127 53.747 61.199 53.797 61.202 53.82 61.115 53.852 61.085 53.875 60.978 53.883 60.971 53.893 60.972 53.916 60.996 53.941 61.017 53.949 61.096 53.956
73.634 53.857 73.485 53.875
73.485 53.875 73.456 53.874 73.411 53.85 73.391 53.828 73.438 53.809 73.347 53.788 73.331 53.775 73.307 53.686 73.245 53.675 73.23 53.662 73.22 53.643 73.225 53.63 73.259 53.606 73.231 53.572 73.391 53.52 73.347 53.459 73.411 53.43
74.806 53.838 74.924 53.831 75.001 53.806
74.616 53.681 74.627 53.687 74.654 53.748 74.675 53.757 74.725 53.759 74.743 53.779 74.762 53.823 74.772 53.831 74.806 53.838
74.453 53.685 74.616 53.681
74.388 53.462 74.409 53.478 74.457 53.57 74.455 53.577 74.421 53.603 74.43 53.654 74.438 53.673 74.453 53.685
60.905 53.657 61.008 53.636
61.281 53.542 61.14 53.563 61.121 53.57 61.096 53.599 61.047 53.608 60.907 53.614 60.88 53.633 60.905 53.657
73.937 53.64 74.058 53.625 74.063 53.573 74.077 53.566 74.108 53.565
73.788 53.595 73.873 53.632 73.937 53.64
73.66 53.612 73.737 53.61 73.788 53.595
73.632 53.561 73.641 53.563 73.653 53.609 73.66 53.612
74.148 53.598 74.223 53.595 74.25 53.557 74.27 53.553 74.263 53.53 74.27 53.515 74.306 53.492
74.108 53.565 74.148 53.598
61.412 53.436 61.515 53.492 61.555 53.506 61.528 53.572 61.517 53.586 61.503 53.589
61.503 53.589 61.39 53.589 61.361 53.583 61.316 53.545 61.281 53.542
73.608 53.563 73.632 53.561
73.411 53.43 73.424 53.433 73.547 53.507 73.563 53.525 73.576 53.553 73.608 53.563
61.261 53.507 61.288 53.503 61.307 53.493 61.353 53.45 61.382 53.436 61.412 53.436
61.25 53.27 61.203 53.276 61.163 53.299 61.143 53.323 61.134 53.348 61.137 53.373 61.21 53.45 61.218 53.493 61.235 53.503 61.261 53.507
74.306 53.492 74.359 53.466 74.388 53.462
61.514 53.209 61.478 53.215 61.38 53.262 61.345 53.27
61.345 53.27 61.25 53.27
61.959 52.935 62.035 52.953 62.073 52.97 62.094 52.992 62.114 53.042 62.116 53.065 62.108 53.089 62.083 53.113 62.051 53.125 61.835 53.151 61.764 53.169 61.705 53.203 61.664 53.239 61.643 53.243
61.643 53.243 61.547 53.211 61.514 53.209
61.448 53.021 61.478 53.012 61.574 52.956 61.606 52.948
61.318 52.983 61.377 52.993 61.424 53.017 61.448 53.021
61.19 53.013 61.287 52.985 61.318 52.983
60.742 52.625 60.712 52.632 60.7 52.653 60.677 52.664 60.673 52.672 60.674 52.694 60.696 52.735 60.739 52.751 60.787 52.758 60.829 52.772 60.885 52.825 61.058 52.922 60.975 52.971 61.052 52.972 61.089 52.978 61.156 53.01 61.19 53.013
61.82 52.978 61.857 52.97 61.923 52.938 61.959 52.935
61.718 52.97 61.82 52.978
61.675 52.974 61.718 52.97
61.606 52.948 61.656 52.971 61.675 52.974
60.618 52.143 60.672 52.144 60.723 52.17 60.763 52.21 60.781 52.221 60.897 52.255 60.947 52.29 61.009 52.315 61.04 52.335 60.961 52.402 60.951 52.461 60.936 52.489 60.831 52.513 60.815 52.522 60.81 52.538 60.813 52.605 60.803 52.628 60.793 52.629
60.793 52.629 60.742 52.625
60.507 52.152 60.618 52.143
60.092 51.855 60.061 51.859 60.04 51.871 59.995 51.936 59.986 51.952 59.987 51.969 60.003 51.993 60.203 51.993 60.348 52.09 60.426 52.13 60.507 52.152
79.043 51.993 79.47 51.493 79.927 50.878 79.967 50.81 80.021 50.767 80.055 50.753 80.086 50.752
61.049 51.479 61.023 51.486 60.959 51.525 60.934 51.566 60.937 51.611 60.515 51.618 60.506 51.62 60.495 51.646 60.485 51.651 60.376 51.663 60.355 51.671 60.356 51.692 60.372 51.705 60.437 51.728 60.44 51.754 60.48 51.784 60.452 51.805 60.274 51.833 60.172 51.88 60.138 51.889
60.138 51.889 60.118 51.864 60.092 51.855
52.308 51.775 52.335 51.764 52.378 51.66 52.445 51.58 52.479 51.505 52.506 51.479 52.554 51.458
52.23 51.722 52.258 51.724 52.28 51.735 52.292 51.766 52.308 51.775
50.767 51.759 50.839 51.746 50.874 51.722 50.901 51.687 50.925 51.68 51.17 51.669
50.697 51.566 50.764 51.579 50.791 51.597 50.795 51.626 50.747 51.709 50.744 51.742 50.767 51.759
52.174 51.725 52.23 51.722
52.035 51.652 52.092 51.659 52.111 51.67 52.148 51.716 52.174 51.725
51.234 51.685 51.252 51.679 51.288 51.643 51.372 51.63 51.382 51.61 51.381 51.587 51.373 51.572 51.359 51.561 51.242 51.544 51.237 51.536 51.273 51.493 51.304 51.472 51.379 51.467
51.17 51.669 51.234 51.685
51.897 51.68 52.035 51.652
51.647 51.451 51.693 51.454 51.782 51.493 51.783 51.53 51.768 51.563 51.765 51.593 51.851 51.662 51.897 51.68
50.582 51.635 50.6 51.635 50.639 51.616 50.694 51.611 50.659 51.576 50.671 51.568 50.697 51.566
49.54 51.101 49.779 51.102 49.796 51.11 49.843 51.151 49.987 51.23 50.029 51.243 50.207 51.266 50.325 51.303 50.349 51.323 50.338 51.372 50.376 51.397 50.36 51.413 50.38 51.421 50.457 51.427 50.471 51.436 50.479 51.454 50.518 51.46 50.527 51.47 50.531 51.493 50.522 51.551 50.525 51.566 50.576 51.588 50.582 51.635
51.584 51.535 51.62 51.519 51.624 51.481 51.647 51.451
51.379 51.467 51.462 51.475 51.515 51.493 51.56 51.535 51.584 51.535
53.166 51.515 53.19 51.512 53.214 51.495
53.157 51.487 53.149 51.505 53.153 51.513 53.166 51.515
52.78 51.508 52.821 51.487
52.669 51.455 52.709 51.482 52.746 51.487 52.765 51.505 52.78 51.508
53.346 51.503 53.367 51.494
53.307 51.494 53.346 51.503
53.232 51.501 53.307 51.494
53.214 51.495 53.232 51.501
53.369 51.494 53.407 51.484 53.453 51.442 53.555 51.416 53.61 51.388 53.618 51.372 53.574 51.353 53.593 51.339 53.589 51.305 53.594 51.289 53.643 51.255 53.649 51.237 53.674 51.22 53.858 51.185
53.367 51.494 53.369 51.494
52.876 51.49 52.897 51.485 52.883 51.467 52.944 51.453
52.821 51.487 52.876 51.49
53.037 51.49 53.157 51.487
52.944 51.453 52.96 51.456 52.999 51.48 53.037 51.49
61.164 51.467 61.081 51.48
61.081 51.48 61.049 51.479
61.305 51.453 61.233 51.471
61.233 51.471 61.164 51.467
52.575 51.467 52.664 51.463 52.669 51.455
52.554 51.458 52.575 51.467
60.718 50.653 60.818 50.663 61.372 50.782 61.404 50.803 61.427 50.833 61.442 50.875 61.457 50.965 61.513 51.16 61.534 51.206 61.567 51.234 61.611 51.249 61.664 51.258 61.593 51.278 61.563 51.296 61.539 51.323 61.498 51.401 61.474 51.426 61.356 51.46
61.356 51.46 61.305 51.453
80.683 51.302 80.843 51.258
80.561 51.202 80.599 51.209 80.614 51.25 80.632 51.278 80.665 51.3 80.683 51.302
80.882 51.285 80.906 51.284 80.914 51.27 80.916 51.235 80.924 51.216 80.936 51.206 81.022 51.177 81.07 51.172
80.843 51.258 80.882 51.285
80.476 51.21 80.561 51.202
80.32 50.914 80.36 50.919 80.403 50.934 80.439 50.958 80.459 50.993 80.465 51.026 80.461 51.059 80.452 51.073 80.411 51.105 80.408 51.136 80.422 51.188 80.452 51.208 80.476 51.21
81.113 51.196 81.152 51.187 81.159 51.174 81.156 51.157 81.081 51.031 81.052 50.956 81.058 50.947 81.104 50.937
81.07 51.172 81.113 51.196
53.909 51.19 53.936 51.186 53.975 51.166 53.994 51.153 54.018 51.119 54.04 51.11 54.092 51.105 54.112 51.096 54.13 51.042 54.149 51.01 54.145 50.993 54.177 50.968 54.234 50.943 54.276 50.904 54.3 50.895 54.381 50.885 54.42 50.864 54.479 50.853 54.486 50.845 54.485 50.825 54.422 50.769 54.407 50.685 54.38 50.619 54.384 50.6 54.4 50.579 54.436 50.548 54.479 50.526 54.499 50.523
53.858 51.185 53.909 51.19
58.308 51.15 58.366 51.109 58.378 51.071 58.398 51.064 58.52 51.062 58.563 51.049 58.595 51.023 58.603 50.981 58.596 50.962 58.547 50.912 58.56 50.875 58.571 50.864 58.59 50.861
58.168 51.055 58.191 51.066 58.224 51.123 58.308 51.15
57.796 51.123 57.858 51.103
57.689 50.897 57.722 50.909 57.737 50.938 57.728 51.037 57.734 51.074 57.769 51.12 57.796 51.123
49.46 51.116 49.54 51.101
48.786 50.591 48.83 50.596 49.013 50.683 49.102 50.758 49.144 50.782 49.284 50.804 49.369 50.827 49.408 50.848 49.424 50.882 49.405 50.914 49.347 50.964 49.359 50.993 49.393 51.034 49.411 51.086 49.437 51.112 49.46 51.116
57.912 51.103 57.96 51.077
57.858 51.103 57.912 51.103
57.154 51.1 57.168 51.094 57.181 51.073 57.197 51.017 57.214 51.01 57.256 51.006 57.273 50.997 57.298 50.965 57.319 50.913 57.334 50.897 57.353 50.886 57.443 50.858
57.025 51.063 57.072 51.07 57.154 51.1
58.077 51.098 58.089 51.092 58.091 51.076 58.114 51.065 58.168 51.055
57.96 51.077 58.002 51.09 58.077 51.098
56.76 51.08 56.839 51.051
56.688 50.969 56.707 50.97 56.71 50.982 56.682 51.031 56.68 51.05 56.716 51.072 56.76 51.08
56.478 51.073 56.508 51.066 56.597 50.984 56.688 50.969
56.289 50.88 56.315 50.884 56.336 50.896 56.35 50.948 56.365 50.958 56.416 50.963 56.432 50.976 56.421 51.034 56.447 51.057 56.478 51.073
56.941 51.068 57.025 51.063
56.839 51.051 56.941 51.068
54.662 51.028 54.707 51.016 54.746 50.993 54.812 50.972 54.894 50.912 55.048 50.884 55.063 50.862 55.061 50.823 55.084 50.797 55.305 50.665 55.348 50.651
54.499 50.523 54.591 50.542 54.648 50.573 54.676 50.603 54.674 50.634 54.639 50.707 54.65 50.786 54.627 50.812 54.652 50.846 54.638 50.886 54.584 50.906 54.526 50.916 54.503 50.928 54.546 50.953 54.525 50.991 54.534 51.003 54.638 51.028 54.662 51.028
83.324 51.002 83.434 50.993 83.462 50.964 83.498 50.945 83.61 50.932 83.713 50.882 83.8 50.876 83.838 50.856 83.883 50.812 83.922 50.801 83.951 50.78 83.95 50.718 83.976 50.686 84.102 50.629 84.133 50.601 84.151 50.553 84.186 50.528 84.196 50.511 84.198 50.493 84.177 50.439 84.192 50.408 84.239 50.345 84.24 50.278 84.25 50.26 84.304 50.243 84.331 50.213 84.369 50.212
83.18 50.987 83.324 51.002
83.127 50.995 83.18 50.987
82.976 50.882 83.021 50.892 83.058 50.917 83.086 50.953 83.108 50.993 83.127 50.995
81.277 50.963 81.401 50.959 81.401 50.923 81.416 50.89 81.466 50.834 81.426 50.788 81.419 50.762 81.431 50.741 81.46 50.73
81.104 50.937 81.159 50.938 81.277 50.963
57.556 50.919 57.689 50.897
57.443 50.858 57.491 50.867 57.533 50.91 57.556 50.919
80.28 50.917 80.32 50.914
80.119 50.815 80.143 50.817 80.155 50.827 80.181 50.876 80.235 50.893 80.258 50.911 80.28 50.917
56.175 50.909 56.289 50.88
55.66 50.53 55.694 50.539 55.765 50.587 55.932 50.647 56.079 50.725 56.1 50.748 56.148 50.892 56.158 50.906 56.175 50.909
82.765 50.907 82.844 50.892 82.976 50.882
82.476 50.714 82.604 50.769 82.673 50.79 82.698 50.811 82.7 50.881 82.726 50.901 82.765 50.907
58.641 50.863 58.651 50.853 58.647 50.801 58.664 50.79 58.69 50.788
58.59 50.861 58.641 50.863
60.083 50.857 60.136 50.844 60.152 50.808 60.155 50.771 60.177 50.742 60.245 50.702 60.3 50.685 60.718 50.653
59.725 50.528 59.775 50.534 59.816 50.563 59.859 50.623 59.915 50.674 59.92 50.691 59.915 50.746 59.92 50.763 59.969 50.837 60.021 50.854 60.083 50.857
80.049 50.852 80.119 50.815
80.086 50.752 80.031 50.809 80.015 50.839 80.049 50.852
58.748 50.795 58.768 50.783 58.794 50.738 58.887 50.689 58.926 50.678 59.197 50.663 59.219 50.658 59.259 50.62 59.291 50.615
58.69 50.788 58.748 50.795
81.744 50.785 81.763 50.784 81.801 50.768 81.822 50.766
81.46 50.73 81.674 50.736 81.697 50.745 81.726 50.775 81.744 50.785
81.895 50.774 81.99 50.76 82.073 50.716 82.147 50.702
81.822 50.766 81.895 50.774
82.328 50.752 82.362 50.742
82.288 50.737 82.328 50.752
82.408 50.748 82.476 50.714
82.362 50.742 82.408 50.748
82.256 50.745 82.288 50.737
82.147 50.702 82.199 50.709 82.256 50.745
55.442 50.662 55.491 50.646 55.524 50.601 55.57 50.588 55.617 50.55 55.66 50.53
55.348 50.651 55.442 50.662
48.584 50.65 48.609 50.648 48.74 50.598 48.786 50.591
48.43 49.81 48.479 49.843 48.684 49.895 48.785 49.933 48.862 49.993 48.886 50.02 48.866 50.086 48.852 50.097 48.783 50.111 48.781 50.138 48.789 50.173 48.771 50.211 48.729 50.265 48.701 50.335 48.674 50.478 48.679 50.549 48.673 50.58 48.648 50.602 48.573 50.617 48.568 50.637 48.584 50.65
59.438 50.631 59.498 50.6 59.563 50.58 59.56 50.554 59.535 50.547
59.291 50.615 59.386 50.63 59.438 50.631
59.535 50.547 59.478 50.552
59.478 50.552 59.452 50.537 59.451 50.522 59.523 50.475
59.673 50.53 59.725 50.528
59.523 50.475 59.555 50.484 59.622 50.524 59.673 50.53
47.599 50.453 47.625 50.441 47.69 50.386 47.749 50.36 47.776 50.33 47.808 50.32 47.874 50.266 47.913 50.244 47.954 50.205 47.993 50.182 48.012 50.142 48.075 50.105 48.096 50.079 48.112 50.022 48.149 49.955 48.2 49.925 48.239 49.865 48.274 49.863
46.479 48.41 46.754 48.914 46.778 48.936 46.888 48.981 46.93 49.004 46.979 49.047 47.021 49.097 47.04 49.15 47.029 49.201 46.979 49.244 46.831 49.318 46.775 49.333 46.9 49.82 46.923 49.861 46.959 49.884 47.177 49.947 47.246 49.992 47.309 50.045 47.329 50.073 47.328 50.109 47.273 50.158 47.265 50.186 47.276 50.2 47.313 50.222 47.322 50.237 47.317 50.253 47.295 50.275 47.306 50.295 47.392 50.323 47.406 50.334 47.439 50.383 47.47 50.412 47.511 50.437 47.557 50.453 47.599 50.453
84.441 50.245 84.505 50.205 84.536 50.191 84.569 50.186
84.369 50.212 84.441 50.245
84.606 50.187 84.642 50.185 84.689 50.151 84.72 50.137 84.738 50.135
84.569 50.186 84.606 50.187
84.773 50.138 84.802 50.124 84.826 50.087 84.839 50.081
84.738 50.135 84.773 50.138
84.888 50.097 84.976 50.075 85.02 50.033 85.028 50.021 85.025 50.004 84.955 49.99 84.955 49.907 84.976 49.894 85.033 49.885 85.056 49.873 85.071 49.85 85.082 49.8 85.163 49.734 85.185 49.705 85.195 49.626 85.224 49.596 85.263 49.582
84.839 50.081 84.888 50.097
48.303 49.867 48.36 49.834 48.43 49.81
48.274 49.863 48.303 49.867
86.61 49.796 86.642 49.794 86.7 49.778
86.558 49.741 86.585 49.76 86.61 49.796
86.748 49.783 86.759 49.779 86.76 49.768 86.738 49.735 86.741 49.723 86.776 49.695 86.736 49.672 86.668 49.664 86.647 49.654 86.596 49.602 86.592 49.587 86.619 49.558 86.643 49.547 86.664 49.547
86.7 49.778 86.748 49.783
86.546 49.743 86.558 49.741
86.177 49.463 86.214 49.496 86.272 49.584 86.329 49.61 86.392 49.625 86.475 49.671 86.483 49.686 86.473 49.708 86.546 49.743
85.597 49.619 85.615 49.617 85.628 49.606 85.642 49.577 85.656 49.565 85.673 49.56
85.476 49.583 85.531 49.589 85.597 49.619
85.384 49.616 85.476 49.583
85.263 49.582 85.303 49.59 85.342 49.608 85.384 49.616
85.726 49.573 85.765 49.567 85.809 49.537
85.673 49.56 85.726 49.573
85.9 49.564 85.941 49.56 85.931 49.493 85.946 49.481 85.963 49.479
85.809 49.537 85.861 49.557 85.9 49.564
86.71 49.554 86.733 49.551 86.824 49.509 86.814 49.45 86.829 49.433 86.933 49.39 86.905 49.352 86.913 49.339 87.013 49.281 87.025 49.249 87.076 49.237
86.664 49.547 86.71 49.554
86.07 49.526 86.112 49.52 86.137 49.493 86.177 49.463
85.963 49.479 85.98 49.483 86.028 49.516 86.07 49.526
87.16 49.242 87.218 49.23 87.272 49.205 87.288 49.184 87.308 49.114 87.324 49.085
87.076 49.237 87.16 49.242
47.36 47.683 47.174 47.771 47.124 47.808 47.119 47.82 47.125 47.832 47.159 47.872 47.122 47.915 47.044 47.986 47.137 48.027 47.178 48.052 47.192 48.072 47.174 48.084 47.119 48.088 47.104 48.101 47.116 48.154 47.109 48.174 47.075 48.205 47.112 48.242 47.112 48.251 47.099 48.265 47.078 48.275 46.479 48.41
47.65 47.766 47.435 47.834 47.412 47.836
47.412 47.836 47.394 47.827 47.389 47.812 47.383 47.705 47.374 47.686 47.36 47.683
48.764 46.683 48.917 46.703 48.948 46.72 49.006 46.769 48.697 47.101 48.525 47.41 48.438 47.429 48.411 47.446 48.361 47.493 48.174 47.713 48.112 47.749 48.044 47.77
48.044 47.77 47.65 47.766
48.618 46.77 48.677 46.758 48.713 46.729 48.74 46.691 48.764 46.683
48.844 46.479 48.82 46.479 48.705 46.55 48.665 46.557 48.573 46.558 48.539 46.568 48.563 46.591 48.547 46.599 48.539 46.628 48.53 46.638 48.493 46.653 48.455 46.661 48.479 46.683 48.506 46.733 48.557 46.762 48.618 46.77
49.227 46.328 49.033 46.405 48.918 46.474 48.897 46.482 48.869 46.482
48.869 46.482 48.844 46.479
35.612 32.682 35.636 32.679 35.685 32.711 35.758 32.744
36.807 32.313 38.057 32.994 38.775 33.372
35.77 32.748 35.788 32.734 35.896 32.713 35.927 32.692
35.758 32.744 35.77 32.748
35.94 32.693 35.946 32.684 35.941 32.674
35.927 32.692 35.94 32.693
35.941 32.674 35.937 32.674
35.937 32.674 35.966 32.654
35.98 32.657 36.004 32.655 36.008 32.644 36.006 32.608 36.06 32.533 36.066 32.517 36.096 32.516
35.966 32.654 35.98 32.657
36.177 32.527 36.285 32.457 36.388 32.379 36.464 32.369 36.48 32.361 36.654 32.343 36.69 32.32
36.156 32.515 36.177 32.527
36.133 32.52 36.156 32.515
36.096 32.516 36.133 32.52
36.707 32.328 36.807 32.313
36.69 32.32 36.707 32.328
34.248 31.211 34.33 30.994 34.48 30.651 34.502 30.572 34.504 30.53 34.51 30.513 34.536 30.482 34.527 30.439 34.527 30.41 34.599 30.345 34.733 30.013 34.741 29.94 34.824 29.742 34.85 29.639 34.848 29.57 34.855 29.546 34.887 29.49
34.2 31.314 34.225 31.276 34.248 31.211
39.158 32.121 40.029 31.994
39.146 32.118 39.158 32.121
40.029 31.994 40.37 31.938 40.424 31.921 42.075 31.08 42.859 30.495 44.692 29.202 44.717 29.193 46.357 29.063
46.357 29.063 46.532 29.096
38.963 31.994 38.998 32.007 39.117 32.103 39.146 32.118
36.016 29.19 36.044 29.191 36.069 29.2 36.477 29.495 36.705 29.831 36.729 29.854 36.756 29.866 37.47 29.995 37.492 30.011 37.648 30.331 37.671 30.348 37.981 30.499 37.48 31.007 36.96 31.491 37.95 31.744 38.963 31.994
34.949 29.352 36.016 29.19
47.433 28.995 46.532 29.096
47.668 28.534 47.66 28.56 47.597 28.609 47.582 28.631 47.558 28.691 47.55 28.771 47.494 28.904 47.433 28.995
48.433 28.54 47.668 28.534
38.775 33.372 39.057 32.497 38.978 32.475 39.029 32.328 39.036 32.313 39.046 32.308
39.236 32.353 39.256 32.343 39.292 32.245 39.266 32.213 39.146 32.126 39.146 32.118
39.046 32.308 39.236 32.353
42.357 37.11 42.377 37.077 42.377 37.062 42.282 36.994 41.817 36.6 41.79 36.589 41.415 36.527 41.385 36.516 41.365 36.494 41.277 36.355 41.269 36.328 41.237 36.077 41.241 36.043 41.266 35.994
41.266 35.994 41.344 35.858 41.355 35.826 41.364 35.655 41.358 35.624 41.342 35.594 41.261 35.494 41.252 35.464 41.243 35.367 41.201 35.243 41.192 35.182 41.204 34.793 41.196 34.768 40.988 34.429 40.965 34.402 40.936 34.386 40.69 34.331 38.775 33.372
51.979 18.996 52.73 17.3 52.721 17.298 52.736 17.289 52.791 17.281 52.802 17.267 53.09 16.642
52.09 19.033 51.979 18.996
55.187 22.704 55.627 22.024 55.637 22.002 55.638 21.979 54.978 19.995 52.09 19.033
51.569 24.256 51.576 24.218 51.573 24.128 51.579 24.102 51.594 24.078 52.538 22.955 52.558 22.939 52.583 22.931 55.105 22.621
55.105 22.621 55.12 22.623 55.187 22.704
47.129 16.943 47.191 16.959 47.428 17.092 47.458 17.131 47.572 17.432 47.589 17.463 48.162 18.149 49.036 18.58 49.129 18.612 51.979 18.996
43.435 17.523 43.503 17.513 43.577 17.483 43.62 17.459 43.689 17.384 43.731 17.352 43.769 17.346
43.163 16.662 43.18 16.665 43.186 16.683 43.169 16.737 43.183 16.758 43.209 16.773 43.212 16.797 43.194 16.815 43.157 16.825 43.146 16.834 43.113 16.91 43.109 16.927 43.136 17.01 43.136 17.031 43.118 17.086 43.145 17.147 43.156 17.21 43.177 17.226 43.249 17.252 43.252 17.272 43.242 17.293 43.222 17.308 43.165 17.326 43.216 17.387 43.303 17.459 43.391 17.512 43.435 17.523
44.646 17.432 45.165 17.428 45.222 17.417 45.385 17.326 45.43 17.312 46.323 17.224
44.534 17.403 44.562 17.404 44.646 17.432
44.404 17.419 44.465 17.416 44.534 17.403
44.212 17.391 44.307 17.409 44.404 17.419
44.149 17.405 44.212 17.391
44.085 17.343 44.104 17.352 44.134 17.395 44.149 17.405
44.004 17.368 44.085 17.343
43.915 17.302 43.939 17.305 43.982 17.357 44.004 17.368
43.887 17.354 43.893 17.351 43.894 17.312 43.915 17.302
43.846 17.346 43.887 17.354
43.806 17.35 43.846 17.346
43.769 17.346 43.806 17.35
46.71 17.275 46.747 17.255 46.97 16.957 46.983 16.949 47.129 16.943
46.323 17.224 46.71 17.275
43.098 16.678 43.163 16.662
42.789 16.371 42.872 16.402 42.898 16.419 42.907 16.435 42.907 16.479 42.971 16.496 43.036 16.536 43.049 16.553 43.075 16.619 43.085 16.673 43.098 16.678
23.981 19.496 15.985 23.445
15.985 23.445 15.965 23.442 14.98 22.996
11.969 23.517 13.482 23.18 13.6 23.119 14.216 22.616
14.216 22.616 14.232 22.618 14.98 22.996
4.229 19.142 5.749 19.434 5.794 19.45 5.838 19.479 7.021 20.495 7.483 20.873 11.969 23.517
-8.682 27.285 -5.516 25.423 -4.822 24.995
13.607 13.704 13.482 14.26 13.449 14.38 13.449 14.439 13.482 14.484 13.544 14.511 13.624 14.521 13.658 14.549 13.667 14.586 13.66 14.624 13.645 14.644 13.71 14.705 13.764 14.719 13.773 14.743 13.772 14.763 13.758 14.806 13.755 14.847 13.834 15.02 14.369 15.75 15.452 16.876 15.472 16.917 15.736 19.904 15.767 19.982 15.97 20.336 15.968 20.353 15.954 20.375 15.669 20.672 15.57 20.752 15.544 20.799 15.536 20.844 15.544 20.89 15.569 20.929 15.609 20.951 15.301 21.401 15.267 21.441 15.2 21.476 15.185 21.491 15.172 21.993 14.98 22.996
33.977 4.22 34.381 4.62
31.435 21.995 33.159 21.995
36.041 4.444 36.018 4.449 35.94 4.508 35.934 4.522 35.936 4.579 35.923 4.602 35.921 4.619
36.277 4.436 36.236 4.45
36.236 4.45 36.041 4.444
36.651 4.431 36.62 4.443
36.62 4.443 36.277 4.436
37.048 4.332 37.016 4.371 36.975 4.38 36.904 4.416 36.844 4.432
36.844 4.432 36.651 4.431
37.1 4.284 37.092 4.29 37.083 4.322 37.068 4.333
37.068 4.333 37.048 4.332
41.215 3.937 41.163 3.943 41.115 3.962 41.07 3.997 41.006 4.087 40.98 4.111 40.898 4.146 40.846 4.215 40.786 4.256 40.764 4.285
40.764 4.285 40.701 4.244 40.383 4.121 40.366 4.095 40.183 4.032
38.114 3.611 38.102 3.613 38.079 3.633 38.036 3.649 37.977 3.726 37.106 4.284
37.106 4.284 37.1 4.284
40.183 4.032 40.167 4.035
40.167 4.035 40.162 4.019 39.848 3.867 39.828 3.843 39.764 3.686 39.745 3.661 39.601 3.529 39.575 3.498 39.553 3.431 39.536 3.405 39.504 3.403
41.836 3.949 41.791 3.958 41.747 3.981 41.7 3.997
41.7 3.997 41.643 3.969
41.643 3.969 41.586 3.984
41.586 3.984 41.43 3.949 41.215 3.937
41.885 3.977 41.836 3.949
38.574 3.605 38.547 3.61 38.533 3.633 38.509 3.651
38.509 3.651 38.499 3.647 38.497 3.624 38.446 3.602 38.39 3.597
38.895 3.514 38.722 3.56 38.704 3.57 38.661 3.622
38.661 3.622 38.66 3.594
38.39 3.597 38.177 3.621
38.177 3.621 38.114 3.611
38.66 3.594 38.602 3.599 38.594 3.611
38.594 3.611 38.574 3.605
39.219 3.469 39.18 3.477 39.068 3.527
39.068 3.527 38.995 3.514
38.995 3.514 38.963 3.522
38.963 3.522 38.895 3.514
39.504 3.403 39.488 3.414 39.467 3.452 39.436 3.462 39.311 3.466 39.321 3.485 39.316 3.495 39.303 3.496
39.303 3.496 39.258 3.47 39.219 3.469
-2.516 32.132 -1.25 32.082
-3.549 31.67 -3.219 31.718 -3.003 31.774 -2.828 31.795 -2.939 32.049 -2.881 32.076 -2.696 32.09 -2.516 32.132
-1.25 32.082 -1.21 32.09
-3.591 31.678 -3.549 31.67
-3.811 31.143 -3.827 31.144 -3.839 31.153 -3.843 31.17 -3.815 31.221 -3.819 31.319 -3.815 31.337 -3.747 31.385 -3.673 31.389 -3.66 31.648 -3.591 31.678
-5.637 29.495 -5.54 29.523 -5.435 29.642 -5.344 29.768 -5.274 29.887 -5.176 29.977 -5.071 30.04 -4.876 30.18 -4.771 30.229 -4.624 30.285 -4.484 30.383 -4.372 30.509 -4.275 30.558 -4.156 30.586 -4.002 30.593 -3.834 30.627 -3.646 30.711 -3.66 30.837 -3.611 30.879 -3.555 30.956 -3.609 31.031 -3.615 31.068 -3.624 31.087 -3.672 31.111 -3.731 31.176 -3.749 31.18
-3.749 31.18 -3.811 31.143
-5.756 29.614 -5.721 29.523 -5.637 29.495
-6.784 29.446 -6.7 29.516 -6.56 29.53 -6.413 29.565 -6.273 29.579 -6.001 29.579 -5.756 29.614
-7.07 29.516 -6.958 29.509 -6.784 29.446
-7.35 29.383 -7.259 29.467 -7.147 29.509 -7.07 29.516
-7.619 29.389 -7.506 29.38
-8.682 27.661 -8.682 28.666 -8.679 28.693 -8.668 28.712 -8.649 28.726 -8.521 28.787 -8.476 28.819 -8.43 28.841 -8.383 28.906 -8.368 28.917 -8.317 28.939 -8.25 28.995 -8.182 29.036 -8.07 29.079 -8.036 29.1 -7.945 29.176 -7.839 29.239 -7.778 29.289 -7.73 29.311 -7.654 29.376 -7.619 29.389
-7.463 29.389 -7.35 29.383
-7.506 29.38 -7.463 29.389
-17.057 20.767 -17.081 20.875 -17.077 20.905 -17.047 21.027 -17.005 21.142 -16.968 21.325 -16.959 21.333 -13.015 21.333 -13.093 22.495 -13.106 22.56 -13.155 22.689 -13.165 22.753 -13.152 22.82 -13.12 22.884 -13.015 23.018 -12.619 23.271 -12.558 23.29 -12.39 23.313 -12.354 23.322 -12.135 23.419 -12.033 23.445 -12.019 23.461 -12.015 25.995 -8.707 25.995 -8.688 26 -8.681 26.013 -8.682 27.285
8.52 36.798 8.554 36.804 8.642 36.836 8.643 36.849 8.608 36.891 8.603 36.94
8.483 36.8 8.52 36.798
8.044 33.102 7.983 33.117 7.872 33.184 7.751 33.208 7.725 33.231 7.71 33.278 7.708 33.415 7.693 33.454 7.553 33.659 7.534 33.736 7.499 33.8 7.48 33.894 7.501 33.994 7.504 34.068 7.517 34.095 7.631 34.199 7.67 34.215 7.734 34.224 7.765 34.245 7.812 34.379 7.832 34.414 7.871 34.438 8.094 34.53 8.167 34.579 8.193 34.618 8.229 34.636 8.236 34.648 8.211 34.681 8.213 34.697 8.225 34.712 8.267 34.75 8.269 34.764 8.249 34.902 8.283 34.994 8.3 35.068 8.314 35.103 8.361 35.146 8.431 35.242 8.397 35.264 8.317 35.289 8.294 35.325 8.288 35.366 8.29 35.403 8.301 35.437 8.337 35.508 8.337 35.538 8.324 35.652 8.307 35.685 8.258 35.75 8.246 35.785 8.241 35.828 8.247 35.907 8.272 35.982 8.276 36.037 8.297 36.11 8.317 36.146 8.302 36.202 8.307 36.244 8.354 36.351 8.358 36.43 8.349 36.449 8.296 36.469 8.209 36.478 8.168 36.491 8.17 36.526 8.193 36.549 8.222 36.564 8.287 36.583 8.408 36.643 8.43 36.663 8.453 36.698 8.462 36.733 8.442 36.753 8.407 36.768 8.413 36.784 8.444 36.796 8.483 36.8
9.52 30.229 9.045 32.072 9.02 32.105 8.483 32.435 8.36 32.501 8.331 32.528 8.32 32.561 8.296 32.804 8.283 32.836 8.087 33.094 8.065 33.106
8.065 33.106 8.044 33.102
1.191 20.731 1.155 20.739 1.147 20.751 1.145 20.796 1.168 20.886 1.18 20.995 1.159 21.082 1.147 21.102 -4.516 24.804 -4.821 24.995
1.821 20.294 1.799 20.295 1.778 20.304 1.659 20.398 1.649 20.412 1.65 20.487 1.644 20.523 1.624 20.551 1.56 20.598 1.52 20.617 1.364 20.658 1.347 20.669 1.311 20.723 1.297 20.733 1.273 20.739
1.273 20.739 1.191 20.731
1.913 20.231 1.891 20.232 1.871 20.284 1.855 20.295 1.839 20.296
1.839 20.296 1.821 20.294
3.333 18.976 3.285 18.996 3.226 19.051 3.159 19.082 3.121 19.113 3.104 19.136 3.103 19.154 3.139 19.222 3.174 19.252 3.184 19.308 3.193 19.326 3.251 19.365 3.261 19.388 3.258 19.41 3.226 19.46 3.232 19.495 3.212 19.517 3.199 19.554 3.217 19.794 3.213 19.808 3.183 19.828 3.13 19.845 3.073 19.889 2.946 19.942 2.672 19.996 2.617 19.998 2.515 20.016 2.4 20.057 2.316 20.18 2.28 20.218 2.218 20.264 2.182 20.279
2.182 20.279 2.161 20.275 2.097 20.224 2.071 20.213
2.071 20.213 1.993 20.236 1.955 20.255
1.955 20.255 1.913 20.231
4.229 19.142 3.333 18.976
24.981 21.995 24.981 20.002 24.968 19.995 24.867 19.995
24.867 19.995 24.142 19.995
24.142 19.995 23.981 19.995 23.981 19.496
23.973 15.691 23.984 15.721 23.981 19.496
23.593 15.749 23.708 15.749 23.829 15.731 23.946 15.692 23.973 15.691
23.321 15.681 23.396 15.688 23.527 15.735 23.593 15.749
23.167 15.713 23.321 15.681
22.02 12.631 21.936 12.64 21.901 12.656 21.88 12.676 21.809 12.794 21.853 12.906 21.935 13.059 21.964 13.098 22.016 13.14 22.14 13.194 22.232 13.289 22.268 13.335 22.276 13.376 22.216 13.465 22.211 13.542 22.196 13.58 22.132 13.639 22.114 13.677 22.113 13.73 22.074 13.771 22.075 13.78 22.099 13.819 22.215 13.957 22.244 13.975 22.402 14.049 22.459 14.096 22.531 14.123 22.546 14.14 22.548 14.169 22.532 14.221 22.514 14.231 22.458 14.241 22.429 14.265 22.418 14.306 22.451 14.346 22.439 14.363 22.425 14.47 22.417 14.484 22.386 14.507 22.364 14.544 22.382 14.579 22.423 14.609 22.465 14.629 22.666 14.682 22.677 14.689 22.68 14.712 22.659 14.761 22.651 14.816 22.651 14.842 22.659 14.857 22.715 14.899 22.727 14.959 22.739 14.98 22.829 15.072 22.913 15.122 22.966 15.224 22.978 15.34 22.976 15.374 22.966 15.405 22.907 15.481 22.9 15.51 22.907 15.541 22.926 15.564 23.005 15.611 23.068 15.687 23.095 15.704 23.167 15.713
22.458 12.03 22.484 12.14 22.484 12.165 22.408 12.4 22.375 12.451 22.373 12.463 22.396 12.496 22.446 12.611 22.432 12.624 22.33 12.661 22.205 12.743
22.205 12.743 22.176 12.701 22.144 12.671 22.106 12.65 22.02 12.631
22.782 11.399 22.772 11.403 22.769 11.442 22.743 11.466 22.628 11.51 22.592 11.544 22.562 11.586 22.542 11.633 22.537 11.681 22.593 11.989 22.611 12.04 22.612 12.073 22.607 12.078
22.607 12.078 22.599 12.063
22.599 12.063 22.586 12.071
22.586 12.071 22.481 12.044 22.458 12.03
22.861 10.919 22.9 11.06 22.922 11.087 22.929 11.138 22.956 11.209 22.954 11.251 22.928 11.325 22.915 11.396 22.9 11.408 22.877 11.409
22.877 11.409 22.782 11.399
25.151 31.656 25.088 31.614 25.06 31.579 25.024 31.494 24.861 31.38 24.849 31.349 24.859 31.146 24.883 31.039 24.925 30.957 24.938 30.906 24.981 30.825 24.995 30.785 24.989 30.751 24.961 30.676 24.951 30.621 24.92 30.552 24.908 30.499 24.83 30.388 24.772 30.331 24.689 30.183 24.688 30.144 24.697 30.123 24.726 30.078 24.812 29.891 24.815 29.849 24.798 29.796 24.805 29.755 24.856 29.679 24.871 29.638 24.862 29.542 24.864 29.503 24.874 29.468 24.957 29.293 24.974 29.239 24.981 29.181 24.981 21.995
-13.728 12.673 -15.195 12.679
-15.195 12.679 -15.25 12.664 -15.308 12.623 -15.369 12.595 -15.425 12.555 -15.677 12.439 -15.712 12.432
-15.973 12.437 -16.055 12.461 -16.091 12.464
-16.091 12.464 -16.166 12.451 -16.182 12.443
-16.182 12.443 -16.222 12.455
-16.222 12.455 -16.412 12.362 -16.463 12.361 -16.533 12.348
-15.712 12.432 -15.894 12.443
-15.894 12.443 -15.973 12.437
-16.533 12.348 -16.669 12.357
-16.669 12.357 -16.706 12.348 -16.728 12.333
41.885 3.977 41.343 3.201 40.98 2.842 40.965 2.814 40.968 -0.003 40.98 -0.871 41.523 -1.573 41.539 -1.614 41.535 -1.696
33.985 -1.002 34 -1.003 34.002 -1.029 34.015 -1.038 34.053 -1.04 37.645 -3.046 37.66 -3.071 37.7 -3.314 37.682 -3.316 37.672 -3.324 37.67 -3.356 37.651 -3.358 37.627 -3.37 37.585 -3.413 37.579 -3.446 37.587 -3.454 37.603 -3.456 37.608 -3.464 37.596 -3.5 37.599 -3.513
33.904 -1.003 33.985 -1.002
37.647 -3.511 37.689 -3.518 37.722 -3.54 37.747 -3.617 37.771 -3.655 39.191 -4.678
37.599 -3.513 37.647 -3.511
30.777 -0.986 30.828 -1.003
30.639 -1.073 30.687 -1.025 30.777 -0.986
30.828 -1.003 33.904 -1.003
30.481 -1.059 30.493 -1.06 30.512 -1.073
30.473 -1.066 30.481 -1.059
30.593 -1.063 30.639 -1.073
30.512 -1.073 30.593 -1.063
9.991 2.166 9.971 2.169 9.907 2.2 9.872 2.211 9.824 2.249 9.811 2.265 9.811 2.325 9.8 2.342
11.322 2.166 9.991 2.166
11.336 0.999 11.33 2.127 11.322 2.166
10.029 1.004 11.336 0.999
9.944 0.925 9.96 0.928 9.972 0.94 9.981 0.997 10.029 1.004
9.804 0.998 9.85 0.989 9.909 0.935 9.944 0.925
3.507 15.354 3.517 15.469 3.527 15.496 3.614 15.548 3.692 15.631 3.729 15.651 3.808 15.666 3.846 15.685 3.871 15.715 3.894 15.789 3.91 15.905 3.925 15.928 3.983 15.984 3.984 15.999 3.971 16.031 3.967 16.059 3.971 16.086 4.061 16.298 4.095 16.341 4.176 16.393 4.184 16.416 4.182 16.81 4.202 16.849 4.198 16.965 4.204 16.983 4.236 16.996 4.229 19.142
3.073 15.427 3.507 15.354
0.67 14.94 0.711 14.947 0.769 14.969 0.922 14.974 0.974 14.991 1.271 15.26 1.298 15.276 1.332 15.284 3 15.339 3.01 15.418 3.034 15.426 3.073 15.427
0.221 14.996 0.353 14.963 0.387 14.963
0.218 14.911 0.213 14.985 0.221 14.996
0.515 14.994 0.67 14.94
0.387 14.963 0.484 14.992 0.515 14.994
42.924 10.999 42.894 10.92 42.877 10.906 42.835 10.888 42.819 10.873 42.801 10.821 42.738 10.76 42.712 10.675 42.7 10.659 42.647 10.632 42.649 10.611 42.695 10.525 42.766 10.452 42.777 10.425 42.789 10.333 42.808 10.269 42.836 10.208 42.862 10.177 42.958 10.116 42.982 10.092 43 10.062 43.04 9.95 43.068 9.923 43.104 9.908 43.15 9.9 43.187 9.883 43.206 9.851 43.235 9.692 43.249 9.652 43.271 9.628 43.306 9.618 43.332 9.575 43.371 9.544 43.399 9.481 43.406 9.429 43.419 9.413 43.548 9.336 43.567 9.334
43.607 9.345 43.985 9.008 44.024 8.986 45.514 8.497
43.567 9.334 43.607 9.345
45.514 8.497 46.921 8.026 46.979 7.997 47.068 7.997
47.068 7.997 47.979 7.997
-14.912 16.641 -14.931 16.643 -14.95 16.672 -14.974 16.691
-14.974 16.691 -15.007 16.676 -15.024 16.64 -15.044 16.632
-15.044 16.632 -15.079 16.665 -15.093 16.669
-15.093 16.669 -15.108 16.665 -15.118 16.643 -15.093 16.608 -15.097 16.594 -15.125 16.583 -15.249 16.566
-14.326 16.582 -14.335 16.586 -14.337 16.594 -14.332 16.613 -14.336 16.632 -14.407 16.661
-14.407 16.661 -14.426 16.66 -14.472 16.636 -14.493 16.632
-14.711 16.636 -14.882 16.648
-14.882 16.648 -14.912 16.641
-14.608 16.629 -14.656 16.646
-14.656 16.646 -14.711 16.636
-14.493 16.632 -14.544 16.641
-14.544 16.641 -14.608 16.629
-13.827 16.119 -13.853 16.133 -13.884 16.194 -13.908 16.21 -13.964 16.23 -13.968 16.246 -13.963 16.272 -13.979 16.3 -13.971 16.324 -13.978 16.338 -14.016 16.356 -14.04 16.382 -14.073 16.401 -14.214 16.535 -14.268 16.548 -14.278 16.581 -14.288 16.586
-14.288 16.586 -14.326 16.582
-15.415 16.548 -15.427 16.553 -15.449 16.58 -15.464 16.581
-15.464 16.581 -15.491 16.565 -15.525 16.522 -15.551 16.515
-15.249 16.566 -15.296 16.573
-15.296 16.573 -15.344 16.569 -15.386 16.552 -15.415 16.548
-16.031 16.493 -16.074 16.505 -16.11 16.547 -16.132 16.555
-16.132 16.555 -16.207 16.521
-16.207 16.521 -16.251 16.528
-16.251 16.528 -16.274 16.523 -16.295 16.511 -16.327 16.475 -16.381 16.247 -16.392 16.225 -16.407 16.215 -16.444 16.206 -16.459 16.194 -16.466 16.174 -16.47 16.106 -16.508 16.01 -16.51 15.902 -16.52 15.846 -16.542 15.809
-15.551 16.515 -15.594 16.524
-15.594 16.524 -15.61 16.521 -15.657 16.486 -15.688 16.481
-15.862 16.51 -15.897 16.518
-15.897 16.518 -15.958 16.498
-15.688 16.481 -15.735 16.498 -15.768 16.499 -15.829 16.515
-15.829 16.515 -15.862 16.51
-15.958 16.498 -15.986 16.506
-15.986 16.506 -16.031 16.493
-13.669 16.106 -13.72 16.136 -13.723 16.146 -13.711 16.189 -13.72 16.19
-13.72 16.19 -13.747 16.182 -13.779 16.143 -13.811 16.122 -13.827 16.119
-13.492 16.088 -13.502 16.095 -13.5 16.111 -13.483 16.141 -13.485 16.155 -13.492 16.156
-13.492 16.156 -13.607 16.123 -13.635 16.122 -13.669 16.106
-13.238 15.623 -13.249 15.657 -13.229 15.697 -13.228 15.711 -13.251 15.743 -13.286 15.77 -13.28 15.823 -13.294 15.855 -13.316 15.882 -13.316 15.93 -13.37 15.985 -13.384 16.019 -13.389 16.052 -13.422 16.077 -13.44 16.102 -13.455 16.102
-13.455 16.102 -13.492 16.088
-13.053 15.485 -13.09 15.497 -13.095 15.523 -13.089 15.561 -13.099 15.587 -13.122 15.603 -13.153 15.612 -13.178 15.628 -13.193 15.629
-13.193 15.629 -13.238 15.623
-12.85 15.267 -12.833 15.27 -12.828 15.284 -12.835 15.3 -12.919 15.365 -12.931 15.397 -12.933 15.438 -12.951 15.465 -12.958 15.502 -12.98 15.516
-12.98 15.516 -12.996 15.514 -13.039 15.487 -13.053 15.485
-12.884 15.271 -12.85 15.267
-12.838 15.219 -12.857 15.222 -12.888 15.251 -12.894 15.263 -12.884 15.271
-12.69 15.092 -12.717 15.103 -12.755 15.139 -12.78 15.146 -12.785 15.166 -12.782 15.207 -12.806 15.223
-12.806 15.223 -12.838 15.219
-12.264 14.775 -12.32 14.817 -12.382 14.846 -12.448 14.907 -12.472 14.998 -12.485 15.017 -12.53 15.034 -12.602 15.079 -12.632 15.105
-12.632 15.105 -12.69 15.092
-4.822 24.995 -6.593 24.994 -5.949 19.496 -5.623 16.528 -5.606 16.496 -5.365 16.335 -5.353 16.312 -5.513 15.493
-8.911 15.495 -9.349 15.496 -9.343 15.587 -9.329 15.655 -9.332 15.688 -9.356 15.698
-9.356 15.698 -9.376 15.686 -9.437 15.615 -9.452 15.588 -9.452 15.559 -9.424 15.441 -9.672 15.431 -9.721 15.421 -9.797 15.38 -9.836 15.371
-10.915 15.103 -10.948 15.152 -10.985 15.187 -11.013 15.24 -11.045 15.27 -11.298 15.451 -11.41 15.602 -11.435 15.623 -11.458 15.633 -11.515 15.644
-11.515 15.644 -11.527 15.643 -11.512 15.62 -11.524 15.6 -11.579 15.578 -11.615 15.541 -11.644 15.526
-11.644 15.526 -11.727 15.541
-11.727 15.541 -11.729 15.496 -11.755 15.469 -11.783 15.366 -11.821 15.28 -11.827 15.233 -11.846 15.179 -11.845 15.125 -11.861 15.049 -11.851 15.042
-8.47 15.495 -8.689 15.495
-8.689 15.495 -8.911 15.495
-7.175 15.495 -8.327 15.495
-8.327 15.495 -8.47 15.495
-5.938 15.494 -7.005 15.495
-7.005 15.495 -7.175 15.495
-5.513 15.493 -5.807 15.494
-5.807 15.494 -5.938 15.494
-10.516 15.438 -10.535 15.442
-10.535 15.442 -10.607 15.424
-10.371 15.434 -10.5 15.44
-10.5 15.44 -10.516 15.438
-10.214 15.402 -10.323 15.437
-10.323 15.437 -10.371 15.434
-10.607 15.424 -10.709 15.434
-10.709 15.434 -10.725 15.433 -10.736 15.423 -10.739 15.362 -10.747 15.341 -10.771 15.325 -10.782 15.308 -10.811 15.303 -10.827 15.288 -10.844 15.235 -10.891 15.177 -10.915 15.103
-10.068 15.365 -10.132 15.373 -10.196 15.405
-10.196 15.405 -10.214 15.402
-9.836 15.371 -9.951 15.381
-9.951 15.381 -10.068 15.365
-11.833 15.049 -11.814 15.029 -11.811 15.014 -11.831 14.926 -11.82 14.9 -11.837 14.893 -11.877 14.842 -11.936 14.824 -11.974 14.78 -12.011 14.763
-11.851 15.042 -11.833 15.049
-12.07 14.734 -12.139 14.785
-12.139 14.785 -12.225 14.763
-12.225 14.763 -12.264 14.775
-12.011 14.763 -12.05 14.767
-12.05 14.767 -12.07 14.734
32.143 -26.846 32.114 -26.84
32.352 -26.86 32.194 -26.84
32.194 -26.84 32.143 -26.846
32.893 -26.846 32.352 -26.86
22.02 -16.253 22.045 -16.252 21.984 -16.166 21.982 -16.144 21.98 -13.001 24.001 -13.001 23.972 -12.933 23.895 -12.85 23.875 -12.822 23.866 -12.79 23.872 -12.75 23.892 -12.705 23.929 -12.562 23.941 -12.533 24.02 -12.419 24.031 -12.385 24.017 -12.279 24.007 -12.254 23.96 -12.197 23.954 -12.152 23.967 -11.883 23.99 -11.824 23.981 -11.725 23.955 -11.662 23.955 -11.637 23.978 -11.577 24.01 -11.523 24.01 -11.459 24.062 -11.407 24.011 -11.273 24.015 -11.13 23.996 -11.127 23.99 -11.114 23.994 -11.02 24.004 -10.982 23.974 -10.921 23.967 -10.872
22.012 -16.252 22.02 -16.253
22.251 -16.67 22.238 -16.665 22.152 -16.598 22.138 -16.553 22.108 -16.544 22.107 -16.512 22.08 -16.458 22.086 -16.422 22.106 -16.379 22.056 -16.365 22.052 -16.327 22.032 -16.306 22.022 -16.266 22.012 -16.252
23.207 -17.541 23.19 -17.537 23.178 -17.524 23.176 -17.478 23.166 -17.467 23.122 -17.451 23.098 -17.432 23.054 -17.375 23.04 -17.337 22.999 -17.294 22.876 -17.248 22.765 -17.17 22.756 -17.155 22.745 -17.108 22.71 -17.055 22.652 -16.999 22.573 -16.971 22.567 -16.937 22.555 -16.924 22.509 -16.906 22.489 -16.865 22.409 -16.746 22.378 -16.735 22.334 -16.674 22.307 -16.669 22.291 -16.656
22.291 -16.656 22.251 -16.67
23.382 -17.641 23.375 -17.615 23.382 -17.601 23.341 -17.561 23.305 -17.54 23.258 -17.533
23.258 -17.533 23.207 -17.541
13.185 -16.964 13.166 -16.951
13.166 -16.951 13.014 -16.978 12.962 -17.007 12.887 -17.03 12.876 -17.06 12.842 -17.074 12.818 -17.105 12.74 -17.136 12.686 -17.174 12.636 -17.185 12.591 -17.223 12.555 -17.236
13.257 -16.982 13.223 -16.978 13.198 -16.957
13.198 -16.957 13.185 -16.964
13.981 -17.424 13.957 -17.419 13.943 -17.408 13.884 -17.339 13.694 -17.237 13.606 -17.167 13.521 -17.122 13.531 -17.093 13.508 -17.064 13.495 -17.024 13.48 -17.01 13.417 -16.994 13.364 -16.964
13.364 -16.964 13.322 -16.975
13.322 -16.975 13.308 -16.97
13.308 -16.97 13.267 -16.985
13.267 -16.985 13.267 -16.978
13.267 -16.978 13.257 -16.982
12.14 -17.156 12.088 -17.139
12.088 -17.139 11.983 -17.162 11.854 -17.233 11.836 -17.245 11.822 -17.264 11.808 -17.266
12.243 -17.225 12.232 -17.202 12.191 -17.183 12.177 -17.155 12.162 -17.146
12.162 -17.146 12.14 -17.156
12.555 -17.236 12.461 -17.223 12.418 -17.203
12.418 -17.203 12.379 -17.22
12.379 -17.22 12.315 -17.218
12.315 -17.218 12.243 -17.225
11.808 -17.266 11.766 -17.253
14.219 -17.388 14.207 -17.388
14.207 -17.388 14.197 -17.413 14.175 -17.416
14.801 -17.388 14.287 -17.388
14.287 -17.388 14.219 -17.388
15.827 -17.389 15.057 -17.388
15.057 -17.388 14.801 -17.388
16.596 -17.389 16.34 -17.389
16.34 -17.389 15.827 -17.389
17.366 -17.389 16.853 -17.389
16.853 -17.389 16.596 -17.389
18.392 -17.389 17.623 -17.389
17.623 -17.389 17.366 -17.389
19.021 -17.822 18.89 -17.799 18.801 -17.757 18.762 -17.748 18.671 -17.653 18.633 -17.629 18.62 -17.595 18.554 -17.546 18.517 -17.471 18.49 -17.462 18.472 -17.414 18.459 -17.405 18.454 -17.39 18.446 -17.389
18.446 -17.389 18.392 -17.389
14.175 -17.416 14.131 -17.409
14.131 -17.409 14.085 -17.424
14.085 -17.424 14.018 -17.409
14.018 -17.409 13.981 -17.424
23.382 -17.641 21.387 -18.014
19.202 -17.807 19.161 -17.801
19.161 -17.801 19.105 -17.818 19.021 -17.822
19.421 -17.859 19.262 -17.814 19.247 -17.804
19.247 -17.804 19.202 -17.807
19.771 -17.89 19.711 -17.873 19.693 -17.848 19.673 -17.843
19.673 -17.843 19.593 -17.857 19.421 -17.859
20.387 -17.89 20.336 -17.855
20.336 -17.855 20.289 -17.862
20.289 -17.862 20.278 -17.855
20.278 -17.855 20.243 -17.883
20.034 -17.896 19.99 -17.883 19.952 -17.862
19.952 -17.862 19.794 -17.862 19.771 -17.89
20.243 -17.883 20.22 -17.873 20.193 -17.872
20.193 -17.872 20.169 -17.878 20.155 -17.89
20.155 -17.89 20.147 -17.883
20.147 -17.883 20.12 -17.891
20.565 -17.985 20.49 -17.942 20.438 -17.894 20.413 -17.884
20.413 -17.884 20.387 -17.89
20.12 -17.891 20.093 -17.89
20.093 -17.89 20.034 -17.896
21.387 -18.014 21.365 -17.992 21.217 -17.931
21.217 -17.931 21.176 -17.933
21.176 -17.933 21.161 -17.931
21.161 -17.931 21.109 -17.945
21.109 -17.945 21.093 -17.938
21.093 -17.938 20.908 -17.986 20.894 -18.013 20.806 -18.031
20.722 -18.006 20.69 -17.997 20.666 -17.98 20.63 -17.977
20.63 -17.977 20.565 -17.985
20.806 -18.031 20.785 -18.013 20.737 -17.993
20.737 -17.993 20.722 -18.006
24.571 -17.533 24.547 -17.527 24.524 -17.508 24.389 -17.471
24.389 -17.471 24.321 -17.489
24.321 -17.489 24.31 -17.483 24.239 -17.478
24.239 -17.478 23.382 -17.641
24.797 -17.519 24.77 -17.505 24.684 -17.492
24.684 -17.492 24.63 -17.496 24.591 -17.528 24.571 -17.533
24.938 -17.561 24.925 -17.543 24.898 -17.531 24.83 -17.518
24.83 -17.518 24.797 -17.519
25.008 -17.589 24.983 -17.577 24.958 -17.552
24.958 -17.552 24.938 -17.561
25.123 -17.698 25.115 -17.684 25.099 -17.677 25.089 -17.643 25.064 -17.622 25.045 -17.62 25.034 -17.608 25.037 -17.581
25.037 -17.581 25.008 -17.589
25.26 -17.794 25.242 -17.77 25.191 -17.755 25.161 -17.729 25.156 -17.707 25.139 -17.686
25.139 -17.686 25.123 -17.698
30.403 -16.001 30.396 -15.636
31.388 -16.15 31.378 -16.142 31.37 -16.124 31.341 -16.107 31.31 -16.059 31.279 -16.03 31.158 -16 31.114 -15.997
31.114 -15.997 31.089 -16.012 31.081 -16.026
30.99 -16.064 30.973 -16.062 30.902 -16.007 30.857 -15.998
30.857 -15.998 30.403 -16.001
31.081 -16.026 31.057 -16.018
31.057 -16.018 31.012 -16.055 30.99 -16.064
32.014 -16.445 31.91 -16.429 31.894 -16.421 31.872 -16.35 31.818 -16.32 31.711 -16.218 31.686 -16.207 31.519 -16.196 31.466 -16.168 31.405 -16.162 31.4 -16.147
31.4 -16.147 31.388 -16.15
32.731 -16.709 32.699 -16.687 32.688 -16.624 32.672 -16.6 32.29 -16.452 32.212 -16.44
32.212 -16.44 32.014 -16.445
32.988 -18.413 33.043 -18.352 33.035 -18.333 32.97 -18.277 32.955 -18.256 32.952 -18.233 32.976 -18.183 32.972 -18.15 32.937 -18.047 32.941 -17.996 32.927 -17.973 32.948 -17.953 32.952 -17.94 32.937 -17.875 32.946 -17.835 32.957 -17.818 32.999 -17.794 33.004 -17.676 33.025 -17.619 33.02 -17.599 33.007 -17.581 32.952 -17.551 32.937 -17.498 32.958 -17.478 33.016 -17.377 33.022 -17.346 32.984 -17.318 32.973 -17.298 32.968 -17.229 32.954 -17.167 32.929 -17.109 32.829 -16.935 32.916 -16.848 32.933 -16.816 32.969 -16.682
32.969 -16.682 32.893 -16.712
32.893 -16.712 32.769 -16.695
32.769 -16.695 32.731 -16.709
32.985 -18.412 32.988 -18.413
32.859 -18.79 32.885 -18.788 32.903 -18.775 32.92 -18.726 32.922 -18.693 32.872 -18.573 32.871 -18.536 32.883 -18.522 32.919 -18.51 32.996 -18.467 33.003 -18.447 32.985 -18.412
32.818 -18.787 32.859 -18.79
32.724 -19.027 32.699 -19.022 32.689 -19.001 32.683 -18.943 32.716 -18.92 32.703 -18.912 32.697 -18.897 32.691 -18.834 32.788 -18.791 32.818 -18.787
32.793 -19.477 32.774 -19.476 32.763 -19.464 32.766 -19.373 32.829 -19.285 32.862 -19.118 32.856 -19.084 32.83 -19.059 32.82 -19.028 32.786 -19.018
32.786 -19.018 32.724 -19.027
32.872 -19.69 32.831 -19.685 32.82 -19.674 32.816 -19.652 32.83 -19.624 32.825 -19.592 32.832 -19.501 32.825 -19.479 32.811 -19.475
32.811 -19.475 32.793 -19.477
33.007 -20.032 32.998 -20.001 33.002 -19.927 33.021 -19.868 33.023 -19.827 33.033 -19.784 32.962 -19.735 32.954 -19.718 32.961 -19.659 32.943 -19.649
32.943 -19.649 32.925 -19.655 32.895 -19.684 32.872 -19.69
32.954 -20.03 33.007 -20.032
32.604 -20.565 32.646 -20.558 32.672 -20.532 32.736 -20.414 32.845 -20.287 32.866 -20.229 32.857 -20.201 32.878 -20.152 32.885 -20.103 32.894 -20.094 32.927 -20.086 32.94 -20.042 32.954 -20.03
32.557 -20.559 32.604 -20.565
32.373 -21.164 32.34 -21.134 32.468 -20.98 32.491 -20.936 32.497 -20.898 32.469 -20.687 32.471 -20.646 32.482 -20.603 32.513 -20.565 32.557 -20.559
32.447 -21.314 32.372 -21.188 32.381 -21.172 32.378 -21.163
32.378 -21.163 32.373 -21.164
32.409 -21.29 32.447 -21.314
31.289 -22.397 31.434 -22.302 32.409 -21.29
14.021 -5.873 13.944 -5.842
13.944 -5.842 13.642 -5.866
16.412 -5.897 16.374 -5.883 16.341 -5.86 16.316 -5.855
16.316 -5.855 14.704 -5.881 14.577 -5.905
13.523 -5.868 13.493 -5.858 13.38 -5.856
13.38 -5.856 13.343 -5.891
13.343 -5.891 13.311 -5.874 13.269 -5.864 13.185 -5.856
13.185 -5.856 13.184 -5.856
13.642 -5.866 13.563 -5.857
13.563 -5.857 13.523 -5.868
14.437 -5.893 14.242 -5.89 14.14 -5.864
14.14 -5.864 14.021 -5.873
16.604 -6.062 16.595 -5.979 16.581 -5.955 16.597 -5.925 16.515 -5.887 16.479 -5.882
16.479 -5.882 16.412 -5.897
14.577 -5.905 14.482 -5.886
14.482 -5.886 14.437 -5.893
16.707 -6.415 16.693 -6.398 16.694 -6.36 16.697 -6.35 16.721 -6.342 16.715 -6.232 16.727 -6.189 16.696 -6.141 16.66 -6.124 16.631 -6.092 16.611 -6.09 16.632 -6.065 16.628 -6.055
16.628 -6.055 16.604 -6.062
16.961 -7.069 16.973 -7.015 16.955 -6.981 16.929 -6.969 16.935 -6.946 16.927 -6.889 16.915 -6.864 16.891 -6.847 16.855 -6.842 16.833 -6.828 16.823 -6.785 16.76 -6.692 16.753 -6.637 16.731 -6.57 16.747 -6.522 16.722 -6.492 16.728 -6.466 16.706 -6.465 16.721 -6.428 16.719 -6.415 16.714 -6.414
16.714 -6.414 16.707 -6.415
20.521 -7.286 20.518 -7.19 20.524 -7.143 20.611 -6.916
20.611 -6.916 20.32 -6.919 20.299 -6.955 20.294 -7.002 19.522 -7.002 19.543 -7.052 19.497 -7.122 19.487 -7.154 19.476 -7.316 19.487 -7.382 19.514 -7.448 19.513 -7.479 19.469 -7.521 19.458 -7.56 19.444 -7.575 19.425 -7.58
16.929 -7.061 16.961 -7.069
17.118 -7.425 17.104 -7.416 17.098 -7.402 17.093 -7.352 17.023 -7.306 16.996 -7.298 16.989 -7.255 16.946 -7.205 16.948 -7.151 16.927 -7.086 16.929 -7.061
21.957 -9.762 21.942 -9.723 21.879 -9.657 21.854 -9.618 21.832 -9.488 21.82 -9.448 21.792 -9.406 21.81 -9.338 21.841 -9.276 21.852 -9.234 21.84 -9.092 21.854 -8.978 21.852 -8.926 21.86 -8.846 21.878 -8.789 21.885 -8.782 21.907 -8.645 21.936 -8.583 21.916 -8.577 21.94 -8.5 21.944 -8.456 21.936 -8.413 21.9 -8.349 21.905 -8.337 21.921 -8.329 21.873 -8.264 21.857 -8.157 21.815 -8.097 21.8 -8.041 21.758 -8.015 21.754 -7.997 21.751 -7.929 21.772 -7.888 21.765 -7.851 21.77 -7.807 21.833 -7.614 21.854 -7.586 21.847 -7.514 21.861 -7.47 21.847 -7.449 21.854 -7.429 21.852 -7.416 21.833 -7.391 21.842 -7.37 21.803 -7.299 21.788 -7.292 21.785 -7.283 21.764 -7.283
21.764 -7.283 20.521 -7.286
17.289 -7.699 17.283 -7.644 17.286 -7.625 17.218 -7.586 17.203 -7.564 17.186 -7.516 17.146 -7.463 17.152 -7.451 17.18 -7.435 17.177 -7.428 17.132 -7.41
17.132 -7.41 17.118 -7.425
19.425 -7.58 19.356 -7.574
19.356 -7.574 19.354 -7.6 19.381 -7.68 19.381 -7.704 19.334 -7.867 19.331 -7.899 19.356 -8.002 18.774 -8.002
17.426 -7.875 17.421 -7.844 17.391 -7.839 17.4 -7.823 17.381 -7.823 17.375 -7.792 17.342 -7.784 17.316 -7.754 17.311 -7.741 17.32 -7.714 17.304 -7.707 17.308 -7.702 17.304 -7.692
17.304 -7.692 17.289 -7.699
17.468 -7.96 17.463 -7.95 17.468 -7.939 17.434 -7.916 17.452 -7.884 17.441 -7.871
17.441 -7.871 17.426 -7.875
18.589 -7.932 18.517 -7.932
18.517 -7.932 18.504 -7.941 18.508 -7.998 18.488 -7.998
18.774 -8.002 18.752 -7.966 18.747 -7.938 18.739 -7.932
18.739 -7.932 18.589 -7.932
17.6 -8.099 17.544 -8.085 17.537 -8.076 17.528 -8.061 17.54 -8.032 17.537 -8.015 17.496 -7.987 17.482 -7.946
17.482 -7.946 17.468 -7.96
18.367 -8.017 18.316 -8.002 18.193 -7.997
18.193 -7.997 18.102 -8.033 18.093 -8.056 18.098 -8.109 18.009 -8.111
18.488 -7.998 18.482 -7.997
18.482 -7.997 18.404 -8.001 18.367 -8.017
18.009 -8.111 17.982 -8.105 17.931 -8.062 17.901 -8.048 17.868 -8.044
17.868 -8.044 17.777 -8.083
17.777 -8.083 17.743 -8.071 17.713 -8.068
17.713 -8.068 17.628 -8.098 17.6 -8.099
22.066 -9.881 21.998 -9.809 21.986 -9.781 21.984 -9.749
21.984 -9.749 21.957 -9.762
22.238 -11.25 22.252 -11.209 22.256 -11.167 22.244 -11.078 22.217 -11.013 22.196 -10.992 22.196 -10.954 22.166 -10.869 22.165 -10.852 22.183 -10.83 22.224 -10.797 22.31 -10.77 22.319 -10.761 22.319 -10.704 22.326 -10.695 22.31 -10.669 22.306 -10.551 22.274 -10.503 22.272 -10.482 22.301 -10.425 22.313 -10.369 22.203 -10.131 22.21 -10.098 22.16 -9.931 22.146 -9.916 22.08 -9.872
22.08 -9.872 22.066 -9.881
23.967 -10.872 23.949 -10.882 23.928 -10.945 23.888 -10.974 23.867 -11.016 23.834 -11.028
23.675 -11.007 23.642 -11.004 23.495 -10.964 23.456 -10.961
23.456 -10.961 23.415 -10.963 23.373 -10.975 23.197 -11.072 23.014 -11.102 22.97 -11.102
23.834 -11.028 23.714 -11.004
23.714 -11.004 23.675 -11.007
22.728 -11.097 22.651 -11.082 22.538 -11.037
22.538 -11.037 22.501 -11.042 22.469 -11.122 22.44 -11.147 22.34 -11.18 22.282 -11.237 22.263 -11.248 22.238 -11.25
22.97 -11.102 22.931 -11.097 22.853 -11.053 22.829 -11.052
22.829 -11.052 22.764 -11.09 22.728 -11.097
19.981 -24.752 19.982 -28.422
25.26 -17.794 25.194 -17.782 25.154 -17.782
25.154 -17.782 25.121 -17.814 25.088 -17.827 25.057 -17.828
24.983 -17.82 24.958 -17.801 24.964 -17.787
24.964 -17.787 24.953 -17.788 24.931 -17.811 24.821 -17.839 24.797 -17.858 24.771 -17.866 24.765 -17.88 24.731 -17.892 24.698 -17.929 24.649 -17.963 24.575 -18.05 24.506 -18.06
25.057 -17.828 25.047 -17.807
25.047 -17.807 25.007 -17.826
25.007 -17.826 24.999 -17.814
24.999 -17.814 24.983 -17.82
24.506 -18.06 24.472 -18.03 24.47 -18.014 24.451 -17.999 24.422 -17.956 24.365 -17.951
24.365 -17.951 24.334 -17.972 24.296 -18.026
23.419 -18.198 23.396 -18.191 23.396 -18.163 23.36 -18.119 23.337 -18.079 23.334 -18.043 23.316 -18.037 23.311 -18.01 23.293 -17.999 23.255 -17.997
23.255 -17.997 22.981 -18.02 21.476 -18.3 20.975 -18.319 20.985 -21.964 20.972 -22.001 19.978 -22.001 19.981 -24.752
24.296 -18.026 24.238 -18.01
24.238 -18.01 24.218 -18.013 24.183 -18.029 24.135 -18.085 24.102 -18.109 24.057 -18.119 24.02 -18.152 23.98 -18.172 23.971 -18.184
23.971 -18.184 23.957 -18.177
23.957 -18.177 23.916 -18.201 23.913 -18.236 23.855 -18.28 23.826 -18.317 23.81 -18.322 23.716 -18.419 23.68 -18.431 23.645 -18.466 23.592 -18.478
23.592 -18.478 23.579 -18.468 23.571 -18.426 23.547 -18.369 23.561 -18.348 23.551 -18.328 23.519 -18.294 23.527 -18.278 23.511 -18.26 23.502 -18.237 23.464 -18.226 23.429 -18.189
23.429 -18.189 23.419 -18.198
-15.098 13.82 -15.076 13.819 -15.017 13.797 -14.916 13.792 -14.879 13.781 -14.831 13.736 -14.803 13.652 -14.741 13.615
-15.267 13.742 -15.246 13.747 -15.171 13.794 -15.098 13.82
-15.348 13.789 -15.304 13.782 -15.267 13.742
-15.518 13.583 -15.502 13.588 -15.497 13.648 -15.468 13.708 -15.436 13.741 -15.394 13.772 -15.348 13.789
-14.627 13.664 -14.586 13.66 -14.543 13.641 -14.51 13.609 -14.487 13.547 -14.47 13.522 -14.39 13.466 -14.347 13.452
-14.741 13.615 -14.667 13.653 -14.627 13.664
-14.662 13.341 -14.698 13.345 -14.732 13.359 -14.79 13.417 -14.829 13.427 -14.863 13.447 -14.95 13.463 -15.015 13.496 -15.138 13.59
-15.138 13.59 -15.16 13.581 -15.218 13.515 -15.228 13.425 -15.248 13.399 -15.31 13.368 -15.379 13.363
-16.561 13.587 -15.518 13.583
-13.988 13.579 -13.918 13.555 -13.901 13.542 -13.885 13.506 -13.843 13.477 -13.819 13.429 -13.823 13.378 -13.851 13.336 -13.901 13.315 -13.976 13.308 -14.016 13.298 -14.057 13.297 -14.099 13.282
-14.044 13.559 -13.988 13.579
-14.062 13.56 -14.044 13.559
-14.347 13.452 -14.271 13.477 -14.197 13.519 -14.139 13.532 -14.093 13.555 -14.062 13.56
-15.379 13.363 -15.52 13.387
-15.52 13.387 -15.566 13.366 -15.612 13.354
-15.612 13.354 -15.68 13.361
-15.68 13.361 -15.819 13.334 -15.827 13.162 -15.833 13.157
-14.342 13.234 -14.395 13.243 -14.442 13.269 -14.47 13.298 -14.53 13.307 -14.592 13.353
-14.592 13.353 -14.662 13.341
-14.099 13.282 -14.117 13.282
-14.117 13.282 -14.202 13.23 -14.231 13.229
-14.231 13.229 -14.285 13.239
-14.285 13.239 -14.342 13.234
-15.833 13.157 -16.674 13.164
-16.674 13.164 -16.708 13.157 -16.726 13.123 -16.749 13.099 -16.754 13.065
-8.682 27.285 -8.682 27.661
9.52 30.229 9.287 30.117 9.31 30.084 9.422 29.969 9.55 29.802 9.668 29.608 9.826 29.129 9.848 28.976 9.851 28.786 9.777 28.268 9.79 28.209 9.936 27.867 9.934 27.827 9.863 27.619 9.847 27.599 9.794 27.57 9.797 27.549 9.822 27.506 9.814 27.486 9.756 27.423 9.721 27.292 9.806 27.025 9.826 26.921 9.835 26.901 9.907 26.857 9.911 26.843 9.883 26.702 9.896 26.653 9.855 26.524 9.836 26.504 9.483 26.353 9.478 26.316 9.435 26.272 9.378 26.169 9.401 26.113 9.97 25.395 10.008 25.331 10.021 25.268 10.032 24.856 10.045 24.83 10.193 24.75 10.212 24.723 10.23 24.63 10.242 24.595 10.392 24.48 10.411 24.473
10.699 24.556 11.509 24.314 11.541 24.298 11.567 24.267 11.969 23.517
10.411 24.473 10.45 24.477 10.677 24.554 10.699 24.556
0.218 14.911 0.221 14.888 0.186 14.848 0.184 14.82 0.213 14.762 0.22 14.731 0.153 14.547 0.159 14.496 0.189 14.448 0.346 14.308 0.389 14.252 0.391 14.238 0.377 14.217 0.372 14.186 0.339 14.126 0.378 14.07 0.369 14.039 0.402 14.014 0.412 13.978 0.457 13.947 0.448 13.92 0.455 13.902 0.484 13.88 0.504 13.845 0.601 13.769 0.58 13.714 0.594 13.689 0.621 13.68
0.753 13.684 0.763 13.682 0.766 13.675 0.764 13.646 0.795 13.626 0.813 13.625
0.621 13.68 0.753 13.684
0.851 13.629 0.897 13.615 0.951 13.583 0.991 13.541 0.997 13.496 1.015 13.466 1.048 13.442 1.157 13.393 1.234 13.378 1.269 13.346 1.242 13.336
0.813 13.625 0.851 13.629
1.161 13.311 0.984 13.368
0.984 13.368 0.97 13.328 0.972 13.067 0.984 13.032 1.012 13.017 1.084 13.011 1.114 12.996 1.536 12.647 1.564 12.632 1.597 12.624 1.826 12.604
1.242 13.336 1.188 13.364
1.188 13.364 1.168 13.313 1.161 13.311
1.972 12.724 2.069 12.716 2.109 12.706 2.135 12.676 2.145 12.651 2.193 12.609 2.203 12.583 2.211 12.523 2.246 12.466 2.245 12.424 2.238 12.413 2.223 12.41 2.164 12.405
1.934 12.694 1.972 12.724
1.92 12.698 1.934 12.694
1.826 12.604 1.844 12.606 1.861 12.617 1.907 12.692 1.92 12.698
2.164 12.405 2.145 12.412
2.145 12.412 2.127 12.395 2.069 12.383 2.054 12.371 2.052 12.342 2.071 12.307 2.338 11.94 2.39 11.897
17.627 3.626 17.587 3.632 17.55 3.648 17.513 3.679 17.49 3.687 17.482 3.705 17.459 3.708
17.459 3.708 17.376 3.663 17.334 3.619 17.298 3.616
17.765 3.614 17.756 3.615 17.733 3.632
17.733 3.632 17.709 3.626 17.627 3.626
18.626 3.477 18.582 3.477 18.57 3.49 18.513 3.592 18.472 3.632
18.472 3.632 18.459 3.631 18.421 3.596
17.298 3.616 17.259 3.626
17.259 3.626 17.245 3.621 17.214 3.589 17.183 3.58
17.856 3.537 17.842 3.54 17.831 3.576 17.808 3.609 17.784 3.618
17.784 3.618 17.765 3.614
18.421 3.596 18.404 3.597
18.404 3.597 18.388 3.592 18.38 3.574
18.38 3.574 18.356 3.581
18.356 3.581 18.276 3.574
17.183 3.58 17.143 3.581
17.143 3.581 17.088 3.564
18.276 3.574 18.256 3.577
18.256 3.577 18.249 3.575 18.232 3.521 18.22 3.504 18.182 3.477
17.088 3.564 17.061 3.566
17.061 3.566 17.003 3.538
17.969 3.538 17.919 3.566
17.919 3.566 17.856 3.537
18.182 3.477 18.16 3.48 18.147 3.495 18.134 3.535 18.116 3.552 18.082 3.563
18.082 3.563 18.047 3.563 17.969 3.538
16.905 3.551 16.868 3.562
16.868 3.562 16.853 3.56 16.853 3.533 16.833 3.523 16.812 3.522
16.969 3.533 16.942 3.553 16.932 3.554
16.932 3.554 16.905 3.551
16.812 3.522 16.709 3.544
16.709 3.544 16.639 3.529 16.599 3.502 16.568 3.464 16.552 3.42 16.543 3.336 16.518 3.273 16.511 3.227 16.465 3.157 16.465 3.132 16.491 3.068 16.484 3.032 16.446 2.958 16.448 2.913 16.484 2.86 16.479 2.836 16.197 2.236
17.003 3.538 16.99 3.539
16.99 3.539 16.969 3.533
16.197 2.236 16.208 2.223 16.159 2.182
14.646 2.133 14.636 2.138 14.645 2.154 14.621 2.165 14.588 2.202 14.562 2.209
14.562 2.209 14.548 2.194 14.547 2.167 14.459 2.147 14.433 2.132
16.159 2.182 16.141 2.2 16.12 2.203
16.12 2.203 16.104 2.194 16.086 2.149 16.083 2.138 16.092 2.107 16.09 2.093 16.077 2.086 16.082 2.047 16.064 2.016 16.065 1.979 16.083 1.963 16.101 1.933 16.135 1.845 16.159 1.735 16.156 1.719 16.145 1.714
14.433 2.132 14.419 2.135 14.384 2.162 14.32 2.171
14.32 2.171 14.267 2.152
14.267 2.152 13.295 2.161
14.72 2.1 14.672 2.134
14.672 2.134 14.646 2.133
14.737 2.096 14.727 2.1 14.748 2.113 14.721 2.128
14.721 2.128 14.714 2.124 14.72 2.1
14.932 2.003 14.892 2.006 14.907 2.059 14.888 2.072 14.857 2.116
14.857 2.116 14.85 2.11 14.848 2.085 14.841 2.076 14.765 2.065
14.765 2.065 14.761 2.1
14.761 2.1 14.737 2.096
15.184 2.029 15.152 2.041
15.152 2.041 15.139 2.012
15.337 1.921 15.302 1.944 15.303 1.966 15.295 1.982 15.248 2.003 15.234 2.031 15.213 2.04
15.213 2.04 15.184 2.029
15.044 1.991 15.028 1.995 14.981 2.033 14.971 2.034
14.971 2.034 14.963 2.01 14.932 2.003
15.139 2.012 15.124 2.017
15.124 2.017 15.118 2.017 15.092 1.984 15.075 1.979
15.075 1.979 15.063 1.997
15.063 1.997 15.044 1.991
15.89 1.793 15.876 1.824 15.803 1.86 15.757 1.913 15.734 1.917 15.707 1.932 15.612 1.943 15.483 1.976
15.483 1.976 15.439 1.97 15.388 1.94 15.337 1.921
15.98 1.771 15.929 1.789 15.926 1.805
15.926 1.805 15.89 1.793
16.07 1.655 16.022 1.723 16.026 1.752 16.022 1.764 16.003 1.776 15.991 1.776
15.991 1.776 15.98 1.771
16.145 1.714 16.124 1.722
16.124 1.722 16.115 1.719 16.07 1.655
15.481 7.523 15.419 7.437 15.416 7.421 15.435 7.403 15.433 7.39 15.403 7.386 15.385 7.358 15.338 7.322 15.261 7.279 15.224 7.248 15.187 7.166 15.188 7.089 15.147 7.062 15.136 7.045 15.113 6.965 15.035 6.777 14.962 6.737 14.932 6.71 14.807 6.428 14.782 6.394 14.785 6.348 14.772 6.318 14.719 6.258 14.576 6.19
14.576 6.19 14.535 6.19
14.535 6.19 14.482 6.127 14.467 6.123 14.431 6.088 14.434 6.074 14.423 6.051 14.413 6.047
14.413 6.047 14.402 6.055
14.402 6.055 14.39 6.046 14.389 6.031 14.447 5.97 14.466 5.921 14.482 5.91 14.531 5.906
14.572 5.924 14.585 5.923 14.617 5.865 14.624 5.758 14.631 5.738 14.59 5.608 14.597 5.577 14.617 5.538 14.617 5.495 14.6 5.457 14.593 5.4 14.58 5.395 14.556 5.351 14.54 5.304 14.52 5.291 14.54 5.262 14.624 5.224 14.64 5.208 14.659 5.165 14.667 5.053 14.659 4.997 14.674 4.968 14.672 4.941 14.687 4.909 14.701 4.814 14.691 4.762 14.717 4.622 14.744 4.58 14.78 4.545 14.938 4.436 14.994 4.413 15.014 4.364 15.064 4.293 15.083 4.206 15.084 4.149 15.091 4.122 15.103 4.112
14.531 5.906 14.545 5.908 14.572 5.924
15.118 4.114 15.133 4.109 15.148 4.074
15.103 4.112 15.118 4.114
15.162 4.074 15.19 4.063 15.192 4.052 15.092 4.016
15.148 4.074 15.162 4.074
15.092 4.016 15.043 4.026
15.043 4.026 15.026 4.026 15.085 3.886 15.171 3.759 15.786 3.108 15.814 3.099
15.834 3.109 15.855 3.099
15.814 3.099 15.834 3.109
15.898 3.104 15.914 3.098 15.95 3.061 15.972 2.991 15.982 2.977
15.855 3.099 15.898 3.104
16.006 2.984 16.026 2.979 16.034 2.971 16.092 2.863 16.095 2.837 16.087 2.813 16.06 2.786 16.056 2.76 16.059 2.712 16.063 2.703 16.073 2.703
15.982 2.977 16.006 2.984
16.086 2.705 16.11 2.701 16.09 2.662 16.112 2.586 16.091 2.533 16.09 2.51 16.112 2.456 16.113 2.41 16.133 2.365 16.159 2.333 16.166 2.295 16.187 2.278 16.18 2.247 16.197 2.236
16.073 2.703 16.086 2.705
33.977 4.22 33.533 3.774 33.491 3.75 33.447 3.744
33.447 3.744 33.164 3.763 33.143 3.774 33.017 3.877 32.997 3.886
32.997 3.886 32.98 3.879 32.919 3.834 32.84 3.794 32.756 3.769 32.416 3.741 32.372 3.731 32.188 3.619 32.176 3.606 32.179 3.541 32.175 3.521 32.168 3.512 32.156 3.512
32.156 3.512 32.093 3.524 32.076 3.533 32.042 3.58 32.03 3.586 31.944 3.591 31.93 3.598 31.923 3.615 31.916 3.68 31.902 3.704 31.831 3.784 31.807 3.804 31.778 3.816
31.778 3.816 31.687 3.713 31.669 3.705 31.565 3.69 31.547 3.681 31.524 3.656
31.524 3.656 31.505 3.66 31.295 3.774 31.256 3.787 31.168 3.792
31.168 3.792 31.141 3.785 31.078 3.735 31.04 3.724 31.01 3.7 30.986 3.692
30.986 3.692 30.966 3.693
30.966 3.693 30.944 3.679 30.932 3.645 30.866 3.549 30.84 3.49
13.074 -4.635 13.065 -4.664 12.833 -4.723 12.803 -4.74 12.775 -4.779 12.766 -4.825 12.757 -4.837 12.697 -4.876 12.679 -4.924 12.616 -4.935 12.607 -4.942 12.588 -5 12.55 -5.024 12.458 -5.054
12.458 -5.054 12.451 -5.053
12.451 -5.053 12.439 -5.065 12.445 -5.094 12.524 -5.129 12.531 -5.163 12.509 -5.726
12.509 -5.726 12.344 -5.725
12.344 -5.725 12.259 -5.737 12.211 -5.763
31.949 -25.958 31.91 -25.843 31.906 -25.813 31.912 -25.785 31.954 -25.685 31.992 -25.65 31.996 -25.637 31.986 -25.552 31.97 -25.511 31.966 -25.48 31.972 -25.421 31.989 -25.373 31.984 -24.569 31.992 -24.5 31.987 -24.423 31.961 -24.346 31.869 -24.164 31.856 -23.947 31.85 -23.931 31.755 -23.858 31.701 -23.749 31.662 -23.624 31.642 -23.588 31.546 -23.492 31.528 -23.457 31.521 -23.416 31.542 -23.187 31.536 -23.157 31.279 -22.415 31.289 -22.397
31.863 -25.99 31.835 -25.982 31.427 -25.744 31.401 -25.736
31.401 -25.736 31.372 -25.736 31.309 -25.757 31.12 -25.91 31.038 -26.1 30.97 -26.209 30.805 -26.397 30.783 -26.472 30.786 -26.717 30.802 -26.809
31.949 -25.958 31.892 -25.984 31.863 -25.99
30.88 -26.772 30.903 -26.831 30.955 -26.891 30.961 -26.911 30.949 -26.975 30.954 -27 30.976 -27.035 31.079 -27.118 31.127 -27.183 31.157 -27.206 31.459 -27.299 31.527 -27.311 31.968 -27.316
30.802 -26.809 30.836 -26.805 30.88 -26.772
31.99 -26.808 32.073 -26.811 32.114 -26.84
31.968 -27.316 31.965 -27.292 31.947 -27.255 31.942 -27.101 31.992 -26.838 31.99 -26.808
33.203 -14.014 32.227 -14.339 32.109 -14.365 32.033 -14.399 31.658 -14.52 31.497 -14.603 31.411 -14.634 30.816 -14.768 30.486 -14.886 30.318 -14.967 30.214 -14.981 30.226 -15.106 30.263 -15.231 30.288 -15.279 30.335 -15.305 30.365 -15.354 30.372 -15.44 30.393 -15.481 30.365 -15.547 30.367 -15.561 30.396 -15.591 30.413 -15.628 30.396 -15.636
30.752 -8.194 28.915 -8.473 28.889 -8.483 28.893 -8.502 28.935 -8.591 28.93 -8.68 28.893 -8.766 28.765 -8.934 28.599 -9.096 28.506 -9.164 28.415 -9.207 28.372 -9.235 28.352 -9.272 28.369 -9.309 28.46 -9.335 28.495 -9.353 28.516 -9.378 28.515 -9.43 28.52 -9.446 28.563 -9.485 28.574 -9.539 28.586 -9.544
28.618 -9.543 28.584 -9.564 28.607 -9.594 28.622 -9.638 28.631 -9.716 28.645 -9.735 28.67 -9.751 28.672 -9.766 28.698 -9.792 28.678 -9.804 28.668 -9.822 28.659 -9.865 28.628 -9.929 28.624 -9.951 28.631 -10.023 28.629 -10.103 28.62 -10.142 28.57 -10.22 28.604 -10.248 28.611 -10.269 28.624 -10.276 28.629 -10.296 28.618 -10.348 28.621 -10.373 28.646 -10.438 28.63 -10.481 28.639 -10.496 28.635 -10.519 28.672 -10.564 28.666 -10.609 28.7 -10.643 28.682 -10.682 28.646 -10.71
28.586 -9.544 28.618 -9.543
28.646 -10.71 28.633 -10.709
28.633 -10.709 28.564 -10.812 28.549 -10.859 28.547 -10.914 28.531 -10.955 28.508 -10.982 28.508 -11.024 28.477 -11.078 28.487 -11.153 28.474 -11.181 28.474 -11.226 28.436 -11.289 28.432 -11.311 28.44 -11.348 28.409 -11.372 28.357 -11.447 28.354 -11.465 28.36 -11.534 28.377 -11.571 28.405 -11.605 28.423 -11.665 28.418 -11.679 28.443 -11.712 28.453 -11.781 28.461 -11.793 28.489 -11.809 28.497 -11.857 28.508 -11.873
24.124 -11.043 24.118 -11.031 24.119 -10.998 24.108 -10.955 24.114 -10.919 24.091 -10.898 24.048 -10.882 23.967 -10.872
24.238 -11.048 24.165 -11.034
24.165 -11.034 24.124 -11.043
24.47 -11.466 24.446 -11.464 24.426 -11.454 24.37 -11.41 24.31 -11.407 24.294 -11.399 24.285 -11.381 24.298 -11.371 24.34 -11.358 24.352 -11.345 24.392 -11.279 24.398 -11.238 24.391 -11.2 24.362 -11.165 24.362 -11.151 24.382 -11.121 24.371 -11.1 24.316 -11.06 24.275 -11.048
24.275 -11.048 24.238 -11.048
25.36 -11.647 25.345 -11.642 25.327 -11.617 25.3 -11.535 25.298 -11.508 25.317 -11.473 25.279 -11.396 25.278 -11.372 25.298 -11.351 25.306 -11.333 25.285 -11.307 25.325 -11.284 25.323 -11.205 25.31 -11.195
25.31 -11.195 25.279 -11.2 25.184 -11.247 25.124 -11.259 24.981 -11.272
24.981 -11.272 24.943 -11.269
24.943 -11.269 24.901 -11.281 24.827 -11.318 24.788 -11.326 24.713 -11.326 24.674 -11.342 24.635 -11.386 24.593 -11.4 24.565 -11.445 24.554 -11.446
24.554 -11.446 24.543 -11.445
24.543 -11.445 24.47 -11.466
27.711 -12.306 27.666 -12.303 27.638 -12.294 27.52 -12.18 27.472 -12.042 27.468 -12.002 27.421 -11.922 27.234 -11.809 27.21 -11.722 27.208 -11.639 27.197 -11.594 27.18 -11.57
27.18 -11.57 27.054 -11.598
27.054 -11.598 27.032 -11.594
27.032 -11.594 27.01 -11.61 27.023 -11.671 27.021 -11.698 26.981 -11.749 26.971 -11.789 26.967 -11.87 26.948 -11.909 26.913 -11.943 26.874 -11.964 26.832 -11.973
25.496 -11.777 25.48 -11.77 25.474 -11.756 25.483 -11.731 25.481 -11.715 25.464 -11.7 25.406 -11.673 25.386 -11.65 25.373 -11.647
25.373 -11.647 25.36 -11.647
25.802 -11.804 25.726 -11.801 25.621 -11.729 25.576 -11.727
25.576 -11.727 25.561 -11.753 25.538 -11.758 25.515 -11.776 25.496 -11.777
25.994 -11.905 25.964 -11.895 25.95 -11.864 25.914 -11.846 25.851 -11.794 25.84 -11.792
25.84 -11.792 25.802 -11.804
28.521 -11.866 28.549 -11.88 28.569 -11.914
28.508 -11.873 28.521 -11.866
28.593 -11.9 28.606 -11.91 28.624 -11.948 28.686 -11.984 28.707 -11.989
28.569 -11.914 28.593 -11.9
26.23 -11.933 26.167 -11.902
26.167 -11.902 25.994 -11.905
26.697 -12.017 26.644 -11.986 26.525 -11.972 26.489 -11.961 26.438 -11.919 26.415 -11.912
26.415 -11.912 26.339 -11.919 26.298 -11.941
26.298 -11.941 26.266 -11.931
26.266 -11.931 26.23 -11.933
26.832 -11.973 26.785 -11.968
26.785 -11.968 26.759 -11.969 26.717 -12.013 26.697 -12.017
28.742 -11.984 28.751 -11.992 28.76 -12.035 28.821 -12.076 28.86 -12.142 28.919 -12.174 28.945 -12.206 29.026 -12.353 29.035 -12.379
28.707 -11.989 28.742 -11.984
29.799 -12.154 29.798 -13.424 29.782 -13.456 29.767 -13.458
29.632 -12.216 29.701 -12.189 29.735 -12.165 29.799 -12.154
29.59 -12.188 29.632 -12.216
29.48 -12.455 29.5 -12.453 29.515 -12.444 29.528 -12.411 29.523 -12.393 29.48 -12.381 29.447 -12.335 29.468 -12.255 29.49 -12.232 29.533 -12.217 29.568 -12.192 29.59 -12.188
27.981 -12.375 27.959 -12.368 27.948 -12.321 27.934 -12.303 27.877 -12.27 27.831 -12.26
27.831 -12.26 27.788 -12.297 27.711 -12.306
29.255 -12.366 29.296 -12.401 29.364 -12.409 29.439 -12.442
29.111 -12.393 29.173 -12.368 29.255 -12.366
28.131 -12.429 28.107 -12.41 28.097 -12.383 28.088 -12.378 28.014 -12.371
28.014 -12.371 27.981 -12.375
29.1 -12.374 29.111 -12.393
29.067 -12.385 29.1 -12.374
29.043 -12.379 29.067 -12.385
29.035 -12.379 29.043 -12.379
28.238 -12.437 28.186 -12.402
28.186 -12.402 28.161 -12.409 28.131 -12.429
28.568 -12.896 28.553 -12.895 28.543 -12.886 28.539 -12.834 28.481 -12.762 28.474 -12.736 28.512 -12.694 28.512 -12.668 28.468 -12.615 28.436 -12.543 28.423 -12.521 28.34 -12.451 28.304 -12.435 28.284 -12.434
28.284 -12.434 28.238 -12.437
29.453 -12.441 29.48 -12.455
29.439 -12.442 29.453 -12.441
29.01 -13.399 28.994 -13.396 28.95 -13.351 28.934 -13.31 28.903 -13.162 28.892 -13.147 28.854 -13.137 28.844 -13.102 28.826 -13.093 28.831 -13.052 28.809 -13.038 28.793 -12.992 28.668 -12.849 28.621 -12.839
28.621 -12.839 28.608 -12.848 28.584 -12.889 28.568 -12.896
29.641 -13.263 29.629 -13.261 29.574 -13.225 29.551 -13.224
29.551 -13.224 29.528 -13.234 29.45 -13.3 29.308 -13.354 29.214 -13.408 29.184 -13.437
29.767 -13.458 29.703 -13.458 29.663 -13.447 29.626 -13.43 29.611 -13.411 29.602 -13.374 29.625 -13.364 29.627 -13.326 29.659 -13.31 29.668 -13.292 29.667 -13.271 29.657 -13.26 29.65 -13.26
29.65 -13.26 29.641 -13.263
29.184 -13.437 29.169 -13.434 29.144 -13.394 29.122 -13.384
29.122 -13.384 29.047 -13.389 29.01 -13.399
0.488 10.933 0.5 10.976 0.484 10.98 0.491 10.996 0.487 11.003 -0.166 11.135
0.901 10.993 0.675 10.989 0.613 10.977 0.488 10.933
0.901 10.993 0.876 10.931 0.873 10.911 0.885 10.869 0.87 10.84 0.863 10.796 0.796 10.726 0.781 10.693 0.789 10.564 0.774 10.508 0.761 10.382 0.769 10.367 1.331 9.996 1.344 9.962 1.348 9.694 1.356 9.647 1.351 9.595 1.323 9.542 1.336 9.498 1.351 9.483
1.368 9.491 1.38 9.462 1.387 9.361 1.401 9.321 1.425 9.284 1.567 9.137 1.588 9.101 1.601 9.05 1.608 8.559 1.614 8.536 1.644 8.493 1.64 8.476 1.608 8.422 1.601 8.372 1.615 8.356 1.626 8.27 1.621 7.997 1.626 6.997 1.607 6.991
1.351 9.483 1.368 9.491
1.607 6.991 1.532 6.992
1.532 6.992 1.551 6.921 1.588 6.881 1.59 6.867 1.583 6.808 1.601 6.746 1.566 6.678 1.596 6.636 1.597 6.601 1.62 6.578 1.637 6.572
1.647 6.573 1.654 6.571 1.658 6.552 1.681 6.53 1.682 6.49 1.718 6.467 1.744 6.426 1.782 6.277 1.633 6.246 1.612 6.235 1.62 6.214
1.637 6.572 1.647 6.573
-0.166 11.135 -0.302 11.163
-0.302 11.163 -0.304 11.147 -0.298 11.128 -0.306 11.114 -0.369 11.065
-0.369 11.065 -0.406 11.101
-0.406 11.101 -0.425 11.101 -0.444 11.077 -0.457 11.03 -0.516 10.989
-1.108 10.994 -1.355 10.997 -1.436 11.023 -1.562 11.027
-1.562 11.027 -1.58 11.021 -1.587 11.004 -1.599 10.997 -2.751 10.986
-0.904 10.979 -0.924 11.001 -1.07 11.014
-1.07 11.014 -1.099 11.01 -1.108 10.994
-0.69 10.982 -0.696 10.994 -0.817 10.996 -0.828 11.006
-0.828 11.006 -0.839 10.996 -0.861 10.993 -0.883 10.969 -0.901 10.966
-2.751 10.986 -2.751 10.996 -2.837 10.998
-2.837 10.998 -2.839 10.985 -2.816 10.929 -2.821 10.906 -2.864 10.864 -2.883 10.797 -2.899 10.77 -2.903 10.747 -2.922 10.721 -2.919 10.707
-0.516 10.989 -0.555 10.99
-0.555 10.99 -0.591 10.982 -0.617 10.919 -0.635 10.908
-0.635 10.908 -0.683 10.954 -0.668 10.977 -0.683 10.984
-0.683 10.984 -0.69 10.982
-0.901 10.966 -0.894 10.98
-0.894 10.98 -0.904 10.979
-2.917 10.707 -2.908 10.704 -2.905 10.693 -2.933 10.634 -2.928 10.615 -2.898 10.563 -2.892 10.522 -2.87 10.498 -2.86 10.466 -2.824 10.435 -2.768 10.421 -2.781 10.402 -2.822 10.388 -2.841 10.343 -2.841 10.322 -2.833 10.306 -2.806 10.299 -2.8 10.281 -2.793 10.279
-2.919 10.707 -2.917 10.707
-2.784 10.279 -2.758 10.266 -2.754 10.248 -2.758 10.235 -2.785 10.21 -2.798 10.19 -2.788 10.124 -2.788 10.039 -2.784 10.019 -2.754 9.967 -2.765 9.896 -2.761 9.871 -2.734 9.823 -2.775 9.774 -2.792 9.741 -2.795 9.72 -2.788 9.699 -2.775 9.689
-2.793 10.279 -2.784 10.279
-2.769 9.69 -2.761 9.686 -2.751 9.659 -2.74 9.651 -2.762 9.625 -2.766 9.577 -2.689 9.489
-2.775 9.689 -2.769 9.69
34.965 -11.574 34.651 -11.57
34.651 -11.57 34.617 -11.578 34.607 -11.591 34.612 -11.693 34.604 -11.733 34.564 -11.831 34.38 -12.104 34.359 -12.154 34.354 -12.199 34.494 -12.687 34.549 -13.159 34.543 -13.244 34.545 -13.326 34.578 -13.398 34.611 -13.436 34.638 -13.488 34.667 -13.501
34.795 -13.499 34.863 -13.516 34.894 -13.535 35.084 -13.704 35.456 -14.137 35.523 -14.263 35.787 -14.588 35.847 -14.65 35.853 -14.667 35.863 -14.877 35.87 -14.886 35.883 -14.888
34.667 -13.501 34.795 -13.499
33.662 -14.607 33.633 -14.591 33.596 -14.511 33.546 -14.482 33.526 -14.444 33.512 -14.433 33.457 -14.404 33.354 -14.225 33.324 -14.206 33.291 -14.157 33.286 -14.139 33.291 -14.089 33.28 -14.061 33.203 -14.014
35.033 -16.819 35.005 -16.815 34.975 -16.792 34.948 -16.759 34.905 -16.741 34.894 -16.706 34.845 -16.678 34.82 -16.628 34.773 -16.59 34.732 -16.529 34.655 -16.489 34.637 -16.451 34.598 -16.42 34.575 -16.392 34.547 -16.323 34.525 -16.301 34.446 -16.293 34.426 -16.274 34.385 -16.186 34.389 -16.152 34.409 -16.088 34.405 -16.06 34.304 -15.952 34.244 -15.918 34.233 -15.89 34.236 -15.819 34.247 -15.794 34.293 -15.751 34.342 -15.731 34.404 -15.647 34.416 -15.615 34.419 -15.575 34.41 -15.481 34.423 -15.465 34.441 -15.456 34.46 -15.425 34.48 -15.413 34.497 -15.363 34.508 -15.348 34.547 -15.323 34.565 -15.297 34.569 -15.271 34.548 -15.124 34.551 -15.107 34.56 -15.096 34.549 -15.058 34.582 -15.001 34.584 -14.984 34.551 -14.918 34.543 -14.796 34.506 -14.7 34.519 -14.641 34.518 -14.607 34.502 -14.576 34.426 -14.498 34.372 -14.402 34.344 -14.387
34.344 -14.387 34.305 -14.406
34.305 -14.406 34.289 -14.404
34.289 -14.404 34.182 -14.439 34.11 -14.441 34.078 -14.455 34.051 -14.495
34.051 -14.495 33.916 -14.481
33.916 -14.481 33.889 -14.488 33.831 -14.523 33.802 -14.533
33.802 -14.533 33.774 -14.53 33.72 -14.49
33.72 -14.49 33.699 -14.496 33.684 -14.519 33.676 -14.548 33.672 -14.6 33.662 -14.607
35.904 -14.887 35.784 -15.172 35.785 -15.195 35.841 -15.417 35.807 -15.896 35.79 -15.959 35.795 -16.021 35.77 -16.059 35.698 -16.107 35.678 -16.113
35.883 -14.888 35.904 -14.887
35.678 -16.113 35.659 -16.11
35.659 -16.11 35.529 -16.141 35.515 -16.171
35.515 -16.171 35.489 -16.165 35.473 -16.14 35.456 -16.129 35.416 -16.123
35.416 -16.123 35.375 -16.141 35.277 -16.234 35.259 -16.272 35.252 -16.318 35.266 -16.356 35.239 -16.394 35.228 -16.47 35.132 -16.538 35.148 -16.582 35.174 -16.625 35.223 -16.642 35.237 -16.663 35.251 -16.67 35.278 -16.701 35.285 -16.787 35.305 -16.826 35.31 -16.851 35.285 -16.871 35.285 -16.93 35.271 -16.944 35.276 -16.955 35.314 -16.982 35.299 -17.014 35.305 -17.104 35.292 -17.129 35.235 -17.135
35.235 -17.135 35.134 -17.132 35.081 -17.124 35.066 -17.11 35.069 -17.084 35.037 -17.036 35.044 -17.005 35.113 -16.96 35.125 -16.933 35.128 -16.901 35.127 -16.864 35.118 -16.833 35.096 -16.817 35.063 -16.816
35.063 -16.816 35.033 -16.819
34.108 3.869 34.085 3.877 34.086 3.895 34.11 3.943 34.107 3.96 34.069 3.992 34.061 4.008 34.072 4.076 34.069 4.088 34.041 4.12 34.041 4.165 34.029 4.188 33.977 4.22
34.165 3.771 34.152 3.776 34.179 3.796 34.149 3.823 34.197 3.847 34.208 3.861 34.205 3.875 34.183 3.886 34.163 3.886
34.163 3.886 34.108 3.869
34.29 3.703 34.279 3.71 34.264 3.75 34.241 3.784
34.241 3.784 34.165 3.771
34.654 2.857 34.631 2.87 34.575 2.946 34.546 3.097 34.534 3.118 34.445 3.159 34.434 3.182 34.424 3.305 34.411 3.345 34.387 3.376 34.384 3.388 34.399 3.434 34.381 3.477 34.387 3.486 34.416 3.497 34.435 3.526 34.444 3.566 34.446 3.647 34.44 3.668 34.387 3.693 34.355 3.727 34.337 3.735
34.337 3.735 34.31 3.727 34.29 3.703
34.842 2.588 34.828 2.589 34.819 2.598 34.777 2.686 34.761 2.772 34.737 2.844 34.697 2.868 34.685 2.881
34.685 2.881 34.654 2.857
34.54 1.089 34.561 1.093 34.572 1.112 34.58 1.153 34.629 1.164 34.684 1.209 34.766 1.217 34.798 1.232 34.811 1.273 34.783 1.353 34.779 1.389 34.838 1.437 34.86 1.518 34.883 1.552 34.923 1.566 34.934 1.576 34.979 1.676 34.98 1.87 35.006 1.917 34.969 1.96 34.962 1.978 34.957 2.019 34.968 2.102 34.866 2.348 34.859 2.387 34.868 2.411 34.906 2.437 34.921 2.455 34.924 2.477 34.887 2.522 34.876 2.591 34.866 2.605
34.866 2.605 34.857 2.603 34.842 2.588
34.507 1.103 34.54 1.089
33.904 -1.003 33.895 -0.663 33.954 -0.154 33.952 -0.116 33.89 0.09 33.894 0.11 34.041 0.306 34.085 0.347 34.088 0.367 34.076 0.422 34.104 0.462 34.132 0.573 34.15 0.604 34.179 0.624 34.252 0.655 34.276 0.681 34.298 0.759 34.371 0.8 34.388 0.816 34.402 0.856 34.431 0.894 34.457 0.958 34.464 1.023 34.477 1.065 34.507 1.103
30.896 3.52 30.909 3.496 30.903 3.459 30.916 3.415 30.91 3.393 30.868 3.343 30.842 3.289 30.822 3.281 30.804 3.246 30.744 3.055 30.745 3.036 30.757 3.021 30.821 2.973 30.844 2.933 30.855 2.893 30.853 2.853 30.829 2.786 30.822 2.776 30.802 2.769 30.759 2.634 30.735 2.593 30.737 2.52 30.708 2.462 30.711 2.445 30.725 2.441 30.795 2.44 30.805 2.434 30.81 2.392 30.82 2.376 30.855 2.34 30.872 2.332
30.84 3.49 30.896 3.52
30.931 2.406 30.968 2.405 30.985 2.395 31.041 2.331 31.046 2.32 31.036 2.307 31.041 2.298 31.055 2.29 31.113 2.282
30.872 2.332 30.901 2.346 30.931 2.406
31.178 2.303 31.179 2.26 31.19 2.222 31.267 2.173 31.28 2.153 31.271 2.103 31.243 2.051 31.026 1.778 30.682 1.5 30.478 1.239 30.446 1.213 30.399 1.201
31.113 2.282 31.178 2.303
30.399 1.201 30.377 1.203
30.377 1.203 30.365 1.202 30.348 1.189 30.324 1.156
30.324 1.156 30.287 1.174
30.287 1.174 30.269 1.167 30.239 1.136 30.232 1.098 30.215 1.077 30.221 1.017 30.155 0.909 30.038 0.879 29.996 0.86 29.947 0.825 29.927 0.775 29.932 0.723 29.919 0.618 29.938 0.537 29.94 0.498 29.923 0.46 29.84 0.358 29.801 0.172 29.787 0.158
29.787 0.158 29.761 0.172
29.761 0.172 29.712 0.1 29.703 0.073 29.714 -0.007 29.694 -0.063 29.629 -0.442 29.65 -0.504 29.653 -0.566 29.651 -0.58 29.623 -0.588 29.619 -0.599 29.631 -0.622 29.616 -0.644 29.603 -0.723 29.613 -0.804 29.611 -0.864 29.608 -0.878 29.597 -0.892 29.567 -0.902 29.555 -0.929 29.56 -0.972 29.548 -1.003 29.57 -1.078 29.557 -1.182 29.581 -1.235 29.572 -1.279 29.587 -1.311 29.578 -1.388
38.21 17.522 38.233 17.526 38.25 17.542 38.257 17.603 38.344 17.656 38.371 17.699 38.432 17.852 38.459 17.891 38.602 18.005
38.161 17.557 38.21 17.522
38.076 17.48 38.091 17.48 38.108 17.494 38.118 17.513 38.115 17.537 38.119 17.546 38.161 17.557
38.039 17.548 38.062 17.548 38.071 17.538 38.076 17.48
37.872 17.437 37.896 17.443 37.916 17.457 37.947 17.496 38.015 17.54 38.039 17.548
37.799 17.477 37.819 17.472 37.849 17.444 37.872 17.437
37.403 17.03 37.46 17.095 37.473 17.137 37.495 17.175 37.506 17.237 37.496 17.312 37.639 17.358 37.68 17.363 37.72 17.384 37.764 17.459 37.799 17.477
37 17.073 37.134 17.016
36.526 14.264 36.425 15.133 36.433 15.151 36.507 15.22 36.525 15.248 36.576 15.393 36.595 15.424 36.628 15.446 36.614 15.489 36.617 15.532 36.671 15.723 36.683 15.745 36.733 15.795 36.76 15.837 36.886 16.185 36.902 16.211 36.944 16.253 36.954 16.278 36.928 16.361 36.934 16.418 36.926 16.438 36.883 16.49 36.877 16.527 36.893 16.587 36.892 16.637 36.901 16.656 36.96 16.706 36.985 16.766 36.989 16.826 37 16.842 36.991 16.861 36.991 16.914 36.968 16.947 36.992 16.98 36.997 17 36.993 17.019 36.971 17.054 36.98 17.07 37 17.073
37.31 17.055 37.403 17.03
37.203 17.023 37.233 17.025 37.281 17.053 37.31 17.055
37.188 17.025 37.203 17.023
37.134 17.016 37.188 17.025
37.891 14.88 37.909 14.865 37.94 14.811 37.958 14.803 37.964 14.771 37.99 14.757 37.998 14.731 38.133 14.678
37.554 14.105 37.565 14.117 37.891 14.88
38.19 14.687 38.229 14.68 38.248 14.648 38.258 14.61 38.289 14.588 38.313 14.519 38.341 14.493 38.394 14.464 38.414 14.426 38.435 14.416
38.133 14.678 38.19 14.687
39.01 14.651 39.086 14.633 39.127 14.602 39.158 14.56 39.188 14.477 39.208 14.44
38.724 14.459 38.762 14.465 38.822 14.489 38.866 14.494 38.918 14.536 38.98 14.567 38.994 14.585 38.997 14.639 39.01 14.651
39.515 14.568 39.532 14.568 39.552 14.557 39.599 14.512 39.678 14.494
39.348 14.482 39.449 14.505 39.489 14.524 39.515 14.568
39.767 14.505 39.824 14.478 39.877 14.434 39.911 14.423
39.678 14.494 39.767 14.505
39.293 14.49 39.348 14.482
39.208 14.44 39.233 14.44 39.269 14.486 39.293 14.49
38.668 14.468 38.724 14.459
38.493 14.418 38.607 14.436 38.668 14.468
40.105 14.466 40.194 14.445 40.277 14.405 40.422 14.274 40.48 14.244 40.586 14.195 40.704 14.173 40.772 14.148 40.833 14.106 41.044 13.872 41.192 13.616 41.222 13.587 41.531 13.394 41.712 13.248 41.785 13.165 41.817 13.113 41.894 12.948 41.947 12.876 42.025 12.827 42.137 12.773 42.185 12.733 42.25 12.624 42.332 12.515 42.379 12.466
40.023 14.451 40.105 14.466
39.98 14.459 40.023 14.451
39.911 14.423 39.931 14.429 39.962 14.454 39.98 14.459
37.294 14.457 37.337 14.426 37.39 14.358 37.398 14.302 37.453 14.261 37.475 14.2 37.517 14.181 37.525 14.129 37.554 14.105
37.258 14.448 37.294 14.457
37.184 14.45 37.258 14.448
37.052 14.275 37.083 14.298 37.091 14.314 37.098 14.38 37.121 14.421 37.15 14.442 37.184 14.45
38.444 14.419 38.493 14.418
38.435 14.416 38.444 14.419
36.816 14.332 36.947 14.305 36.979 14.271 37.006 14.263
36.546 14.263 36.553 14.283 36.566 14.293 36.618 14.3 36.649 14.315 36.714 14.318 36.748 14.332 36.816 14.332
37.034 14.278 37.052 14.275
37.006 14.263 37.034 14.278
36.526 14.264 36.546 14.263
28.182 59.356 28.186 59.375 28.138 59.4 28.105 59.439 28.039 59.463 28.019 59.482
28.158 59.364 28.182 59.356
28.073 59.319 28.001 59.334 28.032 59.342 28.114 59.345 28.158 59.364
28.077 59.305 28.097 59.319
28.097 59.319 28.073 59.319
27.96 59.306 28.077 59.305
27.353 57.528 27.336 57.554 27.328 57.583 27.337 57.592 27.382 57.603 27.387 57.628 27.377 57.657 27.391 57.68 27.408 57.689 27.49 57.705 27.508 57.715 27.509 57.727 27.498 57.756 27.502 57.773 27.526 57.787 27.554 57.795 27.525 57.807 27.701 57.825 27.763 57.839 27.787 57.848 27.799 57.861 27.791 57.881 27.774 57.891 27.665 57.918 27.659 57.932 27.675 57.968 27.669 57.992 27.632 58.004 27.63 58.033 27.637 58.059 27.63 58.088 27.58 58.126 27.495 58.221 27.483 58.269 27.494 58.32 27.555 58.395 27.411 58.755 27.478 58.875 27.694 58.976 27.713 58.992 27.724 59.014 27.784 59.077 27.842 59.161 27.874 59.236 27.891 59.258 27.882 59.276 27.904 59.29 27.96 59.306
75.298 32.332 75.353 32.284 75.359 32.262 75.349 32.242 75.317 32.211 75.295 32.149
75.295 32.149 75.263 32.151
75.263 32.151 75.196 32.129 75.173 32.11 75.174 32.087
75.11 32.078 75.041 32.098
75.041 32.098 75.023 32.095 75.03 32.066 75.02 32.066
75.174 32.087 75.138 32.093
75.138 32.093 75.11 32.078
75.02 32.066 74.996 32.067
74.996 32.067 74.968 32.038 74.931 32.03
74.931 32.03 74.909 32.032
74.909 32.032 74.889 32.029 74.873 32.012
74.873 32.012 74.829 32.025
74.829 32.025 74.811 32.004 74.802 31.969 74.784 31.943 74.763 31.939
74.763 31.939 74.698 31.95
74.698 31.95 74.67 31.904 74.641 31.891 74.55 31.827 74.541 31.811 74.535 31.771 74.523 31.758 74.516 31.737 74.503 31.731 74.489 31.711 74.556 31.612 74.585 31.518 74.615 31.478 74.617 31.459 74.612 31.44 74.572 31.389 74.532 31.303 74.525 31.28 74.525 31.235 74.509 31.196 74.506 31.175 74.515 31.142 74.537 31.115 74.553 31.109
74.597 31.116 74.617 31.115 74.659 31.084 74.579 31.043 74.564 31.025 74.564 31.004 74.519 30.962 74.442 30.946 74.424 30.932 74.401 30.893
74.553 31.109 74.597 31.116
74.401 30.893 74.342 30.902
74.342 30.902 74.33 30.9 74.311 30.884 74.304 30.874 74.311 30.856 74.3 30.838 74.257 30.815 74.267 30.788 74.191 30.717 74.185 30.697 74.17 30.687 74.164 30.665 74.111 30.646 74.067 30.611 74.057 30.592 74.061 30.556 74.058 30.531 74.044 30.519 74.004 30.509 73.939 30.426 73.917 30.417
73.917 30.417 73.9 30.422
73.9 30.422 73.906 30.395
73.906 30.395 73.888 30.397
73.888 30.397 73.852 30.373 73.842 30.353 73.892 30.33 73.912 30.304 73.935 30.261 73.949 30.217 73.944 30.188 73.778 30.067 73.74 30.048 73.558 30.013 73.385 29.942 73.37 29.927 73.233 29.537 73.051 29.228 72.963 29.117 72.918 29.033 72.355 28.767 72.28 28.687 72.256 28.646 72.198 28.445 72.178 28.397 72.15 28.354 72.111 28.318 71.988 28.228 71.908 28.136 71.892 28.097 71.874 27.96 71.861 27.95 71.561 27.869 71.477 27.862
70.832 27.701 70.762 27.71 70.71 27.741 70.672 27.791 70.641 27.855 70.642 27.911 70.633 27.932 70.535 28.016 70.507 28.029 70.456 28.04
70.456 28.04 70.342 28.011 70.324 28 70.268 27.945 70.199 27.901 70.102 27.812 70.017 27.601 69.994 27.571 69.908 27.497 69.848 27.41 69.731 27.31 69.666 27.27 69.576 27.188 69.534 27.126 69.508 27.05 69.465 26.808 69.473 26.767 69.504 26.735 69.659 26.678 69.7 26.653 69.772 26.595 69.816 26.58
71.477 27.862 71.398 27.868
71.398 27.868 71.311 27.862 71.226 27.845 71.151 27.822 70.914 27.718 70.832 27.701
70.056 26.589 70.094 26.58 70.13 26.563 70.158 26.53 70.163 26.493 70.157 26.411 70.161 26.371 70.142 26.314 70.152 26.254 70.147 26.217 70.132 26.18 70.078 26.1 70.065 25.98 70.083 25.93 70.115 25.882 70.214 25.786 70.249 25.708 70.304 25.685 70.36 25.673
69.816 26.58 70.056 26.589
70.592 25.709 70.632 25.701 70.654 25.674 70.657 25.634 70.647 25.431 70.654 25.397 70.71 25.336 70.723 25.287 70.735 25.267 70.849 25.163 70.86 25.139 70.893 25.002 70.915 24.947 70.943 24.894 71.003 24.808 71.037 24.721 71.064 24.683 70.977 24.64 70.963 24.616 70.955 24.585 70.958 24.556 70.981 24.535 70.973 24.487 70.977 24.465 71 24.453 71.075 24.436 71.083 24.412 71.073 24.402 71.025 24.386 70.997 24.357
70.36 25.673 70.477 25.676 70.592 25.709
70.755 24.231 70.622 24.241 70.585 24.258 70.56 24.287 70.546 24.362 70.546 24.373 70.575 24.4 70.563 24.424 70.521 24.425
70.521 24.425 70.416 24.402 70.353 24.366 70.299 24.363 70.243 24.331 70.11 24.305 70.098 24.299 70.087 24.283 70.052 24.202 70.016 24.174 69.972 24.165 69.769 24.163
70.997 24.357 70.936 24.367
70.936 24.367 70.918 24.362 70.857 24.324 70.841 24.306 70.845 24.288 70.858 24.272 70.851 24.265 70.755 24.231
68.839 24.236 68.82 24.25 68.814 24.308 68.799 24.329 68.747 24.331
68.747 24.331 68.726 24.289 68.724 23.965
68.981 24.255 68.963 24.257 68.922 24.311 68.904 24.321
68.904 24.321 68.885 24.314 68.849 24.244 68.839 24.236
69.167 24.253 69.068 24.288
69.068 24.288 68.981 24.255
69.769 24.163 69.715 24.169 69.671 24.189 69.592 24.265 69.563 24.277 69.281 24.284
69.281 24.284 69.206 24.259 69.167 24.253
68.354 23.939 68.352 23.957 68.343 23.969
68.343 23.969 68.33 23.967 68.335 23.941 68.326 23.928 68.3 23.911
68.724 23.965 68.432 23.967
68.432 23.967 68.385 23.96 68.354 23.939
68.3 23.911 68.286 23.916 68.274 23.938
68.274 23.938 68.255 23.929 68.252 23.905 68.26 23.896 68.253 23.892
68.253 23.892 68.243 23.893
68.243 23.893 68.207 23.877 68.183 23.842
-141.006 69.651 -141.001 60.321 -140.995 60.304 -140.98 60.296 -140.534 60.219
-139.102 60.347 -139.079 60.341 -139.069 60.322 -139.073 60.3 -139.183 60.1 -139.182 60.073 -139.052 59.995 -139.004 59.977 -138.743 59.913 -138.705 59.898 -138.692 59.887 -138.654 59.805 -138.637 59.784 -138.599 59.754 -137.611 59.239 -137.582 59.207 -137.484 58.992 -137.508 58.94 -137.509 58.915 -137.487 58.9 -137.453 58.899
-140.016 60.187 -139.968 60.188 -139.917 60.208 -139.728 60.309 -139.68 60.327 -139.628 60.334 -139.102 60.347
-140.448 60.294 -140.424 60.293 -140.016 60.187
-140.534 60.219 -140.519 60.224 -140.463 60.289 -140.448 60.294
-135.483 59.792 -135.465 59.79 -135.404 59.753 -135.26 59.698 -135.158 59.623 -135.088 59.607 -135.019 59.559 -135.023 59.477 -135.037 59.462 -135.079 59.438 -135.096 59.419 -134.993 59.382 -135.014 59.352 -135.016 59.336 -134.958 59.281 -134.932 59.271 -134.692 59.235 -134.66 59.181 -134.611 59.145 -134.583 59.129 -134.478 59.115 -134.451 59.098 -134.387 59.037 -134.386 59.019 -134.399 58.975 -134.33 58.963 -134.32 58.953 -134.33 58.945 -134.333 58.934 -134.317 58.904 -134.222 58.843 -133.871 58.736 -133.831 58.718 -133.796 58.693 -133.7 58.599 -133.626 58.546 -133.463 58.462 -133.392 58.404 -133.43 58.372 -133.415 58.331 -133.375 58.291 -133.166 58.147 -133.142 58.121 -133.095 58.033 -133.075 58.008 -132.917 57.88 -132.552 57.499 -132.362 57.346 -132.231 57.197 -132.341 57.08 -132.032 57.028 -132.107 56.859 -131.872 56.793 -131.866 56.786 -131.888 56.748 -131.886 56.737 -131.83 56.665 -131.827 56.645 -131.832 56.603 -131.826 56.593 -131.799 56.588 -131.692 56.585
-136.367 59.45 -136.32 59.459 -136.275 59.486 -136.245 59.528 -136.258 59.556 -136.35 59.592 -136.258 59.622 -135.924 59.667 -135.483 59.792
-136.468 59.462 -136.367 59.45
-136.672 59.151 -136.613 59.154 -136.569 59.172 -136.485 59.254 -136.467 59.288 -136.468 59.462
-136.785 59.157 -136.672 59.151
-137.453 58.899 -137.423 58.908 -137.282 58.987 -136.841 59.148 -136.785 59.157
-131.586 56.595 -131.56 56.594 -131.536 56.585 -131.492 56.56 -131.101 56.408 -131.017 56.387 -130.839 56.372 -130.76 56.345 -130.646 56.262 -130.602 56.247 -130.472 56.225 -130.458 56.211 -130.428 56.144 -130.404 56.122 -130.211 56.09
-131.692 56.585 -131.586 56.595
-130.117 56.106 -130.094 56.101 -130.072 56.084 -130.027 56.024 -130.015 55.963 -130.02 55.908
-130.211 56.09 -130.117 56.106
34.071 9.455 33.901 9.455 33.889 9.471 33.881 9.499 33.878 9.543 33.884 9.62 33.905 9.711 33.973 9.855 33.956 9.934 33.967 10 33.967 10.047 33.917 10.175 33.902 10.192 33.469 10.544 33.381 10.646 33.14 10.739 33.148 10.766 33.175 10.812 33.182 10.843 33.083 11.599 33.116 11.647 33.132 11.686 33.146 11.819 33.145 11.935 33.203 12.128 33.209 12.21 32.732 12.216
32.732 12.216 32.726 12.132 32.748 12.04 32.747 12.003 32.082 12 32.348 11.703 32.355 11.676 32.36 11.573 32.346 11.412 32.349 11.308 32.364 11.24 32.435 11.107 32.431 11.082 32.414 11.051 31.943 10.656 31.93 10.637 31.864 10.472 31.802 10.376 31.665 10.214 31.235 9.792 31.164 9.764 30.837 9.749 30.805 9.739 30.779 9.72
30.779 9.72 30.749 9.736 30.485 9.972 30.013 10.27
30.013 10.27 29.968 10.243 29.701 10.115 29.615 10.058 29.614 9.914 29.567 9.841 29.483 9.762 29.252 9.711 29.132 9.668 29.009 9.603 28.989 9.587
114.173 22.564 114.183 22.556
114.149 22.538 114.162 22.561 114.173 22.564
114.2 22.556 114.221 22.555
114.183 22.556 114.2 22.556
114.221 22.555 114.23 22.556
114.138 22.539 114.149 22.538
114.117 22.528 114.138 22.539
114.108 22.534 114.117 22.528
114.082 22.529 114.108 22.534
12.453 41.904 12.453 41.903
12.453 41.903 12.453 41.904
28.844 9.325 28.045 9.331 27.997 9.385 27.895 9.595
28.989 9.587 28.914 9.529 28.849 9.466 28.829 9.427 28.831 9.349 28.844 9.325
26.684 9.476 26.626 9.481 26.557 9.52 26.179 9.959 26.103 9.988 26.076 10.018 26.011 10.123 25.956 10.147 25.905 10.181 25.894 10.351 25.839 10.421
25.839 10.421 25.746 10.394
25.746 10.394 25.706 10.396
25.706 10.396 25.623 10.386 25.48 10.344
25.48 10.344 25.439 10.345
25.439 10.345 25.316 10.316
25.285 10.312 25.24 10.323
25.24 10.323 25.21 10.316
25.21 10.316 25.198 10.318
25.198 10.318 25.157 10.306
25.316 10.316 25.305 10.317
25.305 10.317 25.285 10.312
25.157 10.306 25.131 10.308
25.131 10.308 25.084 10.293 25.067 10.275 25.017 10.168 25.014 10.149 25.029 10.092 24.976 9.967 24.914 9.891 24.845 9.842 24.804 9.829 24.796 9.819 24.793 9.52 24.785 9.498 24.695 9.403 24.68 9.373 24.66 9.177 24.559 9 24.558 8.887 24.543 8.875 24.494 8.858 24.38 8.844 24.241 8.762 24.183 8.718 24.17 8.689
27.385 9.605 27.339 9.613
27.339 9.613 27.08 9.607 26.684 9.476
27.609 9.595 27.528 9.605
27.528 9.605 27.385 9.605
27.77 9.583 27.641 9.602
27.641 9.602 27.609 9.595
27.895 9.595 27.868 9.589 27.77 9.583
-1.289 32.151 -1.305 32.151 -1.31 32.167 -1.277 32.201 -1.258 32.321 -1.234 32.375 -1.218 32.393 -1.202 32.4 -1.16 32.405 -1.123 32.418 -1.09 32.439 -1.032 32.494 -1.048 32.517 -1.327 32.699 -1.391 32.719 -1.423 32.742 -1.559 32.934 -1.516 32.959 -1.503 32.975 -1.493 33.016 -1.5 33.06 -1.571 33.112 -1.592 33.137 -1.624 33.197 -1.674 33.238 -1.683 33.271 -1.683 33.369 -1.64 33.476 -1.613 33.521 -1.617 33.554 -1.662 33.645 -1.691 33.667 -1.741 33.687 -1.747 33.702 -1.742 33.718 -1.711 33.747 -1.703 33.762 -1.722 33.851 -1.719 33.898 -1.67 34.079 -1.675 34.106 -1.746 34.29 -1.771 34.335 -1.81 34.372 -1.703 34.48 -1.751 34.494 -1.871 34.597 -1.811 34.681 -1.786 34.726 -1.77 34.741 -1.98 34.865 -1.993 34.879 -2.004 34.918 -2.016 34.926 -2.061 34.93 -2.163 34.994 -2.194 35.004 -2.212 35.023 -2.221 35.05 -2.223 35.089
-1.21 32.09 -1.191 32.125 -1.196 32.146 -1.212 32.158 -1.233 32.164
-1.233 32.164 -1.252 32.164 -1.289 32.151
78.918 33.386 78.965 33.344 78.993 33.331 79.098 33.288 79.125 33.29
78.943 32.346 78.911 32.355 78.771 32.462 78.737 32.546 78.735 32.561 78.751 32.613 78.737 32.63 78.713 32.638
78.713 32.638 78.694 32.63 78.665 32.599 78.63 32.578 78.59 32.57 78.448 32.566 78.385 32.548 78.381 32.528 78.452 32.417 78.436 32.396 78.435 32.384 78.463 32.282 78.458 32.23 78.469 32.227
79.215 32.508 79.161 32.496 79.113 32.472 79.103 32.45 79.092 32.391 79.075 32.371 79.066 32.37
79.066 32.37 79.028 32.377
79.028 32.377 78.943 32.346
78.714 31.883 78.7 31.822 78.674 31.787 78.671 31.771 78.696 31.747 78.693 31.719 78.698 31.711 78.724 31.673 78.74 31.666
78.758 31.667 78.819 31.607 78.797 31.579 78.7 31.51 78.695 31.488 78.763 31.445 78.76 31.412 78.738 31.335 78.741 31.318 78.753 31.302 78.796 31.288
78.74 31.666 78.758 31.667
78.822 31.294 78.849 31.291
78.796 31.288 78.822 31.294
79.388 31.069 79.402 31.024 79.414 31.02
79.446 31.024 79.476 31.014 79.498 30.981 79.53 30.954 79.578 30.938
79.414 31.02 79.446 31.024
79.739 30.979 79.85 30.954 79.88 30.913 79.915 30.884
79.578 30.938 79.63 30.963 79.689 30.967 79.739 30.979
79.125 33.29 79.26 33.292 79.34 33.275 79.42 33.275 79.456 33.25 79.423 33.158 79.373 33.112 79.381 33.062 79.399 33.027 79.34 33.013 79.334 32.994 79.414 32.972 79.564 32.794 79.614 32.765 79.621 32.729 79.576 32.671 79.531 32.648 79.516 32.608 79.443 32.535 79.407 32.53 79.379 32.576 79.32 32.592 79.287 32.533 79.236 32.504 79.215 32.508
78.469 32.227 78.513 32.208 78.552 32.15 78.649 32.036 78.734 31.985 78.745 31.964 78.742 31.945 78.714 31.883
78.849 31.291 78.887 31.284 78.921 31.27 78.96 31.325 78.989 31.343 79.05 31.423 79.07 31.461 79.078 31.462 79.131 31.438 79.179 31.394 79.208 31.351 79.238 31.33 79.239 31.312 79.254 31.299 79.262 31.279 79.248 31.257 79.253 31.245 79.278 31.24 79.298 31.203 79.302 31.163 79.319 31.142 79.367 31.112 79.388 31.069
79.915 30.884 80.006 30.847 80.029 30.831 80.063 30.785 80.092 30.775
80.141 30.793 80.157 30.793 80.169 30.785 80.196 30.748 80.231 30.725 80.207 30.686 80.192 30.68
80.092 30.775 80.141 30.793
80.192 30.68 80.182 30.68
80.182 30.68 80.167 30.674 80.167 30.662 80.2 30.626 80.203 30.606 80.18 30.559
32.975 -9.381 33.104 -9.488 33.173 -9.511
32.921 -9.408 32.955 -9.382 32.975 -9.381
33.282 -9.486 33.3 -9.492 33.375 -9.549 33.404 -9.605 33.439 -9.622 33.481 -9.624
33.249 -9.501 33.282 -9.486
33.216 -9.493 33.249 -9.501
33.173 -9.511 33.202 -9.493 33.216 -9.493
33.735 -9.584 33.788 -9.626 33.865 -9.67 33.912 -9.718
33.651 -9.611 33.676 -9.608 33.735 -9.584
33.559 -9.593 33.651 -9.611
33.481 -9.624 33.512 -9.617 33.559 -9.593
34.012 35.064 34.009 35.06 33.963 35.068 33.941 35.06 33.907 35.069
33.477 35.003 33.467 35.005 33.466 35.014 33.477 35.057 33.477 35.095 33.428 35.168 33.421 35.194 33.414 35.199
33.414 35.199 33.4 35.198 33.375 35.174 33.315 35.162
33.315 35.162 33.24 35.171 33.19 35.19
33.19 35.19 33.142 35.181 33.12 35.16 33.109 35.159
32.855 35.079 32.839 35.08 32.83 35.1 32.795 35.127 32.732 35.143 32.713 35.163 32.711 35.182
33.109 35.159 33.096 35.17
33.096 35.17 33.031 35.149 32.989 35.131 32.97 35.113 32.923 35.099
32.923 35.099 32.888 35.103
32.888 35.103 32.87 35.098 32.855 35.079
33.592 35.034 33.566 35.043 33.562 35.058 33.547 35.073
33.547 35.073 33.541 35.073 33.535 35.057 33.529 35.056
33.529 35.056 33.507 35.061
33.507 35.061 33.494 35.057 33.481 35.032 33.477 35.003
33.638 35.031 33.614 35.046
33.614 35.046 33.592 35.034
33.679 35.034 33.671 35.031
33.671 35.031 33.656 35.032
33.656 35.032 33.638 35.031
32.641 35.187 32.635 35.173 32.615 35.163
32.615 35.163 32.602 35.179
33.889 35.119 33.906 35.091
33.843 35.057 33.854 35.058 33.877 35.077 33.872 35.085 33.876 35.119 33.889 35.119
33.914 35.091 33.921 35.081 33.907 35.069
33.906 35.091 33.914 35.091
33.824 35.067 33.843 35.057
33.786 35.039 33.794 35.04 33.798 35.053 33.824 35.067
33.715 35.067 33.719 35.063 33.708 35.029
33.679 35.034 33.674 35.046 33.679 35.056 33.715 35.067
33.74 35.047 33.766 35.032
33.708 35.029 33.74 35.047
33.776 35.04 33.786 35.039
33.766 35.032 33.776 35.04
33.711 34.986 33.715 34.997 33.697 35.009 33.705 35.015 33.702 35.022 33.679 35.034
33.703 34.988 33.711 34.986
33.702 34.973 33.703 34.988
33.907 35.069 33.898 35.061
33.898 35.061 33.88 35.073
33.88 35.073 33.855 35.053 33.841 35.051
33.841 35.051 33.827 35.061
33.827 35.061 33.804 35.05 33.799 35.039 33.83 35.023 33.829 35.001 33.84 34.993 33.859 34.992 33.859 34.975 33.838 34.964 33.846 34.96
33.864 34.963 33.892 34.958
33.846 34.96 33.864 34.963
74.824 36.994 74.793 37.015 74.719 37.016 74.678 37.052 74.662 37.054
74.662 37.054 74.542 37.022
75.493 36.721 75.432 36.723 75.411 36.747 75.394 36.864 75.378 36.894 75.351 36.916 75.313 36.929 75.195 36.949 75.133 36.985 75.1 36.994
75.1 36.994 74.977 36.984 74.925 36.971 74.901 36.95 74.886 36.911 74.872 36.907
74.872 36.907 74.861 36.947 74.825 36.994
74.825 36.994 74.824 36.994
75.977 36.462 75.875 36.619 75.85 36.645 75.729 36.723 75.65 36.754 75.571 36.767
75.571 36.767 75.508 36.748 75.493 36.721
-123.09 48.993 -123.035 48.993
-68.628 -52.64 -68.642 -54.783
-75.179 19.971 -75.16 19.971
-75.233 19.9 -75.229 19.937 -75.179 19.971
14.201 53.878 14.193 53.894 14.175 53.906 14.193 53.911 14.21 53.938
20.925 55.283 20.989 55.273
-3.115 5.108 -3.12 5.091
77.049 35.11 76.777 35.646
77.049 35.11 77.8 35.495
128.395 38.578 128.332 38.554 128.339 38.523 128.333 38.47 128.315 38.428 128.262 38.361 128.201 38.311 128.128 38.274 128.049 38.252 127.972 38.247 127.87 38.252 127.8 38.24 127.764 38.247 127.735 38.271 127.569 38.26 127.51 38.246 127.467 38.243 127.373 38.265 127.222 38.26 127.168 38.255 127.11 38.237 127.005 38.178 126.963 38.102 126.885 38.044 126.797 37.939 126.744 37.905 126.715 37.897 126.72 37.832 126.705 37.8 126.686 37.782
63.384 46.391 63.501 46.382 63.611 46.358 63.71 46.32 63.796 46.27 63.868 46.209 63.921 46.139 63.955 46.061 63.967 45.978 63.955 45.895 63.921 45.818 63.868 45.748 63.796 45.687 63.71 45.636 63.611 45.598 63.501 45.574 63.384 45.566
63.384 45.566 63.266 45.574 63.157 45.598 63.058 45.636 62.971 45.687 62.9 45.748 62.846 45.818 62.813 45.895 62.801 45.978 62.813 46.061 62.846 46.139 62.9 46.209 62.971 46.27 63.058 46.32 63.157 46.358 63.266 46.382 63.384 46.391
126.621 37.788 126.607 37.918 126.619 37.972 126.661 37.996 126.7 38.003 126.726 38.019 126.81 38.12 126.877 38.167 126.91 38.232 126.938 38.26 127 38.3 127.071 38.335 127.147 38.36 127.222 38.366 127.381 38.372 127.476 38.349 127.553 38.365 127.765 38.379 127.795 38.363 127.808 38.349 127.864 38.358 127.971 38.353 128.031 38.357 128.089 38.373 128.143 38.401 128.189 38.438 128.221 38.479 128.229 38.498 128.232 38.517 128.22 38.581 128.24 38.621 128.284 38.649 128.36 38.675
35.87 33.431 35.87 33.407 35.845 33.389 35.83 33.365 35.845 33.304 35.84 33.295 35.819 33.284 35.851 33.276 35.866 33.226 35.889 33.199 35.882 33.189 35.885 33.179 35.9 33.18 35.911 33.166 35.911 33.135 35.892 33.124 35.903 33.117 35.903 33.11 35.868 33.107 35.865 33.082 35.877 32.993 35.924 32.968 35.912 32.947 35.89 32.929 35.861 32.88 35.843 32.822 35.815 32.787 35.791 32.774 35.77 32.748
32.692 35.184 32.698 35.157 32.713 35.134 32.796 35.103 32.807 35.095 32.81 35.071 32.826 35.059
33.189 35.163 33.239 35.149 33.262 35.126 33.301 35.114
33.098 35.131 33.123 35.131 33.174 35.163 33.189 35.163
33.416 35.16 33.421 35.157 33.425 35.13 33.459 35.095 33.459 35.042 33.446 35.001 33.459 34.978
33.373 35.156 33.416 35.16
33.357 35.157 33.373 35.156
33.301 35.114 33.357 35.157
33.047 35.138 33.098 35.131
32.922 35.072 32.948 35.079 32.985 35.109 33.047 35.138
32.891 35.092 32.922 35.072
32.826 35.059 32.861 35.065 32.891 35.092
33.52 35.044 33.527 35.037 33.534 35 33.546 34.995
33.459 34.978 33.486 34.982 33.497 35.026 33.52 35.044
33.581 35.02 33.603 35.012
33.546 34.995 33.564 35.001 33.581 35.02
33.62 35.017 33.703 34.988
33.603 35.012 33.62 35.017
32.622 35.152 32.646 35.161 32.66 35.187
32.585 35.173 32.593 35.161 32.622 35.152
33.898 35.061 33.931 35.051
33.98 35.057 34.002 35.047
33.931 35.051 33.98 35.057
34.002 35.047 34.022 35.057
77.8 35.495 77.774 35.499
77.774 35.499 77.747 35.494 77.69 35.463 77.661 35.458
77.661 35.458 77.52 35.477
76.976 35.579 76.936 35.58 76.896 35.59 76.843 35.641 76.825 35.648
76.825 35.648 76.783 35.646
76.783 35.646 76.777 35.646
77.178 35.523 77.141 35.525 77.105 35.538 77.071 35.571 77.039 35.585
77.039 35.585 76.976 35.579
77.413 35.469 77.384 35.472 77.352 35.486 77.281 35.528 77.251 35.531
77.251 35.531 77.178 35.523
77.52 35.477 77.512 35.478
77.512 35.478 77.413 35.469
117.704 4.163 117.738 4.157
117.853 4.157 117.907 4.157
117.738 4.157 117.853 4.157
32.832 34.701 32.841 34.699
32.799 34.671 32.806 34.686 32.819 34.688 32.832 34.701
32.86 34.701 32.866 34.679 32.885 34.667 32.914 34.66
32.841 34.699 32.86 34.701
32.767 34.676 32.799 34.671
32.761 34.653 32.76 34.669 32.767 34.676
32.914 34.66 32.917 34.667
32.955 34.677 32.988 34.673 32.99 34.646 32.97 34.646
32.936 34.658 32.955 34.677
32.917 34.667 32.936 34.658
32.97 34.646 32.966 34.652
32.966 34.652 32.954 34.643 32.956 34.629 32.963 34.625
32.963 34.625 32.97 34.632 33.016 34.634
-89.228 15.881 -89.237 15.894 -89.234 15.955 -89.193 16.393
-88.952 15.88 -89.04 15.902
-89.04 15.902 -89.101 15.897
-89.101 15.897 -89.177 15.9
-89.177 15.9 -89.228 15.881
-88.914 15.894 -88.952 15.88
-68.449 -52.347 -68.448 -52.31 -68.454 -52.3 -68.573 -52.28 -68.622 -52.264 -68.82 -52.243 -69.008 -52.179 -69.212 -52.138 -69.485 -52.132 -69.953 -52.007 -71.918 -51.99 -71.965 -51.971 -71.96 -51.928 -71.948 -51.896 -71.958 -51.868 -71.982 -51.845 -72.073 -51.779 -72.142 -51.739 -72.187 -51.721 -72.281 -51.701 -72.301 -51.691 -72.314 -51.672 -72.323 -51.616 -72.331 -51.599 -72.352 -51.583 -72.429 -51.576 -72.45 -51.553 -72.422 -51.522 -72.351 -51.476 -72.352 -51.44 -72.329 -51.409 -72.324 -51.391 -72.32 -51.313 -72.313 -51.298 -72.259 -51.245 -72.258 -51.231 -72.274 -51.217 -72.349 -51.184 -72.382 -51.161 -72.403 -51.126 -72.405 -51.106 -72.339 -51.037 -72.293 -51.029 -72.277 -51.007 -72.266 -50.961 -72.257 -50.875 -72.263 -50.836 -72.338 -50.761 -72.347 -50.743 -72.348 -50.729 -72.305 -50.665 -72.303 -50.649 -72.383 -50.62 -72.506 -50.601 -72.549 -50.615 -72.618 -50.667 -72.663 -50.668 -72.756 -50.616 -72.778 -50.62 -72.903 -50.667 -73.052 -50.758 -73.096 -50.771 -73.139 -50.77 -73.178 -50.749 -73.187 -50.717 -73.185 -50.678 -73.192 -50.641 -73.258 -50.573 -73.262 -50.499 -73.276 -50.426 -73.274 -50.364 -73.301 -50.3 -73.346 -50.244 -73.406 -50.217 -73.531 -50.141 -73.541 -50.114 -73.532 -50.083 -73.481 -50.023 -73.479 -50.009 -73.5 -49.979 -73.573 -49.932 -73.568 -49.92 -73.542 -49.895 -73.534 -49.848 -73.482 -49.812 -73.463 -49.787 -73.465 -49.76
-73.465 -49.76 -73.493 -49.728 -73.54 -49.693 -73.546 -49.677 -73.518 -49.628 -73.521 -49.609 -73.576 -49.559 -73.588 -49.541 -73.587 -49.53 -73.543 -49.491 -73.551 -49.444 -73.54 -49.428 -73.467 -49.388 -73.462 -49.375 -73.471 -49.317 -73.458 -49.308 -73.145 -49.304 -73.141 -49.286 -73.098 -49.273 -73.098 -49.267
-8.753 27.661 -8.817 27.661
-8.682 27.661 -8.753 27.661
56.274 25.281 56.288 25.272 56.283 25.255 56.263 25.249
56.263 25.249 56.26 25.276 56.274 25.281
89.225 27.808 89.217 27.771 89.198 27.731 89.127 27.627 89.125 27.615
89.796 28.24 89.781 28.229 89.756 28.184 89.718 28.169 89.598 28.15 89.561 28.135 89.515 28.082 89.475 28.061 89.445 28.031 89.37 27.909 89.336 27.869 89.299 27.844 89.225 27.808
90.33 28.256 90.291 28.261 90.262 28.299 90.262 28.335 90.226 28.358
90.226 28.358 90.199 28.349 90.176 28.325 90.153 28.322
90.153 28.322 90.124 28.335 90.071 28.345
90.071 28.345 89.953 28.308
89.953 28.308 89.916 28.316
89.916 28.316 89.881 28.298
89.881 28.298 89.874 28.301
89.874 28.301 89.83 28.259 89.796 28.24
90.417 28.283 90.387 28.299
90.387 28.299 90.354 28.299 90.33 28.256
90.475 28.072 90.486 28.125 90.515 28.154 90.548 28.158 90.568 28.191 90.598 28.2 90.588 28.233 90.548 28.246 90.505 28.25 90.456 28.283
90.456 28.283 90.417 28.283
74.672 32.841 74.685 32.831 74.689 32.809 74.65 32.723 74.656 32.641 74.63 32.588 74.633 32.568 74.663 32.498 74.689 32.471 74.725 32.461
74.521 32.745 74.574 32.753 74.614 32.77 74.636 32.822 74.654 32.837 74.672 32.841
74.307 32.81 74.329 32.776 74.368 32.764
74.439 32.786 74.484 32.754 74.521 32.745
74.368 32.764 74.419 32.785 74.439 32.786
74.838 32.475 74.907 32.445
74.725 32.461 74.838 32.475
75.024 32.466 75.055 32.456 75.126 32.412 75.196 32.397 75.298 32.332
74.907 32.445 75.024 32.466
88.983 27.493 88.966 27.478 88.951 27.433 88.981 27.355 88.997 27.331 88.972 27.312 88.951 27.328 88.915 27.331 88.892 27.316
89.106 27.623 89.125 27.615
88.983 27.493 88.98 27.498
88.98 27.498 88.973 27.518 88.978 27.53 89.005 27.55 89.003 27.56 89.016 27.576 89.033 27.579 89.051 27.608 89.064 27.616 89.092 27.626 89.106 27.623
33.629 46.125 33.66 46.148 33.671 46.173 33.662 46.21 33.67 46.218 33.716 46.196 33.755 46.193 33.802 46.203 33.846 46.196 34.026 46.116 34.105 46.095 34.161 46.091 34.201 46.1 34.236 46.098 34.301 46.07 34.334 46.07 34.362 46.056 34.411 45.988 34.465 45.955 34.504 45.951 34.53 45.981 34.57 45.976 34.642 45.981 34.689 45.974 34.735 45.953 34.763 45.932 34.784 45.899 34.789 45.804 34.81 45.785 34.871 45.773 34.952 45.722 34.976 45.717 35.002 45.729
35.781 4.62 35.921 4.619
34.381 4.62 34.666 4.765 35.246 4.982 35.263 4.949 35.412 5.03 35.434 5.004 35.396 4.926 35.496 4.926 35.571 4.904 35.522 4.78 35.61 4.621
35.716 33.327 35.699 33.323 35.652 33.277 35.631 33.275
35.631 33.275 35.62 33.27 35.618 33.256 35.604 33.24
35.61 4.621 35.7 4.589 35.706 4.619
35.706 4.619 35.712 4.662 35.739 4.681
145.941 43.099 145.904 43.262 145.846 43.37 145.841 43.417 145.78 43.454 145.688 43.545 145.539 43.512 145.428 43.637 145.332 43.682 145.263 43.732 145.242 43.781 145.252 43.869 145.275 43.905 145.404 44.017 145.442 44.064 145.499 44.107 145.533 44.143 145.622 44.29 145.664 44.448 145.647 44.59 145.58 44.785
36.627 44.867 36.606 44.986 36.548 45.118 36.517 45.159 36.505 45.199 36.621 45.225 36.645 45.261 36.597 45.28 36.575 45.309 36.593 45.319 36.615 45.318 36.637 45.33 36.686 45.4 36.692 45.434 36.69 45.664
88.118 27.861 88.165 27.845 88.167 27.834 88.155 27.815 88.16 27.774 88.135 27.723 88.111 27.64 88.049 27.545 88.023 27.495 88.028 27.455 88.042 27.438 88.015 27.378 88.035 27.323 88.029 27.298 87.989 27.218 87.985 27.148 87.969 27.111 88.009 27.046 88.043 27.029 88.077 26.992 88.151 26.863 88.169 26.744 88.163 26.705 88.147 26.661 88.102 26.582 88.08 26.518 88.082 26.495 88.074 26.454 88.044 26.406 88.007 26.37 87.975 26.367 87.929 26.396 87.915 26.408 87.897 26.443 87.87 26.465 87.852 26.461 87.822 26.438 87.804 26.437 87.769 26.451 87.756 26.447 87.742 26.41 87.728 26.404 87.711 26.406 87.681 26.424 87.587 26.378 87.552 26.387 87.48 26.423 87.416 26.427 87.356 26.404 87.326 26.353 87.314 26.344 87.3 26.346 87.245 26.37 87.219 26.408 87.135 26.394 87.106 26.405 87.083 26.432 87.067 26.466 87.045 26.544 87.041 26.58 87.03 26.58 86.972 26.532 86.907 26.512 86.876 26.495 86.866 26.472 86.822 26.438 86.796 26.432 86.752 26.446 86.738 26.444 86.714 26.415 86.695 26.418 86.625 26.456 86.558 26.484 86.495 26.528 86.354 26.583 86.316 26.581 86.309 26.588 86.309 26.602 86.284 26.612 86.225 26.597 86.196 26.583 86.153 26.601 86.116 26.603 86.042 26.645 86.011 26.654 85.952 26.642 85.866 26.58 85.829 26.566 85.822 26.572 85.818 26.597 85.81 26.603 85.781 26.599 85.713 26.653 85.702 26.688 85.71 26.762 85.702 26.797 85.688 26.812 85.609 26.851 85.599 26.854 85.519 26.826 85.44 26.788 85.422 26.783 85.386 26.788 85.337 26.747 85.287 26.737 85.195 26.759 85.166 26.786 85.162 26.851 85.123 26.866 85.044 26.844 85.019 26.846 85.018 26.874 84.953 26.898 84.939 26.937 84.924 26.956 84.852 26.982 84.828 26.995 84.817 27.011 84.802 27.014 84.761 26.999 84.64 27.028 84.627 27.036 84.621 27.058 84.654 27.125 84.658 27.203 84.632 27.277 84.607 27.31 84.577 27.329 84.289 27.376 84.268 27.389 84.239 27.431 84.226 27.44 84.186 27.439 84.166 27.472 84.122 27.495 84.117 27.513 84.1 27.517 84.08 27.51 84.029 27.454 84.008 27.441 83.976 27.44 83.923 27.45 83.834 27.434 83.871 27.389 83.878 27.37 83.877 27.362 83.855 27.345 83.663 27.432 83.59 27.457 83.481 27.47 83.387 27.47 83.361 27.462 83.356 27.452 83.356 27.429 83.371 27.41 83.363 27.386 83.324 27.342 83.305 27.332 83.282 27.331 83.259 27.338 83.249 27.348 83.219 27.394 83.17 27.431 83.133 27.444 83.01 27.443 82.947 27.457 82.876 27.488 82.752 27.495 82.73 27.518 82.709 27.631 82.697 27.669 82.68 27.694 82.652 27.704 82.526 27.675 82.441 27.666 82.402 27.677 82.348 27.726 82.27 27.76 82.151 27.848 82.09 27.872 82.052 27.905 82.027 27.912 81.976 27.917 81.946 27.905 81.906 27.863 81.883 27.849 81.856 27.851 81.75 27.91 81.689 27.963 81.615 27.981 81.562 28.026 81.473 28.066 81.458 28.077 81.448 28.111 81.435 28.13 81.396 28.161 81.358 28.166 81.338 28.133 81.307 28.124 81.296 28.128 81.299 28.143 81.283 28.146 81.277 28.154 81.281 28.162 81.296 28.167 81.282 28.192 81.224 28.251 81.19 28.338 81.17 28.361 81.146 28.372 81 28.397 80.988 28.431 80.976 28.437 80.941 28.433 80.905 28.441 80.887 28.453 80.872 28.497 80.798 28.506 80.782 28.515 80.727 28.56 80.679 28.575 80.648 28.62 80.636 28.628 80.564 28.647 80.557 28.655 80.556 28.679 80.518 28.68 80.498 28.67 80.488 28.656 80.493 28.576 80.488 28.562 80.469 28.572 80.427 28.617 80.408 28.626 80.35 28.62 80.33 28.627 80.291 28.69 80.257 28.703 80.233 28.733 80.216 28.742 80.162 28.753 80.114 28.803 80.082 28.819 80.055 28.824 80.036 28.837 80.03 28.878 80.034 28.916 80.053 28.949 80.099 28.977 80.108 28.995 80.105 29.028 80.113 29.072 80.133 29.11 80.164 29.123 80.221 29.126 80.233 29.139 80.214 29.197 80.219 29.211 80.236 29.213 80.258 29.202 80.283 29.291 80.28 29.31 80.264 29.315
80.884 30.21 80.903 30.18 80.921 30.177 80.996 30.197
-57.642 -30.193 -57.624 -30.258 -57.631 -30.297 -57.653 -30.329 -57.85 -30.485 -57.877 -30.515 -57.89 -30.551 -57.886 -30.59 -57.826 -30.69 -57.802 -30.773 -57.796 -30.868 -57.807 -30.908 -57.82 -30.912
-57.82 -30.912 -57.843 -30.909 -57.885 -30.919 -57.904 -30.93 -57.912 -30.947 -57.863 -31.012 -57.855 -31.059 -57.899 -31.126 -57.912 -31.171 -57.905 -31.241 -57.936 -31.29 -57.966 -31.315 -57.976 -31.335 -57.981 -31.381 -57.99 -31.399 -58.063 -31.444 -58.075 -31.475 -57.987 -31.554 -57.98 -31.599 -57.989 -31.643 -58.049 -31.797 -58.059 -31.811 -58.153 -31.836 -58.196 -31.873 -58.203 -31.893 -58.159 -31.944 -58.145 -32.018 -58.148 -32.063 -58.159 -32.102 -58.181 -32.132 -58.187 -32.153 -58.175 -32.174 -58.107 -32.252 -58.097 -32.281 -58.102 -32.311 -58.165 -32.389 -58.2 -32.447
-57.603 -30.191 -57.612 -30.183
-56.011 -31.082 -56.022 -31.067 -56.016 -30.934 -56.011 -30.913 -55.994 -30.885 -55.989 -30.856
-55.989 -30.856 -55.995 -30.826 -56.011 -30.798 -56.077 -30.752 -56.132 -30.672 -56.171 -30.646 -56.184 -30.615 -56.215 -30.582 -56.327 -30.508 -56.373 -30.486 -56.441 -30.409 -56.495 -30.379 -56.524 -30.357 -56.575 -30.302 -56.596 -30.295
-55.713 -30.943 -55.732 -30.945 -55.745 -30.959 -55.764 -31.008 -55.817 -31.043
-55.817 -31.043 -55.855 -31.075 -55.919 -31.082
-56.596 -30.295 -56.631 -30.285 -56.633 -30.247 -56.657 -30.221 -56.767 -30.161 -56.795 -30.124 -56.831 -30.102 -56.906 -30.109 -56.955 -30.097 -57.011 -30.103 -57.038 -30.115 -57.077 -30.106 -57.102 -30.121 -57.151 -30.182 -57.164 -30.239 -57.184 -30.268 -57.213 -30.287 -57.245 -30.293 -57.27 -30.275 -57.296 -30.293 -57.334 -30.273 -57.354 -30.272 -57.399 -30.299 -57.415 -30.296 -57.43 -30.275 -57.443 -30.269 -57.511 -30.277
-55.919 -31.082 -56.011 -31.082
-53.379 -33.741 -53.411 -33.742 -53.424 -33.731 -53.44 -33.697 -53.457 -33.688 -53.512 -33.69 -53.54 -33.649 -53.537 -33.56 -53.514 -33.395 -53.536 -33.245 -53.537 -33.171 -53.512 -33.099 -53.483 -33.067 -53.449 -33.042 -53.327 -32.974 -53.31 -32.944 -53.307 -32.907 -53.299 -32.889 -53.271 -32.864 -53.204 -32.822 -53.163 -32.779 -53.127 -32.755 -53.114 -32.741 -53.111 -32.722 -53.12 -32.707 -53.201 -32.637 -53.267 -32.607 -53.316 -32.603 -53.359 -32.58 -53.416 -32.564 -53.475 -32.508 -53.561 -32.45 -53.609 -32.388 -53.644 -32.356 -53.659 -32.254 -53.671 -32.226 -53.721 -32.162 -53.75 -32.104 -53.757 -32.055 -53.772 -32.047 -53.83 -32.036 -53.858 -32.021 -53.881 -32.001 -53.894 -31.97 -53.906 -31.959 -53.949 -31.937 -54.009 -31.927 -54.05 -31.887 -54.088 -31.878 -54.107 -31.884 -54.135 -31.909 -54.146 -31.91 -54.274 -31.823 -54.404 -31.715 -54.464 -31.672 -54.477 -31.642 -54.483 -31.584 -54.495 -31.566 -54.562 -31.516 -54.605 -31.46 -54.82 -31.435 -54.85 -31.425 -54.9 -31.382 -54.941 -31.366 -54.97 -31.341 -55.029 -31.269 -55.042 -31.273 -55.061 -31.305 -55.087 -31.327 -55.122 -31.314 -55.188 -31.267 -55.244 -31.245 -55.26 -31.229 -55.282 -31.169 -55.294 -31.154 -55.338 -31.126 -55.354 -31.056 -55.369 -31.037 -55.511 -30.906 -55.564 -30.876 -55.592 -30.848 -55.613 -30.843 -55.634 -30.848 -55.65 -30.861 -55.655 -30.879 -55.653 -30.939 -55.666 -30.949 -55.713 -30.943
-57.642 -30.193 -57.603 -30.191
-83.86 10.722 -83.835 10.748 -83.769 10.772 -83.698 10.789 -83.663 10.807 -83.66 10.834 -83.67 10.892 -83.68 10.897 -83.679 10.916
-83.679 10.916 -83.689 10.935 -83.697 10.937
-84.18 10.79 -84.149 10.787
-84.192 10.782 -84.18 10.79
-84.009 10.789 -83.998 10.782 -83.994 10.765 -83.933 10.718 -83.917 10.713
-84.035 10.776 -84.023 10.787 -84.009 10.789
-84.137 10.789 -84.107 10.767
-84.149 10.787 -84.137 10.789
-84.052 10.78 -84.035 10.776
-84.076 10.764 -84.052 10.78
-84.089 10.776 -84.076 10.764
-84.107 10.767 -84.089 10.776
-83.887 10.727 -83.86 10.722
-83.917 10.713 -83.887 10.727
-83.687 10.938 -83.673 10.933 -83.676 10.926 -83.665 10.935
33.159 21.995 34.076 21.995
34.076 21.995 36.884 21.996
24.981 21.995 30.918 21.994
30.918 21.994 31.248 21.994 31.262 22.002 31.36 22.188 31.385 22.214 31.423 22.227 31.461 22.215 31.483 22.195 31.492 22.173 31.491 22.148 31.435 21.995
13.643 45.459 13.624 45.463 13.59 45.489
16.515 46.502 16.481 46.519 16.44 46.519 16.406 46.539 16.369 46.541 16.358 46.547 16.352 46.539 16.344 46.547 16.33 46.535 16.264 46.516 16.235 46.493 16.234 46.479 16.249 46.438 16.251 46.405 16.279 46.387 16.276 46.373 16.192 46.37 16.144 46.395 16.132 46.393 16.106 46.374 16.058 46.378 16.06 46.332 16.052 46.319 16.019 46.299 15.949 46.284 15.884 46.259 15.818 46.256 15.789 46.243 15.769 46.219 15.75 46.211 15.661 46.215 15.64 46.208 15.604 46.167 15.59 46.139 15.59 46.114 15.604 46.091 15.632 46.071 15.684 46.051 15.698 46.036 15.674 45.993 15.676 45.925 15.659 45.889 15.675 45.856 15.676 45.842 15.666 45.832 15.626 45.82 15.524 45.827 15.485 45.81 15.451 45.815 15.44 45.811 15.436 45.802 15.441 45.782 15.429 45.775 15.304 45.746 15.255 45.723 15.251 45.708 15.268 45.698 15.283 45.68 15.305 45.672 15.331 45.685 15.374 45.64 15.297 45.626 15.288 45.61 15.269 45.602 15.297 45.523 15.311 45.506 15.361 45.482 15.325 45.453 15.282 45.451 15.184 45.426
15.184 45.426 15.139 45.43 15.056 45.48 15.007 45.481 14.986 45.491 14.963 45.493 14.923 45.515 14.904 45.514 14.901 45.493 14.882 45.47 14.839 45.459 14.797 45.465 14.781 45.493 14.688 45.522 14.668 45.534 14.67 45.565 14.603 45.604 14.594 45.616 14.592 45.663 14.581 45.668 14.556 45.657 14.544 45.636 14.499 45.596 14.482 45.542 14.469 45.526 14.373 45.478 14.327 45.475 14.219 45.497 14.146 45.476 14.093 45.474 14.067 45.48 14.014 45.508 13.972 45.514 13.961 45.504 13.961 45.493 13.983 45.475 13.97 45.463 13.923 45.449 13.889 45.424 13.82 45.433 13.759 45.463 13.643 45.459
19.053 45.345 19.083 45.339 19.096 45.329 19.104 45.299 19.197 45.265
19.26 45.243 19.397 45.223 19.408 45.203 19.405 45.18 19.391 45.169 19.304 45.167 19.287 45.18 19.268 45.166 19.205 45.163 19.185 45.168 19.144 45.2 19.122 45.196 19.142 45.162 19.138 45.146 19.06 45.147 19.045 45.137 19.046 45.128 19.072 45.107 19.082 45.085 19.095 45.021 19.087 44.977 19.098 44.97 19.119 44.976 19.128 44.968 19.132 44.953 19.104 44.938 19.079 44.911 19.067 44.906 19.052 44.907 19.018 44.926 18.991 44.915 18.994 44.895 19.016 44.866
19.008 45.36 19.03 45.345 19.053 45.345
19.197 45.265 19.26 45.243
-73.465 -49.76 -73.197 -49.682 -73.06 -49.555 -73.057 -49.476 -73.084 -49.423 -73.119 -49.392 -73.109 -49.311 -73.098 -49.273
35.186 31.809 35.184 31.825 35.216 31.82 35.205 31.877 35.222 31.879 35.233 31.843 35.25 31.844 35.257 31.839 35.252 31.831 35.265 31.826 35.256 31.812 35.263 31.79 35.253 31.77 35.263 31.749 35.238 31.709 35.205 31.723 35.179 31.72 35.167 31.732 35.149 31.737
34.987 31.967 35.008 31.945 35.005 31.934 35.03 31.924 35.039 31.909 35.034 31.861 34.999 31.854 34.977 31.833 35.013 31.829 35.027 31.833 35.056 31.853 35.076 31.854 35.112 31.824
35.149 31.737 35.126 31.733 35.114 31.718 35.059 31.677 34.974 31.63 34.955 31.612 34.937 31.582 34.927 31.494 34.882 31.43 34.867 31.396 34.879 31.363 34.901 31.348 34.927 31.345 35.04 31.363 35.165 31.362 35.223 31.381 35.332 31.459 35.39 31.487 35.458 31.492
35.112 31.824 35.121 31.825 35.137 31.814 35.186 31.809
75.348 34.557 75.267 34.598 75.225 34.639
75.225 34.639 75.213 34.645 75.176 34.645 75.111 34.634 75.018 34.63 74.665 34.688 74.412 34.764 74.349 34.773 74.286 34.769 74.222 34.748 74.121 34.691 73.962 34.668 73.919 34.643 73.926 34.565 73.911 34.545 73.863 34.517 73.847 34.494 73.84 34.444 73.796 34.419 73.78 34.396 73.775 34.371 73.783 34.347 73.804 34.327 73.853 34.307 73.938 34.304 73.954 34.287 73.991 34.219 73.998 34.197 73.995 34.176 73.977 34.162 73.917 34.135 73.893 34.115 73.884 34.084 73.894 34.054 73.916 34.028 73.946 34.01 73.977 34.005 74.045 34.019 74.118 34.003 74.228 34.013 74.26 33.994 74.272 33.962 74.262 33.93 74.24 33.901 74.178 33.858 74.142 33.844 74.035 33.829 74.011 33.81 73.971 33.747 73.961 33.692 73.977 33.648 74.024 33.614 74.088 33.585 74.142 33.549 74.158 33.494 74.136 33.418 74.096 33.328 74.072 33.302 74.002 33.27 73.992 33.253 73.988 33.209 74.002 33.178 74.098 33.105 74.154 33.04 74.191 33.022 74.284 33.009 74.311 32.994 74.322 32.972 74.324 32.921 74.337 32.87 74.334 32.849 74.307 32.81
77.049 35.11 77.023 35.086 77.035 35.035 77.029 35.003 77.013 34.986 76.921 34.921 76.853 34.943 76.782 34.931 76.758 34.915 76.75 34.892 76.753 34.838 76.744 34.819 76.64 34.741 76.536 34.726 76.476 34.758 76.438 34.763 76.4 34.751 76.262 34.685 76.155 34.662 76.122 34.661 76.058 34.683 76.023 34.677 75.973 34.622 75.939 34.612 75.874 34.571 75.796 34.508 75.777 34.504 75.714 34.509 75.656 34.497 75.612 34.498 75.348 34.557
-8.191 42.062 -8.204 42.07 -8.204 42.129 -8.222 42.154
-7.105 38.827 -7.056 38.855 -7.052 38.885 -7.066 38.905 -7.022 38.943 -6.973 39.014 -6.975 39.023 -6.986 39.03 -6.979 39.047 -6.986 39.067 -7 39.085 -7.039 39.109 -7.065 39.115
-7.065 39.115 -7.091 39.112 -7.127 39.097 -7.157 39.105 -7.169 39.122 -7.156 39.152 -7.168 39.171 -7.244 39.196 -7.258 39.211 -7.266 39.231 -7.264 39.252 -7.251 39.271 -7.327 39.341 -7.332 39.385 -7.319 39.413 -7.314 39.457 -7.321 39.467 -7.363 39.476 -7.399 39.494 -7.418 39.524 -7.451 39.538 -7.516 39.594 -7.557 39.68 -7.341 39.672 -7.293 39.683 -7.236 39.687 -7.214 39.676 -7.183 39.675 -7.021 39.694 -7.01 39.715 -7.013 39.739 -6.993 39.774 -7 39.803 -6.985 39.821 -6.953 39.833 -6.928 39.862 -6.922 39.897 -6.925 39.918 -6.91 39.932 -6.902 39.976 -6.88 40.009 -6.956 40.103 -6.977 40.113 -7.016 40.119 -7.028 40.133 -7.043 40.181 -7.016 40.226 -6.955 40.253 -6.896 40.255 -6.878 40.265 -6.87 40.296 -6.812 40.332 -6.794 40.356 -6.828 40.381 -6.851 40.41 -6.857 40.442 -6.813 40.515 -6.818 40.532 -6.848 40.565 -6.85 40.582 -6.814 40.647 -6.816 40.677 -6.839 40.758 -6.834 40.798 -6.837 40.84 -6.82 40.844 -6.816 40.857 -6.821 40.87 -6.855 40.887 -6.885 40.949 -6.94 41.003 -6.942 41.016 -6.932 41.029 -6.928 41.048 -6.907 41.056 -6.845 41.052 -6.818 41.054 -6.804 41.064 -6.765 41.109 -6.757 41.127 -6.755 41.159 -6.707 41.194 -6.694 41.217 -6.647 41.268 -6.563 41.271 -6.496 41.295 -6.431 41.339 -6.4 41.377 -6.379 41.377 -6.379 41.397 -6.352 41.409 -6.321 41.411 -6.321 41.42 -6.283 41.466 -6.286 41.487 -6.28 41.497 -6.206 41.57 -6.272 41.628 -6.317 41.65 -6.366 41.664 -6.461 41.677 -6.503 41.653 -6.542 41.659 -6.555 41.675 -6.563 41.713 -6.577 41.74 -6.56 41.767 -6.536 41.849 -6.524 41.867 -6.568 41.876 -6.576 41.883 -6.568 41.926 -6.572 41.943 -6.585 41.955 -6.609 41.962 -6.623 41.941 -6.657 41.933 -6.728 41.931 -6.758 41.938 -6.794 41.98 -6.825 41.984 -6.831 41.954 -6.855 41.943 -6.917 41.939 -6.945 41.943 -6.992 41.966 -7.051 41.942 -7.145 41.987 -7.177 41.978 -7.2 41.964 -7.198 41.901 -7.219 41.879 -7.251 41.864 -7.322 41.845 -7.392 41.842 -7.443 41.806 -7.457 41.839 -7.469 41.853 -7.516 41.865 -7.532 41.84 -7.547 41.832 -7.606 41.826 -7.622 41.832 -7.623 41.842 -7.607 41.873 -7.661 41.875 -7.722 41.899 -7.75 41.888 -7.85 41.876 -7.865 41.858 -7.897 41.858 -7.906 41.914 -7.926 41.908 -7.945 41.867 -7.994 41.864 -8.049 41.816 -8.093 41.807 -8.18 41.811 -8.177 41.85 -8.185 41.858 -8.22 41.868 -8.232 41.886 -8.23 41.905 -8.182 41.965 -8.108 42.011 -8.097 42.023 -8.095 42.041 -8.103 42.056 -8.138 42.073 -8.191 42.062 -8.204 42.07 -8.204 42.129 -8.222 42.154 -8.252 42.138 -8.295 42.13 -8.347 42.102 -8.501 42.083 -8.573 42.054 -8.627 42.051 -8.653 42.031 -8.671 42 -8.751 41.969
-7.414 37.193 -7.434 37.259 -7.428 37.275 -7.437 37.307 -7.445 37.387 -7.462 37.418 -7.469 37.476 -7.476 37.494 -7.506 37.518 -7.524 37.556 -7.529 37.557 -7.53 37.567 -7.513 37.59 -7.514 37.601 -7.472 37.637 -7.458 37.7 -7.444 37.73 -7.426 37.751 -7.334 37.812 -7.307 37.851 -7.269 37.949 -7.273 37.977 -7.223 37.994 -7.185 37.989 -7.16 37.997 -7.142 38.012 -7.123 38.04 -7.049 38.02 -7.024 38.023 -6.948 38.197 -6.964 38.206 -7.026 38.2 -7.039 38.186 -7.063 38.178 -7.104 38.174 -7.127 38.191 -7.167 38.272 -7.196 38.292 -7.211 38.318 -7.317 38.425 -7.359 38.446 -7.335 38.469 -7.334 38.481 -7.346 38.494 -7.336 38.506 -7.318 38.556 -7.276 38.604 -7.27 38.618
