# Towns and cities from Natural Earth (public domain): rank, lat, lon, name.
# Rank 0 belongs on a world map, 10 on a local one. In rank order.
# Rebuild with Tools/make_mapdata.py
0	55.7541	37.6136	Moscow
0	51.5019	-0.1187	London
0	48.8581	2.3530	Paris
0	41.8979	12.4813	Rome
0	41.0176	28.9743	Istanbul
0	40.7216	-73.9957	New York
0	39.9017	116.3942	Beijing
0	38.9015	-77.0114	Washington,  D.C.
0	35.6870	139.7495	Tokyo
0	34.0492	-118.2320	Los Angeles
0	-33.9181	18.4330	Cape Town
0	-33.8714	151.2125	Sydney
0	-33.4402	-70.6505	Santiago
0	31.2184	121.4346	Shanghai
0	30.0519	31.2480	Cairo
0	24.6345	46.7205	Riyadh
0	-23.5567	-46.6270	São Paulo
0	-22.9073	-43.2121	Rio de Janeiro
0	22.5696	88.3691	Kolkata
0	22.3069	114.1831	Hong Kong
0	19.4444	-99.1329	Mexico City
0	19.0684	72.8758	Mumbai
0	6.4452	3.3896	Lagos
0	-6.1725	106.8275	Jakarta
0	4.5984	-74.0853	Bogota
0	1.2950	103.8539	Singapore
0	-1.2814	36.8147	Nairobi
1	59.3241	18.0663	Stockholm
1	52.5238	13.3996	Berlin
1	52.3519	4.9147	Amsterdam
1	50.4353	30.5147	Kyiv
1	49.2754	-123.1236	Vancouver
1	48.2020	16.3647	Vienna
1	46.2100	6.1400	Geneva
1	43.8070	87.5731	Ürümqi
1	43.6646	-79.3895	Toronto
1	41.8480	-87.6352	Chicago
1	41.3038	69.2688	Tashkent
1	40.4020	-3.6853	Madrid
1	39.7411	-104.9860	Denver
1	37.9853	23.7314	Athens
1	-37.8181	144.9731	Melbourne
1	37.7843	-122.3996	San Francisco
1	37.5683	126.9978	Seoul
1	-36.8481	174.7630	Auckland
1	35.6739	51.4224	Tehran
1	34.6911	135.5038	Ōsaka
1	-34.6107	-58.4325	Buenos Aires
1	34.5186	69.1813	Kabul
1	33.7395	-84.3676	Atlanta
1	33.6019	-7.6183	Casablanca
1	33.3406	44.3919	Baghdad
1	30.6719	104.0681	Chengdu
1	29.7413	-95.3484	Houston
1	28.6000	77.2000	New Delhi
1	-26.1681	28.0281	Johannesburg
1	25.7896	-80.2261	Miami
1	25.6719	-100.3319	Monterrey
1	25.2149	55.2869	Dubai
1	25.0358	121.5683	Taipei
1	14.7178	-17.4751	Dakar
1	14.6061	120.9803	Manila
1	13.7519	100.5147	Bangkok
1	12.9719	77.5581	Bengaluru
1	-12.0461	-77.0520	Lima
1	10.5029	-66.9190	Caracas
1	9.0353	38.6981	Addis Ababa
1	-4.3278	15.3130	Kinshasa
2	61.2140	-149.8874	Anchorage
2	60.1638	24.9325	Helsinki
2	59.9410	30.3141	St.  Petersburg
2	59.9186	10.7480	Oslo
2	55.6805	12.5615	København
2	53.5520	9.9981	Hamburg
2	53.5520	-113.5019	Edmonton
2	53.3467	-6.2570	Dublin
2	52.2309	21.0053	Warsaw
2	50.8353	4.3314	Brussels
2	50.1000	8.6750	Frankfurt
2	50.0870	14.4229	Prague
2	48.1319	11.5730	Munich
2	47.6004	-122.3153	Seattle
2	47.5020	19.0814	Budapest
2	47.3819	8.5481	Zürich
2	45.7519	126.6480	Harbin
2	45.5019	-73.5852	Montréal
2	45.4719	9.2031	Milan
2	44.9819	-93.2537	Minneapolis
2	44.4353	26.0980	Bucharest
2	43.8670	125.3380	Changchun
2	43.0769	141.3381	Sapporo
2	42.3336	-83.0513	Detroit
2	42.3319	-71.0720	Boston
2	41.8069	123.4480	Shenyeng
2	41.3852	2.1814	Barcelona
2	40.8420	14.2431	Naples
2	40.6542	109.8201	Baotou
2	39.9459	-75.1798	Philadelphia
2	39.9292	32.8624	Ankara
2	39.0828	117.1966	Tianjin
2	39.0214	125.7527	Pyongyang
2	38.7247	-9.1468	Lisbon
2	38.6370	-90.2419	St. Louis
2	37.8770	112.5431	Taiyuan
2	36.8214	117.9965	Zibo
2	36.7650	3.0486	Algiers
2	36.6769	116.9931	Jinan
2	36.2720	59.5681	Mashhad
2	36.2319	37.1681	Aleppo
2	36.0580	103.7901	Lanzhou
2	34.7569	113.6631	Zhengzhou
2	34.3898	132.4410	Hiroshima
2	34.2770	108.8931	Xian
2	33.5020	36.2981	Damascus
2	33.4483	-112.0674	Phoenix
2	32.8925	13.1800	Tripoli
2	32.7720	-96.7947	Dallas
2	32.7189	-117.1509	San Diego
2	32.0819	34.7681	Tel Aviv
2	32.0520	118.7780	Nanjing
2	-31.9531	115.8381	Perth
2	31.5619	74.3481	Lahore
2	31.2020	29.9480	Alexandria
2	30.5820	114.2681	Wuhan
2	30.2519	120.1681	Hangzhou
2	-30.0481	-51.2020	Porto Alegre
2	29.9689	-90.0884	New Orleans
2	-29.8607	31.0109	Durban
2	29.5669	106.5930	Chongqing
2	29.3717	47.9764	Kuwait City
2	28.6819	115.8781	Nanchang
2	28.6719	77.2281	Delhi
2	28.2019	112.9680	Changsha
2	27.9489	-82.4606	Tampa
2	26.9231	75.8080	Jaipur
2	26.5820	106.7181	Guiyang
2	26.4619	80.3180	Kanpur
2	26.0819	119.2981	Fuzhou
2	25.6269	85.1281	Patna
2	-25.4181	-49.3219	Curitiba
2	25.0429	102.6974	Kunming
2	24.8719	66.9881	Karachi
2	23.7250	90.4066	Dhaka
2	23.1339	-82.3661	Havana
2	23.1247	113.2618	Guangzhou
2	23.0320	72.5781	Ahmedabad
2	23.0215	113.7505	Dongguan
2	22.8219	108.3181	Nanning
2	22.5481	114.0612	Shenzhen
2	22.3319	91.7980	Chattogram
2	21.5188	39.2173	Jeddah
2	21.4320	39.8181	Makkah
2	21.3034	-157.8583	Honolulu
2	21.2019	72.8381	Surat
2	21.1719	79.0880	Nagpur
2	21.0353	105.8481	Hanoi
2	20.6720	-103.3320	Guadalajara
2	19.0326	-98.2037	Puebla
2	18.5164	73.8519	Pune
2	18.4707	-69.9297	Santo Domingo
2	17.4019	78.4780	Hyderabad
2	16.7853	96.1647	Yangon
2	-16.7181	-49.3020	Goiânia
2	-15.7814	-47.9180	Brasília
2	15.5900	32.5322	Khartoum
2	15.3567	44.2046	Sanaa
2	13.0919	80.2781	Chennai
2	-12.9680	-38.4819	Salvador
2	12.0019	8.5181	Kano
2	10.7621	106.7030	Ho Chi Minh City
2	10.7319	-71.6619	Maracaibo
2	-8.8363	13.2325	Luanda
2	-8.0605	-34.9088	Recife
2	-7.2473	112.7489	Surabaya
2	-6.9481	107.5681	Bandung
2	-6.7981	39.2664	Dar es Salaam
2	6.3146	-10.7997	Monrovia
2	6.2769	-75.5770	Medellín
2	5.5520	-0.2187	Accra
2	5.3231	-4.0202	Abidjan
2	-3.7481	-38.5819	Fortaleza
2	3.5819	98.6481	Medan
2	3.4019	-76.5019	Cali
2	3.1398	101.6887	Kuala Lumpur
2	-2.2181	-79.9220	Guayaquil
2	-1.4481	-48.4820	Belém
3	74.6833	-94.9000	Resolute
3	73.5070	80.5451	Dikson
3	73.0333	-85.1666	Arctic Bay
3	71.6269	128.8350	Tiksi
3	71.4333	136.0666	Nizhneyansk
3	71.2906	-156.7886	Utqiaġvik
3	70.2922	-148.6694	Prudhoe Bay
3	69.6351	18.9920	Tromsø
3	68.9700	33.1000	Murmansk
3	68.3477	-166.8080	Point Hope
3	66.5295	-86.2829	Naujaat
3	66.2666	-128.6333	Fort Good Hope
3	64.8370	-147.7107	Fairbanks
3	64.7370	177.4750	Anadyr
3	64.5750	40.5450	Archangel
3	64.5061	-165.4064	Nome
3	64.1983	-51.7327	Nuuk
3	64.1435	-21.9365	Reykjavík
3	63.4167	10.4167	Trondheim
3	62.4420	-114.3970	Yellowknife
3	62.0350	129.7350	Yakutsk
3	61.2599	73.4250	Surgut
3	61.1360	-146.3483	Valdez
3	60.7933	-161.7558	Bethel
3	60.7167	-135.0500	Whitehorse
3	60.3910	5.3245	Bergen
3	59.5750	150.8100	Magadan
3	59.4339	24.7280	Tallinn
3	59.0840	159.9500	Palana
3	58.7660	-94.1660	Churchill
3	58.3034	-134.4007	Juneau
3	58.0019	56.2480	Perm
3	57.7900	-152.4070	Kodiak
3	56.9500	24.1000	Riga
3	56.8520	60.5980	Yekaterinburg
3	56.5474	-61.6860	Nain
3	56.4950	84.9750	Tomsk
3	56.3350	43.9981	Nizhny Novgorod
3	56.1570	101.6150	Bratsk
3	56.0159	92.8641	Krasnoyarsk
3	55.9833	-87.6500	Fort Severn
3	55.8623	-4.2391	Glasgow
3	55.7519	49.1244	Kazan
3	55.2000	-162.7151	Cold Bay
3	55.0319	82.9581	Novosibirsk
3	54.7919	56.0381	Ufa
3	54.6834	25.3166	Vilnius
3	54.3167	-130.3300	Prince Rupert
3	53.9019	27.5647	Minsk
3	53.3550	83.7450	Barnaul
3	53.1970	50.1493	Samara
3	-53.1650	-70.9400	Punta Arenas
3	53.0620	158.6230	Petropavlovsk-Kamchatsky
3	52.2846	104.2839	Irkutsk
3	52.1700	-106.6700	Saskatoon
3	52.0550	113.4650	Chita
3	-51.7000	-57.8500	Stanley
3	-51.6333	-69.2166	Río Gallegos
3	51.1811	71.4278	Nur-Sultan
3	51.0849	-114.0819	Calgary
3	50.4500	-104.6170	Regina
3	49.8850	73.1150	Qaraghandy
3	49.8830	-97.1660	Winnipeg
3	49.0533	104.1183	Erdenet
3	48.7120	44.4980	Volgograd
3	48.4462	-89.2750	Thunder Bay
3	48.4333	-123.3500	Victoria
3	47.9186	106.9147	Ulaanbaatar
3	-47.7500	-65.9000	Puerto Deseado
3	47.5850	-52.6810	St. John's
3	47.3469	123.9880	Qiqihar
3	47.0050	28.8577	Chișinău
3	46.8400	-71.2456	Québec
3	46.8083	-100.7833	Bismarck
3	46.5927	-112.0353	Helena
3	46.2493	-63.1313	Charlottetown
3	-45.8700	-67.5000	Comodoro Rivadavia
3	45.8000	16.0000	Zagreb
3	45.7720	4.8281	Lyon
3	45.5220	-122.6819	Portland
3	45.4186	-75.7020	Ottawa
3	44.8206	20.4660	Belgrade
3	44.6500	-63.6000	Halifax
3	44.6039	33.5244	Sevastopol
3	44.3683	-100.3506	Pierre
3	43.8500	18.3830	Sarajevo
3	43.6086	-116.2275	Boise
3	-43.5350	172.6300	Christchurch
3	43.3269	76.9131	Almaty
3	43.1300	131.9100	Vladivostok
3	43.0296	-87.9167	Milwaukee
3	42.8819	-78.8819	Buffalo
3	42.8750	74.5833	Bishkek
3	-42.8500	147.2950	Hobart
3	42.8270	93.5150	Hami
3	42.6853	23.3147	Sofia
3	41.7270	44.7888	Tbilisi
3	41.5800	-93.6200	Des Moines
3	41.4719	-81.6969	Cleveland
3	-41.4700	-72.9300	Puerto Montt
3	41.3275	19.8189	Tirana
3	-41.2921	174.7772	Wellington
3	41.2400	-96.0100	Omaha
3	41.1400	-104.8197	Cheyenne
3	40.7770	-111.9320	Salt Lake City
3	40.6981	22.8831	Thessaloniki
3	40.4319	-80.0019	Pittsburgh
3	40.3972	49.8603	Baku
3	40.1831	44.5116	Yerevan
3	-39.8217	-73.2331	Valdivia
3	39.8200	98.3000	Jiayuguan
3	39.6700	66.9450	Samarkand
3	39.4870	-0.4020	Valencia
3	39.4763	75.9699	Kashgar
3	39.1638	-84.4589	Cincinnati
3	-38.7400	-62.2650	Bahía Blanca
3	38.5770	-121.4720	Sacramento
3	38.5600	68.7739	Dushanbe
3	38.4699	106.2711	Yinchuan
3	38.1270	13.3481	Palermo
3	-38.0000	-57.5800	Mar del Plata
3	37.9500	58.3833	Ashgabat
3	37.4050	-5.9800	Seville
3	37.3309	-121.8882	San Jose
3	37.0997	79.9269	Hotan
3	36.8500	-76.2800	Norfolk
3	-36.8300	-73.0500	Concepción
3	36.8028	10.1797	Tunis
3	36.6219	101.7681	Xining
3	36.1719	-86.7819	Nashville
3	36.1648	-115.1514	Las Vegas
3	35.8997	14.5147	Valletta
3	35.7727	-78.6470	Raleigh
3	35.7119	-0.6219	Oran
3	35.6869	-105.9372	Santa Fe
3	35.4720	-97.5206	Oklahoma City
3	-35.2830	149.1290	Canberra
3	35.1667	33.3666	Nicosia
3	35.1447	-90.0288	Memphis
3	-34.9330	138.5981	Adelaide
3	-34.9054	-56.1868	Montevideo
3	34.0565	-5.0023	Fez
3	34.0253	-6.8364	Rabat
3	34.0070	71.5331	Peshawar
3	-33.9681	25.5981	Port Elizabeth
3	33.8739	35.5078	Beirut
3	33.6894	73.0806	Islamabad
3	-33.0477	-71.6170	Valparaíso
3	-32.9295	151.7702	Newcastle
3	-32.8814	-68.8186	Mendoza
3	32.7650	129.8850	Nagasaki
3	32.7020	51.6981	Isfahan
3	32.6319	116.9780	Huainan
3	32.5020	-117.0819	Tijuana
3	32.4900	3.6700	Ghardaia
3	32.2988	-90.1850	Jackson
3	32.2942	-64.7839	Hamilton
3	32.1187	20.0648	Banghazi
3	31.9520	35.9314	Amman
3	31.7784	35.2066	Jerusalem
3	31.6419	74.8680	Amritsar
3	31.6319	-8.0019	Marrakesh
3	31.6100	65.6949	Kandahar
3	-31.3980	-64.1842	Córdoba
3	30.2019	71.4531	Multan
3	29.6450	91.1000	Lhasa
3	29.6319	52.5681	Shiraz
3	29.4198	-98.4927	San Antonio
3	-29.3167	27.4833	Maseru
3	-29.1200	26.2299	Bloemfontein
3	28.6469	-106.0869	Chihuahua
3	27.7186	85.3147	Kathmandu
3	27.6220	113.8481	Pingxiang
3	-27.5780	-48.5220	Florianópolis
3	27.4730	89.6390	Thimphu
3	-27.4531	153.0331	Brisbane
3	-27.3578	-55.8851	Posadas
3	27.0333	14.4333	Sabha
3	-25.9533	32.5872	Maputo
3	-25.7050	28.2275	Pretoria
3	25.7000	32.6500	Luxor
3	25.3819	68.3730	Hyderabad
3	25.3319	82.9981	Varanasi
3	-25.2907	-57.6258	Asunción
3	25.2819	110.2781	Guilin
3	25.0834	-77.3500	Nassau
3	-24.6463	25.9119	Gaborone
3	24.4667	54.3666	Abu Dhabi
3	-23.7010	133.8800	Alice Springs
3	23.6853	86.9814	Asansol
3	-23.6500	-70.4000	Antofagasta
3	23.5852	58.3783	Muscat
3	23.3720	116.6681	Shantou
3	23.2519	77.4080	Bhopal
3	23.2211	-106.4200	Mazatlán
3	22.7895	86.1956	Jamshedpur
3	22.7850	5.5228	Tamanrasset
3	22.6333	120.2666	Kaohsiung
3	-22.5700	17.0835	Windhoek
3	22.3000	-97.8700	Tampico
3	21.2113	81.3722	Bhilai
3	21.1700	-86.8300	Cancún
3	-21.1385	-175.2206	Nuku'alofa
3	20.9686	-89.6186	Mérida
3	20.5166	-13.0500	Atar
3	-20.4481	-54.6186	Campo Grande
3	20.2724	85.8254	Bhubaneswar
3	-20.2500	-70.1300	Iquique
3	-20.1700	28.5800	Bulawayo
3	-19.8200	34.8700	Beira
3	19.7685	96.1167	Naypyidaw
3	19.6158	37.2164	Port Sudan
3	-19.5666	18.1166	Grootfontein
3	-19.2499	146.7700	Townsville
3	19.1773	-96.1600	Veracruz
3	19.1666	30.4833	Dongola
3	-19.0410	-65.2595	Sucre
3	-18.9147	47.5147	Antananarivo
3	18.5430	-72.3380	Port-au-Prince
3	18.4400	-66.1300	San Juan
3	-18.1330	178.4417	Suva
3	18.0864	-15.9753	Nouakchott
3	-18.0000	-70.2500	Tacna
3	17.9771	-76.7674	Kingston
3	17.9667	102.6000	Vientiane
3	-17.8158	31.0428	Harare
3	-17.7520	-63.2279	Santa Cruz
3	-17.7334	168.3166	Port Vila
3	17.6829	83.2198	Vishakhapatnam
3	17.2520	-88.7671	Belmopan
3	16.9959	7.9828	Agadez
3	16.8500	-99.9160	Acapulco
3	16.7666	-3.0166	Timbuktu
3	16.7500	-93.1500	Tuxtla Gutiérrez
3	-16.4960	-68.1519	La Paz
3	15.4600	36.3900	Kassala
3	-15.4147	28.2814	Lusaka
3	15.3333	38.9333	Asmara
3	14.9167	-23.5167	Praia
3	-14.6666	17.7000	Menongue
3	14.6231	-90.5289	Guatemala City
3	-14.5186	40.7150	Nacala
3	14.1040	-87.2195	Tegucigalpa
3	-14.0680	-75.7255	Ica
3	-13.9833	33.7833	Lilongwe
3	13.9000	-4.5500	Djenné
3	13.8400	20.8300	Abéché
3	-13.8357	-171.7686	Apia
3	13.8000	8.9833	Zinder
3	13.7033	-89.2156	San Salvador
3	-13.5250	-71.9722	Cusco
3	13.5187	2.1147	Niamey
3	13.0600	5.2400	Sokoto
3	12.7797	45.0095	Aden
3	-12.7480	15.7581	Huambo
3	-12.7166	-60.1166	Vilhena
3	12.6520	-8.0020	Bamako
3	12.6100	37.4600	Gondar
3	-12.4254	130.8500	Darwin
3	12.3723	-1.5267	Ouagadougou
3	-12.2500	-38.9700	Feira de Santana
3	12.1550	-86.2704	Managua
3	12.1150	15.0472	N'Djamena
3	12.0600	24.8900	Nyala
3	11.8650	-15.5984	Bissau
3	-11.6781	27.4781	Lubumbashi
3	11.5520	104.9147	Phnom Penh
3	11.2524	75.7680	Kozhikode
3	11.0019	76.9481	Coimbatore
3	-10.9830	-66.1000	Riberalta
3	-10.8333	-61.9670	Ji-Paraná
3	-10.7167	25.4724	Kolwezi
3	10.7050	122.5450	Iloilo
3	10.5956	14.3247	Maroua
3	10.4017	-75.5163	Cartagena
3	10.3219	123.8981	Cebu
3	10.2319	-67.9820	Valencia
3	9.9304	-84.0788	San José
3	9.9220	78.1181	Madurai
3	9.5600	44.0653	Hargeisa
3	9.5335	-13.6822	Conakry
3	-9.4647	147.1925	Port Moresby
3	-9.4380	159.9498	Honiara
3	9.0546	7.4895	Abuja
3	8.9700	-79.5350	Panama City
3	-8.8900	33.4300	Mbeya
3	-8.5594	125.5795	Dili
3	8.4720	-13.2362	Freetown
3	8.4091	20.6530	N'Délé
3	8.3700	-62.6200	Ciudad Guayana
3	-8.1200	-79.0200	Trujillo
3	7.7700	-72.2500	San Cristóbal
3	7.7000	27.9900	Wau
3	-7.6300	-72.6700	Cruzeiro do Sul
3	7.1120	125.6281	Davao
3	-6.9647	110.4181	Semarang
3	6.9320	79.8578	Colombo
3	6.8184	-5.2755	Yamoussoukro
3	6.8020	-58.1670	Georgetown
3	6.4500	7.5000	Enugu
3	6.3630	2.4044	Cotonou
3	-6.1600	39.2000	Zanzibar
3	6.1339	1.2208	Lomé
3	5.8350	-55.1670	Paramaribo
3	-5.8166	13.4500	Matadi
3	5.4000	26.5000	Obo
3	-5.3500	-49.1160	Marabá
3	-5.1380	119.4301	Makassar
3	-5.0300	18.8500	Kikwit
3	4.9330	-52.3300	Cayenne
3	4.8833	114.9333	Bandar Seri Begawan
3	-4.8330	-43.3500	Caxias
3	-4.6166	55.4500	Victoria
3	4.3666	18.5583	Bangui
3	-4.2572	15.2827	Brazzaville
3	-4.2012	-69.9553	Leticia
3	4.1720	73.5089	Malé
3	-4.0381	39.6880	Mombasa
3	3.8686	11.5147	Yaoundé
3	3.7500	8.7833	Malabo
3	-3.3300	114.5801	Bandjarmasin
3	3.3000	117.6330	Tarakan
3	-3.0981	-60.0020	Manaus
3	-2.9781	104.7481	Palembang
3	2.8161	-60.6660	Boa Vista
3	-2.4333	-54.7000	Santarém
3	2.1900	22.4600	Bumba
3	2.0686	45.3647	Mogadishu
3	1.1983	-70.1736	Mitú
3	-0.9581	100.3581	Padang
3	-0.7200	8.7800	Port-Gentil
3	0.3854	9.4580	Libreville
3	0.3375	6.7297	São Tomé
3	0.3186	32.5814	Kampala
3	-0.2130	-78.5020	Quito
3	0.0330	-51.0500	Macapá
4	77.4665	-69.2296	Qaanaaq
4	72.7094	-56.1417	Upernavik
4	72.0411	102.4650	Khatanga
4	70.6613	23.6880	Hammerfest
4	70.6183	147.8946	Chokurdakh
4	69.6510	162.3336	Ambarchik
4	69.5333	-93.5333	Taloyoak
4	69.3400	88.2250	Norilsk
4	69.2565	-81.7936	Igloolik
4	69.1170	-105.0333	Cambridge Bay
4	67.7987	-115.1253	Kugluktuk
4	67.6560	134.6350	Batagay
4	67.5000	64.0100	Vorkuta
4	66.9500	-53.6666	Sisimiut
4	66.7697	123.3711	Zhigansk
4	66.5000	25.7159	Rovaniemi
4	65.5966	22.1584	Luleå
4	64.7333	177.7000	Ugolnye Kopi
4	64.5666	143.2000	Ust-Nera
4	64.0666	-139.4167	Dawson City
4	63.7505	-68.5002	Iqaluit
4	63.3383	-90.7001	Chesterfield Inlet
4	63.1000	21.6000	Vaasa
4	62.5400	113.9614	Mirny
4	62.4001	17.3167	Sundsvall
4	61.7813	34.3612	Petrozavodsk
4	61.5000	23.7500	Tampere
4	61.1666	-45.4166	Narsarsuaq
4	61.1086	-94.0586	Arviat
4	60.7253	114.9470	Lensk
4	60.0000	-111.8833	Fort Smith
4	59.3830	143.2170	Okhotsk
4	59.2100	39.9200	Vologda
4	58.6030	125.3894	Aldan
4	58.5901	49.6700	Kirov
4	58.1456	7.9750	Kristiansand
4	58.1000	-68.4000	Kuujjuaq
4	57.9900	102.6333	Ust-Ilimsk
4	57.9200	59.9750	Nizhny Tagil
4	57.8300	28.3299	Pskov
4	57.6200	39.8700	Yaroslavl
4	57.1400	65.5300	Tyumen
4	57.0604	-135.3275	Sitka
4	56.8600	35.8900	Tver
4	56.7333	-111.3833	Fort McMurray
4	56.2500	-120.8333	Fort St. John
4	56.2333	-117.2833	Peace River
4	55.7499	-97.8666	Thompson
4	55.5994	13.0231	Malmö
4	55.3400	86.0900	Kemerovo
4	55.2815	-77.7658	Kuujjuarapik
4	55.1569	61.4367	Chelyabinsk
4	54.9919	73.3980	Omsk
4	54.7827	32.0473	Smolensk
4	54.7000	20.4973	Kaliningrad
4	54.6200	39.7200	Ryazan
4	54.5942	-5.9282	Belfast
4	54.3600	18.6400	Gdańsk
4	54.3300	48.4100	Ulyanovsk
4	53.7500	87.1150	Novokuznetsk
4	53.7037	91.4450	Abakan
4	53.5739	142.9479	Okha
4	53.4753	-2.2487	Manchester
4	53.4227	58.9800	Magnitogorsk
4	53.2600	34.4300	Bryansk
4	53.1800	45.0000	Penza
4	52.9833	116.9166	Bukachacha
4	52.9527	63.1300	Rudniy
4	52.9414	-66.9159	Labrador City
4	52.5600	103.9200	Angarsk
4	52.4769	-1.9219	Birmingham
4	52.3000	76.9500	Pavlodar
4	52.1000	23.7000	Brest
4	52.0800	4.2700	The Hague
4	51.8250	107.6250	Ulan-Ude
4	51.7800	55.1100	Orenburg
4	51.7300	75.3199	Ekibastuz
4	51.7067	94.3831	Kyzyl
4	51.6654	39.1868	Voronezh
4	51.5819	46.0281	Saratov
4	51.0500	13.7500	Dresden
4	50.4350	80.2750	Semey
4	-50.3333	-72.3000	El Calafate
4	50.2800	57.1700	Aqtobe
4	50.2666	127.5333	Blagoveshchensk
4	50.2456	28.6622	Zhytomyr
4	50.0619	19.9581	Kraków
4	50.0019	36.2481	Kharkiv
4	49.9900	82.6149	Oskemen
4	49.8350	24.0300	Lviv
4	49.8333	-99.9500	Brandon
4	49.5050	0.1050	Le Havre
4	49.2000	119.7000	Hailar
4	48.6011	-93.4108	International Falls
4	48.4819	34.9981	Dnipro
4	48.4666	-81.3333	Timmins
4	48.4550	135.1200	Khabarovsk
4	48.2463	126.5286	Bei'an
4	48.2325	-101.2958	Minot
4	48.1500	17.1170	Bratislava
4	48.0666	114.5060	Choibalsan
4	48.0166	91.6333	Dund-Us
4	48.0019	37.8280	Donetsk
4	47.8666	88.1166	Altay
4	47.6700	-117.4199	Spokane
4	47.5003	-111.3000	Great Falls
4	47.2366	39.7107	Rostov
4	47.1683	27.5749	Iași
4	47.1127	51.9200	Atyrau
4	47.0380	-122.8994	Olympia
4	46.9650	142.7400	Yuzhno Sakhalinsk
4	46.9167	7.4670	Bern
4	46.8772	-96.7894	Fargo
4	46.8722	-113.9931	Missoula
4	46.8320	130.3481	Jiamusi
4	46.5819	124.9981	Daqing
4	46.4953	-84.3453	Sault Ste. Marie
4	46.4920	30.7081	Odessa
4	46.3487	48.0550	Astrakhan
4	46.3000	-79.4500	North Bay
4	46.0800	122.0800	Ulan Hot
4	46.0661	-60.1800	Sydney
4	46.0553	14.5150	Ljubljana
4	-45.8854	170.4910	Dunedin
4	45.7883	-108.5400	Billings
4	45.6303	-122.6400	Vancouver
4	-45.5700	-72.0700	Coihaique
4	45.4387	12.3350	Venice
4	45.3019	130.9681	Jixi
4	45.0500	41.9800	Stavropol
4	45.0200	39.0000	Krasnodar
4	44.9440	-93.0850	St.  Paul
4	44.9281	-123.0239	Salem
4	44.8520	-0.5970	Bordeaux
4	44.8000	65.4650	Qyzylorda
4	44.5372	135.5172	Dalnegorsk
4	44.4758	-73.2125	Burlington
4	44.3106	-69.7800	Augusta
4	44.2027	28.6100	Constanța
4	43.9000	81.3500	Yining
4	43.8519	126.5481	Jilin
4	43.7800	11.2500	Florence
4	43.6219	122.2680	Tongliao
4	43.5900	39.7300	Sochi
4	43.5836	104.4403	Dalandzadgad
4	43.5500	-96.7300	Sioux Falls
4	43.4981	43.6179	Nalchik
4	43.3187	45.6987	Grozny
4	-43.3000	-65.1000	Rawson
4	43.2919	5.3731	Marseille
4	43.2500	-2.9300	Bilbao
4	43.1724	-77.6219	Rochester
4	43.0500	-76.1500	Syracuse
4	42.9750	144.3747	Kushiro
4	42.9000	71.3650	Taraz
4	42.8469	-106.3232	Casper
4	42.6667	21.1660	Pristina
4	42.4700	59.6150	Nukus
4	42.4660	19.2663	Podgorica
4	42.3200	69.5950	Shymkent
4	42.2720	118.9480	Chifeng
4	42.2200	-8.7300	Vigo
4	42.0000	21.4335	Skopje
4	41.7950	140.7400	Hakodate
4	-41.5135	173.9550	Blenheim
4	41.2800	36.3437	Samsun
4	-41.1927	146.3311	Devonport
4	41.1819	-73.2019	Bridgeport
4	-41.1500	-71.3000	Bariloche
4	41.1170	122.9381	Anshan
4	40.8325	-115.7620	Elko
4	40.8219	111.6581	Hohhot
4	40.7930	-124.1504	Eureka
4	40.7900	72.3400	Andijan
4	40.7523	120.8280	Jinxi
4	40.2019	29.0681	Bursa
4	40.1427	94.6620	Dunhuang
4	40.0859	124.4213	Sinuiju
4	40.0230	52.9697	Türkmenbaşy
4	39.7800	64.4300	Bukhara
4	39.7519	-86.1720	Indianapolis
4	39.5300	-119.8200	Reno
4	-39.4900	176.9265	Napier
4	39.2815	-76.6146	Baltimore
4	39.2333	106.7690	Shizuishan
4	39.1605	127.4308	Wonsan
4	39.1100	63.5800	Türkmenabat
4	39.1090	-94.6060	Kansas City
4	39.0500	-95.6700	Topeka
4	-38.9500	-68.0600	Neuquén
4	38.9300	100.4500	Zhangye
4	38.9248	121.6279	Dalian
4	38.9200	139.8501	Sakata
4	38.8630	-104.7920	Colorado Springs
4	38.4381	27.1498	İzmir
4	38.4261	77.2500	Shache
4	38.3497	-81.6327	Charleston
4	-38.3400	141.5900	Portland
4	38.2833	109.7333	Yulin
4	38.2684	140.8697	Sendai
4	38.0882	46.2993	Tabriz
4	38.0520	114.4780	Shijiazhuang
4	37.9280	102.6410	Wuwei
4	37.8800	-4.7700	Córdoba
4	37.8770	32.4731	Konya
4	-37.7783	175.2896	Hamilton
4	37.7483	-25.6666	Ponta Delgada
4	37.6000	61.8333	Mary
4	37.5520	-77.4519	Richmond
4	37.5324	121.3981	Yantai
4	37.5000	15.0800	Catania
4	-37.4797	-72.3469	Los Angeles
4	37.4781	126.6403	Incheon
4	-37.0000	174.8850	Manukau
4	36.9969	35.3181	Adana
4	36.9200	7.7600	Annaba
4	-36.7600	144.2800	Bendigo
4	36.7477	-119.7730	Fresno
4	36.7000	67.1000	Mazar-i-Sharif
4	36.6500	138.1700	Nagano
4	-36.6200	-64.3000	Santa Rosa
4	36.5819	114.4780	Handan
4	36.4166	94.8833	Golmud
4	-36.3600	146.3000	Wangaratta
4	36.3600	6.5999	Constantine
4	36.3469	43.1431	Mosul
4	36.3375	127.4231	Daejeon
4	36.1666	98.2666	Dulan
4	36.1200	-95.9300	Tulsa
4	36.0919	120.3281	Qingdao
4	35.9700	-83.9200	Knoxville
4	35.8300	10.6250	Sousse
4	35.6200	111.2100	Houma
4	35.4722	44.3923	Kirkuk
4	35.2300	-101.8300	Amarillo
4	35.1981	-111.6505	Flagstaff
4	35.1729	126.9085	Gwangju
4	35.1569	136.9130	Nagoya
4	35.1050	-106.6413	Albuquerque
4	35.0970	129.0081	Busan
4	35.0819	118.3280	Linyi
4	35.0319	135.7481	Kyoto
4	-35.0169	117.8916	Albany
4	34.8819	117.5681	Zaozhuang
4	34.7960	48.5150	Hamadan
4	-34.7332	135.8666	Port Lincoln
4	34.6900	-1.9100	Oujda
4	34.6020	105.9180	Tianshui
4	34.4108	-119.7166	Santa Barbara
4	34.3300	62.1700	Herat
4	-34.2900	146.0400	Griffith
4	34.2820	117.1781	Xuzhou
4	34.2255	-77.9450	Wilmington
4	34.1616	77.5723	Leh
4	34.1223	-117.3020	San Bernardino
4	34.0695	74.8283	Srinagar
4	33.9969	-81.0313	Columbia
4	-33.9500	22.4500	George
4	-33.6564	115.3487	Busselton
4	-33.6400	19.4399	Worcester
4	33.6381	116.9769	Suzhou
4	33.5970	130.4081	Fukuoka
4	33.5852	119.0660	Huaiyin
4	33.5624	133.5375	Kōchi
4	-33.4100	-56.5100	Durazno
4	-33.2800	149.1000	Orange
4	-33.0250	137.5614	Whyalla
4	33.0023	112.5281	Nanyang
4	-32.9700	27.8700	East London
4	-32.9492	-60.6683	Rosario
4	32.9344	12.0791	Zuwara
4	32.7400	-97.3400	Ft.  Worth
4	32.7137	74.8448	Jammu
4	32.6800	109.0200	Ankang
4	32.6519	-115.4820	Mexicali
4	-32.5235	115.7471	Mandurah
4	32.5000	-93.7700	Shreveport
4	32.3800	15.1000	Misrata
4	32.3616	-86.2792	Montgomery
4	32.3200	-9.2400	Safi
4	-32.2600	148.5973	Dubbo
4	32.2069	-110.8919	Tucson
4	32.1624	74.1831	Gujranwala
4	32.0211	-81.1100	Savannah
4	32.0003	44.3354	Najaf
4	-31.9500	141.4331	Broken Hill
4	31.9201	54.3700	Yazd
4	31.9182	131.4184	Miyazaki
4	31.8520	117.2781	Hefei
4	31.7819	-106.5119	El Paso
4	-31.7500	-52.3300	Pelotas
4	-31.6239	-60.6900	Santa Fe
4	31.5819	120.2980	Wuxi
4	-31.5500	-68.5200	San Juan
4	31.5300	34.4450	Gaza City
4	-31.5000	25.0100	Middelburg
4	31.4648	104.6900	Mianyang
4	31.3369	75.5671	Jullundur
4	31.3050	-110.9450	Nogales
4	31.3024	120.6181	Suzhou
4	31.2819	48.7181	Ahvaz
4	31.2600	32.2900	Bur Said
4	30.9297	75.8703	Ludhiana
4	30.7824	106.1281	Nanchong
4	-30.7354	121.4600	Kalgoorlie
4	30.7219	76.7781	Chandigarh
4	30.5155	47.8116	Basra
4	-30.5123	151.6675	Armidale
4	30.4579	-91.1402	Baton Rouge
4	30.4500	-84.2800	Tallahassee
4	30.3320	-81.6719	Jacksonville
4	30.2689	-97.7447	Austin
4	30.2219	67.0230	Quetta
4	30.0050	32.5499	Suez
4	29.9700	77.5500	Saharanpur
4	-29.9000	-71.2500	La Serena
4	29.8819	121.5481	Ningbo
4	-29.6667	17.8833	Springbok
4	29.5823	105.0481	Neijiang
4	29.3820	113.0981	Yueyang
4	29.3100	30.8400	El Faiyum
4	29.2500	88.8833	Xigaze
4	-29.1800	-51.1700	Caxias do Sul
4	29.0989	-110.9541	Hermosillo
4	29.0024	77.6981	Meerut
4	28.8437	78.7548	Moradabad
4	-28.7666	114.6000	Geraldton
4	28.6623	77.4064	Ghaziabad
4	28.5119	-81.3820	Orlando
4	-28.4600	21.2300	Upington
4	28.4353	77.3147	Faridabad
4	28.3838	36.5550	Tabuk
4	28.1000	-15.4300	Las Palmas
4	-28.0815	153.4482	Gold Coast
4	28.0219	120.6481	Wenzhou
4	-27.9700	26.7300	Welkom
4	27.9300	-110.8900	Guaymas
4	27.8942	78.0598	Aligarh
4	27.8800	102.3000	Xichang
4	27.7428	-97.4019	Corpus Christi
4	27.5618	68.2068	Larkana
4	27.5061	-99.5072	Laredo
4	27.5000	-99.5500	Nuevo Laredo
4	-27.3718	-70.3300	Copiapó
4	27.2041	56.2721	Bandar-e-Abbas
4	27.1900	31.1799	Asyut
4	27.1724	78.0131	Agra
4	27.1500	-13.2000	Laayoune
4	26.8820	112.5881	Hengyang
4	26.8570	80.9131	Lucknow
4	-26.8141	-65.2186	Tucumán
4	-26.6480	15.1594	Lüderitz
4	26.5964	104.8314	Liupanshui
4	26.5333	-78.7000	Freeport
4	26.3666	15.8000	Tmassa
4	-26.3167	31.1333	Mbabane
4	26.2937	73.0148	Jodhpur
4	26.2361	50.5831	Manama
4	26.2072	127.6730	Naha
4	26.2000	78.1692	Gwalior
4	-26.1728	-58.1828	Formosa
4	26.1620	91.7680	Guwahati
4	26.1440	91.7666	Dispur
4	25.8800	-97.5000	Matamoros
4	25.5720	-103.4219	Torreón
4	-25.5167	-54.6161	Ciudad del Este
4	25.4569	81.8381	Allahabad
4	-25.4332	142.6502	Windorah
4	25.2866	51.5330	Doha
4	25.2300	86.9800	Bhagalpur
4	25.1819	75.8331	Kota
4	25.1200	99.1500	Baoshan
4	-25.0900	-50.1600	Ponta Grossa
4	-25.0400	33.6400	Xai-Xai
4	24.9020	118.5780	Quanzhou
4	24.8319	-107.3819	Culiacán
4	24.8000	113.5800	Shaoguan
4	-24.7834	-65.4166	Salta
4	24.5019	39.5781	Medina
4	24.4519	118.0781	Xiamen
4	24.3769	88.6031	Rajshahi
4	24.2000	23.2900	Al Jawf
4	24.1521	120.6817	Taichung
4	24.1400	-110.3200	La Paz
4	24.0875	32.8989	Aswan
4	23.8997	106.6133	Bose
4	23.8023	86.4180	Dhanbad
4	-23.4900	-47.4700	Sorocaba
4	23.4800	111.3200	Wuzhou
4	23.3800	103.1501	Gejiu
4	23.3720	85.3281	Ranchi
4	-23.3639	150.5200	Rockhampton
4	-23.3568	43.6900	Toliara
4	23.1770	79.9531	Jabalpur
4	-23.1000	26.8200	Mahalapye
4	-22.9575	14.5053	Walvis Bay
4	-22.9079	-47.0559	Campinas
4	22.8419	89.5581	Khulna
4	22.7170	75.8631	Indore
4	22.6319	110.1481	Yulin
4	-22.3900	26.7100	Serowe
4	22.3120	73.1781	Vadodara
4	22.3120	70.7981	Rajkot
4	22.1719	-101.0019	San Luis Potosí
4	21.9719	96.0831	Mandalay
4	-21.5167	-64.7500	Tarija
4	-21.4333	47.0833	Fianarantsoa
4	21.2369	81.6331	Raipur
4	21.2019	110.3781	Zhanjiang
4	-21.1700	-47.8300	Ribeirão Preto
4	-21.1700	27.5000	Francistown
4	21.1519	-101.7020	León
4	20.9000	-17.0560	Nouadhibou
4	-20.8789	55.4481	St.-Denis
4	20.8320	106.6781	Haiphong
4	-20.7304	116.8700	Karratha
4	-20.7239	139.4900	Mount Isa
4	20.7100	77.0100	Akola
4	20.4700	85.8899	Cuttack
4	-20.3380	-40.2902	Vila Velha
4	-20.3104	118.6060	Port Hedland
4	-20.1666	57.5000	Port Louis
4	20.1400	92.8800	Sittwe
4	20.0250	-75.8213	Santiago de Cuba
4	20.0024	73.7780	Nasik
4	-19.9131	-43.9169	Belo Horizonte
4	19.8617	75.3289	Aurangabad
4	19.8300	-90.5000	Campeche
4	19.7056	-155.0815	Hilo
4	19.5000	-70.6700	Santiago
4	19.2300	-103.7200	Colima
4	19.1973	77.3083	Nanded
4	-19.0160	-57.6500	Corumbá
4	-18.9000	-48.2800	Uberlândia
4	18.8000	98.9800	Chiang Mai
4	-18.5000	-70.2900	Arica
4	18.1988	120.5936	Laoag
4	-18.0000	31.1000	Chitungwiza
4	-17.9618	122.2308	Broome
4	-17.8800	36.8900	Quelimane
4	-17.8600	25.8600	Livingstone
4	17.6724	75.8981	Sholapur
4	-17.5334	-149.5667	Papeete
4	17.3500	76.8200	Kalaburagi
4	17.3020	-62.7170	Basseterre
4	17.1180	-61.8500	Saint John's
4	17.0827	-96.6700	Oaxaca
4	-16.8878	145.7633	Cairns
4	-16.7200	-43.8600	Montes Claros
4	16.7000	74.2200	Kolhapur
4	16.6666	-9.6167	Ayoun el Atrous
4	16.5337	80.5243	Amaravati
4	16.5219	80.6281	Vijayawada
4	16.4300	120.5699	Baguio
4	-16.4180	-71.5320	Arequipa
4	16.2666	-0.0500	Gao
4	-16.1700	33.5800	Tete
4	16.1500	-13.5000	Kaédi
4	16.0600	108.2500	Da Nang
4	-15.7900	34.9899	Blantyre
4	-15.6700	46.3450	Mahajanga
4	15.6167	32.4800	Omdurman
4	-15.5677	-56.0869	Cuiabá
4	15.3619	75.1231	Hubballi
4	15.3010	-61.3870	Roseau
4	-15.1900	12.1600	Moçâmedes
4	-15.1360	39.2930	Nampula
4	15.0000	102.1000	Nakhon Ratchasima
4	-14.9100	13.4900	Lubango
4	14.9000	5.2599	Tahoua
4	-14.8500	-40.8400	Vitória da Conquista
4	-14.8334	-64.9000	Trinidad
4	14.8300	-91.5200	Quetzaltenango
4	-14.4666	132.2666	Katherine
4	14.4500	-11.4400	Kayes
4	-14.4400	28.4500	Kabwe
4	-14.2766	-170.7066	Pago Pago
4	14.1500	-16.1000	Kaolack
4	14.0079	-60.9929	Castries
4	13.6064	44.0375	Taizz
4	13.5000	39.4700	Mekele
4	13.4916	7.0964	Niamey
4	13.4539	-16.5917	Banjul
4	13.4500	22.4400	Geneina
4	13.4400	-6.2600	Ségou
4	13.3666	103.8500	Siem Reap
4	13.1833	30.2167	Al-Ubayyid
4	13.1558	-61.2202	Kingstown
4	13.1020	-59.6165	Bridgetown
4	13.1000	103.2000	Battambang
4	13.0100	42.7300	Assab
4	-12.9830	40.5323	Pemba
4	12.9000	74.8500	Mangaluru
4	-12.8100	28.2200	Kitwe
4	-12.5783	13.4072	Benguela
4	-12.5500	28.2600	Mufulira
4	-12.4700	-49.0820	Alvorada
4	12.3119	76.6581	Mysuru
4	-12.2765	49.3115	Antsiranana
4	-12.1400	-45.0000	Barreiras
4	-12.0800	-75.2000	Huancayo
4	12.0526	-61.7416	Saint George's
4	11.9350	79.8300	Puducherry
4	11.8519	13.1581	Maiduguri
4	11.6719	78.1781	Salem
4	11.6001	37.3833	Bahir Dar
4	11.5950	43.1480	Djibouti
4	-11.4600	34.0200	Mzuzu
4	11.1800	-4.2900	Bobo Dioulasso
4	10.9619	-74.8019	Barranquilla
4	-10.8173	-55.4506	Colíder
4	10.8005	78.6875	Tiruchirappalli
4	10.6520	-61.5170	Port-of-Spain
4	10.5220	7.4381	Kaduna
4	10.4355	45.0164	Berbera
4	10.3900	-9.3100	Kankan
4	-10.1787	123.5830	Kupang
4	10.0170	76.2220	Kochi
4	10.0000	-83.0333	Limón
4	-9.9666	-67.8000	Rio Branco
4	-9.9000	-55.9100	Alta Floresta
4	-9.6181	-35.7319	Maceió
4	9.5900	41.8600	Dire Dawa
4	-9.5400	16.3400	Malanje
4	9.5369	31.6560	Malakal
4	-9.3800	-40.5100	Petrolina
4	9.3400	2.6200	Parakou
4	9.3000	13.3900	Garoua
4	9.1501	99.3401	Surat Thani
4	-9.0700	-78.5700	Chimbote
4	-8.7500	-63.9000	Porto Velho
4	8.5695	-71.1825	Mérida
4	8.5500	16.0900	Moundou
4	8.5155	76.9252	Thiruvananthapuram
4	-8.4500	118.7666	Raba
4	8.4333	-82.4333	David
4	-8.3689	-74.5350	Pucallpa
4	8.1320	4.2380	Ogbomosho
4	-7.9780	112.6081	Malang
4	7.7600	-8.8300	Nzérékoré
4	7.7300	8.5300	Makurdi
4	7.6900	-5.0300	Bouaké
4	-7.5650	110.8250	Surakarta
4	7.5300	1.1200	Atakpamé
4	7.3820	3.9280	Ibadan
4	7.2800	80.6700	Kandy
4	6.9219	122.0781	Zamboanga
4	6.9000	79.9500	Sri Jayawardenepura Kotte
4	-6.8200	37.6600	Morogoro
4	-6.7330	146.9900	Lae
4	6.4833	2.6166	Porto-Novo
4	6.3424	5.6181	Benin City
4	-6.1833	35.7500	Dodoma
4	-6.1481	23.5981	Mbuji-Mayi
4	6.1108	125.1747	General Santos
4	-6.0833	145.3855	Goroka
4	5.9600	10.1500	Bamenda
4	-5.9333	29.2000	Kalemie
4	-5.8881	22.3981	Kananga
4	-5.8632	144.2168	Mt.  Hagen
4	-5.7781	-35.2420	Natal
4	5.7620	20.6672	Bambari
4	5.6639	-67.6236	Puerto Ayacucho
4	5.5500	95.3200	Banda Aceh
4	5.5200	5.7600	Warri
4	-5.4281	105.2681	Bandar Lampung
4	5.4136	100.3294	George Town
4	-5.2100	-80.6300	Piura
4	-5.0931	-42.7820	Teresina
4	5.0600	-75.5200	Manizales
4	4.8300	31.5800	Juba
4	4.8119	7.0081	Port Harcourt
4	-4.7700	11.8800	Pointe-Noire
4	-4.4500	26.6600	Kasongo
4	-4.2055	152.1434	Rabaul
4	-4.1800	13.2800	Kayes
4	4.0624	9.7080	Douala
4	-4.0167	119.6333	Parepare
4	3.8500	-54.2333	Cottica
4	-3.7500	-73.2500	Iquitos
4	-3.7167	128.2000	Ambon
4	-3.3761	29.3600	Bujumbura
4	-3.3600	36.6700	Arusha
4	-3.3100	17.3800	Bandundu
4	2.9325	101.6950	Putrajaya
4	2.9000	11.1500	Ebolowa
4	-2.9000	-79.0000	Cuenca
4	2.7800	32.2800	Gulu
4	-2.7500	107.6500	Tanjung Pandan
4	-2.5330	140.7000	Jayapura
4	-2.5200	32.9300	Mwanza
4	-2.5140	-44.2679	São Luís
4	-1.9516	30.0586	Kigali
4	-1.6788	29.2218	Goma
4	-1.6333	13.5833	Franceville
4	1.5300	110.3300	Kuching
4	-1.2500	116.8300	Balikpapan
4	1.2136	-77.2811	Pasto
4	0.7930	127.3630	Ternate
4	0.5500	123.0700	Gorontalo
4	-0.5333	-90.3500	Santa Cruz
4	0.5200	35.2700	Eldoret
4	0.5200	25.2200	Kisangani
4	0.1300	29.2800	Butembo
4	0.0600	37.6400	Meru
4	0.0400	18.2600	Mbandaka
5	25.0128	121.4650	New Taipei
5	23.5667	119.5833	Magong
6	82.4833	-62.2500	Alert
6	81.7166	-17.8000	Nord
6	78.2210	15.6209	Longyearbyen
6	76.4417	-82.9500	Grise Fiord
6	76.0195	-65.1125	Savissivik
6	75.0950	86.9824	Mikhaylova
6	74.1210	-57.0674	Nuussuaq
6	73.3779	126.5924	Sagastyr
6	73.2700	56.4497	Matočkin Šar
6	72.9978	119.7729	Ust-Olenyok
6	72.7666	104.8000	Starorybnoye
6	72.6850	-78.0001	Pond Inlet
6	72.3796	-55.5491	Kangersuatsiaq
6	71.9166	114.0833	Saskylakh
6	71.6983	83.5642	Vorontsovo
6	70.8814	78.4661	Gyda
6	70.7334	-117.7500	Holman
6	70.7333	136.2166	Kazachye
6	70.7314	54.4208	Krasino
6	70.6750	-52.1229	Uummannaq
6	70.6369	-160.0383	Wainwright
6	70.5981	56.3723	Rusanovo
6	70.4834	-21.9667	Ittoqqortoormiit
6	70.2114	125.9933	Govorovo
6	70.0966	29.7657	Vadsø
6	70.0879	-143.6029	Kaktovik
6	69.9666	23.2417	Alta
6	69.7630	61.6677	Amderma
6	69.7250	30.0516	Kirkenes
6	69.7008	170.3133	Pevek
6	69.4548	-133.0492	Tuktoyaktuk
6	69.4182	86.2250	Dudinka
6	69.2442	-53.5652	Qeqertasuaq
6	69.2167	-51.1000	Ilulissat
6	68.7501	161.3300	Chersky
6	68.6333	-95.9167	Gjoa Haven
6	68.5250	112.4500	Olenyok
6	68.3832	17.2900	Narvik
6	68.3500	-133.7000	Inuvik
6	68.2333	14.5667	Svolvær
6	67.9886	123.3505	Menkere
6	67.8666	44.1334	Shoyna
6	67.8500	20.2166	Kiruna
6	67.6983	72.9283	Novy Port
6	67.6898	49.0166	Indiga
6	67.6474	53.0574	Naryan Mar
6	67.5447	133.3850	Verkhoyansk
6	67.4667	78.7000	Tazovsky
6	67.4500	153.7100	Srednekolymsk
6	67.2764	14.4293	Bodø
6	67.1643	32.4144	Kandalaksha
6	67.0141	-50.7099	Kangerlussuaq
6	66.6903	32.8702	Kovda
6	66.6814	34.3455	Umba
6	66.6667	27.4167	Kemijärvi
6	66.5647	-145.2738	Fort Yukon
6	66.5350	66.6100	Salekhard
6	66.4232	112.3965	Udachny
6	66.3166	14.1667	Mo i Rana
6	66.1541	-169.8106	Uelen
6	66.1333	-65.7500	Pangnirtung
6	66.0833	76.6332	Novy Urengoy
6	66.0833	-23.1500	Ísafjörður
6	66.0374	60.1674	Inta
6	65.9230	57.4030	Usinsk
6	65.8522	44.2400	Mezen
6	65.8382	87.9550	Turukhansk
6	65.7360	150.8900	Zyryanka
6	65.7333	24.5817	Kemi
6	65.6666	-18.1000	Akureyri
6	65.6019	-37.6337	Tasiilaq
6	65.5666	-37.1833	Kulusuk
6	65.5298	72.5148	Nadym
6	65.2500	160.5000	Omolon
6	65.1587	57.2087	Pechora
6	65.0000	25.4700	Oulu
6	64.9536	34.5684	Kem
6	64.7333	-156.9270	Galena
6	64.5700	39.8300	Severodvinsk
6	64.5252	34.7658	Belomorsk
6	64.4833	11.5000	Namsos
6	64.4833	91.2333	Noginsk
6	64.4235	-173.2258	Provideniya
6	64.3761	120.5469	Terbyas
6	64.3125	-76.5386	Cape Dorset
6	64.2833	100.2500	Tura
6	64.2723	-15.2139	Höfn
6	64.0166	-22.5666	Keflavík
6	63.9271	38.0771	Onega
6	63.9241	127.4739	Sangar
6	63.8333	23.1167	Kokkola
6	63.8300	20.2400	Umeå
6	63.7797	-171.7311	Gambell
6	63.7553	121.6248	Vilyuysk
6	63.6667	71.3333	Numto
6	63.5600	53.6900	Ukhta
6	63.3180	18.7167	Örnsköldsvik
6	63.1933	64.4194	Igrim
6	63.1833	14.6500	Östersund
6	63.1665	75.6165	Noyabrsk
6	63.0128	112.4714	Chernyshevsky
6	62.8500	-69.8833	Kimmirut
6	62.8167	-92.0953	Rankin Inlet
6	62.7833	148.1668	Susuman
6	62.7483	7.1833	Molde
6	62.6660	135.6000	Khandyga
6	62.6000	29.7666	Joensuu
6	62.5500	165.3000	Manily
6	62.5333	155.8000	Omsukchan
6	62.5333	-42.2167	Timmiarmiut
6	62.4166	-77.9000	Ivugivik
6	62.2087	34.2887	Kondopoga
6	62.1465	65.3814	Nyagan
6	62.1444	117.6319	Suntar
6	62.0300	-6.8200	Tórshavn
6	62.0041	-49.6351	Paamiut
6	61.9500	159.2333	Evensk
6	61.8680	89.2577	Komsa
6	61.8500	-121.3333	Fort Simpson
6	61.7610	-157.3125	Red Devil
6	61.6600	50.8200	Syktyvkar
6	61.5997	-149.1127	Palmer
6	61.5311	-166.0966	Hooper Bay
6	61.2631	46.6631	Kotlas
6	61.1666	-113.6830	Fort Resolution
6	61.1333	10.5000	Lillehammer
6	61.1333	-100.8833	Ennadai
6	61.0674	42.0974	Velsk
6	61.0015	69.0015	Khanty Mansiysk
6	60.9939	25.6649	Lahti
6	60.9350	76.5800	Nizhenvartovsk
6	60.8000	135.1833	Eldikan
6	60.7687	46.2987	Velikiy Ustyug
6	60.7289	-46.0364	Qaqortoq
6	60.7039	28.7549	Vyborg
6	60.5544	-151.2580	Kenai
6	60.5428	-145.7575	Cordova
6	60.4566	134.5433	Ust-Maya
6	60.4539	22.2550	Turku
6	60.3808	107.7794	Yerema
6	60.2665	-64.7411	Port Burwell
6	60.1500	-1.1500	Lerwick
6	60.1262	-149.4700	Seward
6	60.1000	133.9000	Chagda
6	60.1000	150.9000	Palatka
6	60.0623	-128.7117	Watson Lake
6	59.8601	17.6400	Uppsala
6	59.6150	60.5850	Serov
6	59.5666	-108.6166	Uranium City
6	59.4583	-135.3139	Skagway
6	59.4200	56.7600	Berezniki
6	59.4119	5.2775	Haugesund
6	59.2000	9.6000	Skien
6	59.0704	-160.3783	Togiak
6	58.9700	5.6800	Stavanger
6	58.8039	-122.6865	Fort Nelson
6	58.5000	31.3300	Velikiy Novgorod
6	58.4700	-78.1360	Inukjuak
6	58.4515	92.1565	Yeniseysk
6	58.4333	-3.0834	Wick
6	58.4100	15.6299	Linköping
6	58.3839	26.7099	Tartu
6	58.3747	24.5136	Pärnu
6	58.3110	82.9071	Kolpashevo
6	58.2433	92.4833	Lesosibirsk
6	58.1998	68.2648	Tobolsk
6	57.8832	-101.6666	Brochet
6	57.8507	114.1932	Bodaybo
6	57.7713	14.1650	Jönköping
6	57.7700	40.9400	Kostroma
6	57.7091	11.9786	Göteborg
6	57.6666	135.4300	Khakhar
6	57.0100	41.0100	Ivanovo
6	56.9100	59.9550	Pervouralsk
6	56.8982	74.3782	Tara
6	56.8500	-101.0500	Lynn Lake
6	56.8500	53.2300	Izhevsk
6	56.7650	105.7600	Ust-Kut
6	56.6740	124.7104	Neryungri
6	56.5100	21.0100	Liepaga
6	56.4542	138.1673	Ayan
6	56.3500	-94.7000	Gillam
6	56.3200	30.5200	Velikiye Luki
6	56.3000	160.8500	Klyuchi
6	56.2700	90.5000	Achinsk
6	56.2135	162.4350	Ust-Kamchatsk
6	56.1900	95.7100	Kansk
6	56.1572	10.2107	Århus
6	56.1350	111.7339	Novyy Uoyin
6	56.1300	47.2500	Cheboksary
6	56.1300	40.4099	Vladimir
6	55.9483	-3.2191	Edinburgh
6	55.9277	97.9877	Tayshet
6	55.8800	26.5100	Daugavpils
6	55.6340	109.3130	Severobaykalsk
6	55.4600	65.3450	Kurgan
6	55.4244	55.5444	Birsk
6	55.3562	-131.6640	Ketchikan
6	55.1887	30.1853	Vitsyebsk
6	55.1750	59.6500	Zlatoust
6	55.1743	124.7076	Tynda
6	55.1666	-118.8000	Grand Prairie
6	54.9897	-1.6116	Newcastle
6	-54.9333	-67.6167	Puerto Williams
6	54.8977	99.0277	Nizhneudinsk
6	54.8800	69.2200	Petropavlovsk
6	-54.7900	-68.3100	Ushuaia
6	54.7666	-101.8833	Flin Flon
6	54.7666	-127.1666	Smithers
6	54.7114	135.3145	Chumikan
6	54.5653	100.5654	Tulun
6	54.4333	113.6000	Bagdarin
6	54.2000	37.6299	Tula
6	54.1766	-58.4473	Rigolet
6	53.9833	123.9167	Skovorodino
6	53.9666	-97.8333	Norway House
6	53.9331	102.0331	Zima
6	53.9167	-122.7667	Prince George
6	53.9000	86.7100	Prokopyevsk
6	53.8686	-166.5316	Unalaska
6	53.8166	-101.2333	The Pas
6	-53.7914	-67.6990	Rio Grande
6	53.7900	-1.5513	Leeds
6	53.7500	127.2666	Zeya
6	53.7333	119.7666	Mogocha
6	53.7014	-57.0121	Cartwright
6	53.6300	55.9600	Sterlitamak
6	53.4500	125.8000	Magdagachi
6	53.4051	-2.9619	Liverpool
6	53.3000	69.4200	Kokshetau
6	53.2209	63.6283	Oostanay
6	53.2000	-105.7500	Prince Albert
6	53.1588	103.0739	Cheremkhovo
6	53.1496	140.7300	Nikolayevsk na Amure
6	53.0800	8.8000	Bremen
6	52.9700	36.0700	Orel
6	52.9166	-82.4333	Attawapiskat
6	52.8833	-118.0834	Jasper
6	52.7666	-108.2833	North Battleford
6	52.7650	103.6450	Usolye Sibirskoye
6	52.7300	41.4300	Tambov
6	52.6647	-8.6230	Limerick
6	52.6636	156.2387	Oktyabrsky
6	52.6200	39.6400	Lipetsk
6	52.4300	31.0000	Homyel
6	52.2666	-113.8000	Red Deer
6	52.2166	-87.8833	Lansdowne House
6	52.1166	-122.1500	Williams Lake
6	52.0300	47.8000	Balakovo
6	52.0024	127.6975	Shimanovsk
6	51.9613	85.9577	Gorno Altaysk
6	51.9219	4.4780	Rotterdam
6	51.8928	-8.4651	Cork
6	51.8333	143.1667	Nogliki
6	51.8219	68.3477	Atbasar
6	51.7678	19.4582	Łódź
6	51.7400	36.1900	Kursk
6	-51.7183	-72.5117	Puerto Natales
6	51.6538	103.6988	Slyudyanka
6	51.5200	81.2100	Rubtsovsk
6	51.4826	-3.1676	Cardiff
6	51.4666	140.7833	De-Kastri
6	51.4062	128.1312	Svobodnyy
6	51.3894	30.0989	Chernobyl
6	51.3500	110.4500	Khilok
6	51.2806	-80.6580	Moosonee
6	51.2711	51.3350	Oral
6	51.2223	4.4131	Antwerpen
6	51.2100	58.6273	Orsk
6	51.1780	-115.5719	Banff
6	51.1500	-100.0499	Dauphin
6	51.0333	90.2333	Teeli
6	51.0174	45.6974	Krasnoarmeysk
6	50.9500	115.5666	Olovyannaya
6	50.9320	6.9481	Cologne
6	50.9243	34.7809	Sumy
6	50.8975	142.1561	Aleksandrovsk Sakhalinskiy
6	50.6667	-120.3333	Kamloops
6	50.6519	3.0781	Lille
6	50.6300	36.5999	Belgorod
6	50.5550	137.0200	Komsomolsk na Amure
6	50.4000	-105.5500	Moose Jaw
6	50.3886	116.5186	Borzya
6	50.3527	106.4527	Kyakhta
6	50.3161	-66.3600	Sept-Îles
6	50.3018	-64.0173	Mingan
6	50.2699	58.4500	Khromtau
6	50.2500	127.4460	Heihe
6	50.2418	66.8976	Arqalyq
6	50.0665	118.0265	Krasnokamensk
6	50.0650	72.9650	Temirtau
6	50.0333	-110.6833	Medicine Hat
6	49.9833	92.0666	Ulaangom
6	49.9000	-119.4833	Kelowna
6	49.7833	-92.8333	Dryden
6	49.7667	-94.4666	Kenora
6	49.6833	-125.0000	Courtenay
6	49.6453	100.1544	Mörön
6	49.6117	6.1300	Luxembourg
6	49.6000	117.4300	Manzhouli
6	49.4624	105.9725	Darkhan
6	49.4500	11.0800	Nürnberg
6	49.4249	75.4649	Qarqaraly
6	-49.3000	-67.7167	Puerto San Julián
6	49.1800	125.2300	Nenjiang
6	48.9699	140.2749	Sovetskaya Gavan
6	48.9500	-57.9333	Corner Brook
6	48.9500	-54.5500	Gander
6	48.8666	106.4666	Züünkharaa
6	48.8666	-72.2333	Dolbeau
6	48.8373	-64.4934	Gaspé
6	48.8106	103.5317	Bulgan
6	48.7974	132.9508	Birobidzhan
6	48.7800	9.2000	Stuttgart
6	48.5800	7.7500	Strasbourg
6	48.5452	-109.6777	Havre
6	48.4900	124.8800	Nehe
6	48.4333	-71.0667	Chicoutimi
6	48.2787	46.1687	Akhtubinsk
6	48.1978	-114.3160	Kalispell
6	48.1166	-77.7666	Val d'Or
6	48.1000	-1.6700	Rennes
6	47.9647	80.4297	Ayakoz
6	47.9253	-97.0325	Grand Forks
6	47.8592	35.1749	Zaporizhzhya
6	47.8363	59.6141	Shalqar
6	47.7800	67.7700	Zhezqazghan
6	47.7500	96.8167	Uliastay
6	47.7019	128.8980	Yichun
6	47.6000	-65.6500	Bathurst
6	47.5100	42.1599	Volgodonsk
6	47.4736	-94.8802	Bemidji
6	47.4236	-120.3090	Wenatchee
6	47.3466	130.2967	Hegang
6	47.3167	110.6500	Öndörkhaan
6	47.2406	-122.4468	Tacoma
6	47.1833	119.9666	Arxan
6	47.0962	37.5562	Mariupol
6	47.0666	51.8666	Balyqshy
6	46.9833	54.0165	Qulsary
6	46.8532	74.9502	Balqash
6	46.8000	61.6666	Aral
6	46.7884	23.5984	Cluj-Napoca
6	46.7833	-92.1064	Duluth
6	46.7500	82.9500	Tacheng
6	46.7000	113.2833	Baruun-Urt
6	46.6424	142.7775	Korsakov
6	46.6022	-120.5047	Yakima
6	-46.6000	-70.9334	Perito Moreno
6	46.5000	-80.9666	Sudbury
6	46.4166	-117.0166	Lewiston
6	-46.4094	168.3650	Invercargill
6	46.3619	96.2558	Altai
6	46.3500	-72.5499	Trois-Rivières
6	46.3287	44.2087	Elista
6	46.3000	100.9833	Bayankhongor
6	46.2500	102.7666	Arvaikheer
6	46.1667	-1.1500	La Rochelle
6	46.0833	-64.7667	Moncton
6	46.0039	-112.5338	Butte
6	45.9500	-66.6333	Fredericton
6	45.8300	1.2500	Limoges
6	45.7679	131.0091	Qitaihe
6	45.7628	62.1075	Qazaly
6	45.7500	106.2660	Mandalgovi
6	45.6914	63.2413	Baykonur
6	45.6200	122.8200	Baicheng
6	-45.6000	-69.0833	Sarmiento
6	45.5899	84.8599	Karamay
6	45.4748	133.4298	Lesozavodsk
6	-45.3999	-72.7000	Puerto Aisén
6	45.1834	55.1000	Beyneu
6	45.0723	7.6680	Turin
6	-45.0227	168.7251	Queenstown
6	45.0000	78.4000	Taldyqorghan
6	44.9592	-89.6300	Wausau
6	44.8666	110.1500	Buyant-Uhaa
6	44.8012	-68.7783	Bangor
6	44.7300	37.7699	Novorossiysk
6	44.5770	129.5881	Mudangiang
6	44.5300	-88.0000	Green Bay
6	44.5232	-109.0571	Cody
6	44.4993	34.1594	Yalta
6	44.4100	8.9300	Genoa
6	-44.3972	171.2425	Timaru
6	44.3000	86.0299	Shihezi
6	44.0806	-103.2306	Rapid City
6	44.0539	-121.3086	Bend
6	44.0500	-123.1000	Eugene
6	43.9443	116.0443	Xilinhot
6	43.8308	-66.1126	Yarmouth
6	43.8000	132.0200	Ussuriysk
6	43.7683	59.0214	Muynoq
6	43.7550	142.3800	Asahikawa
6	43.7396	7.4069	Monaco
6	43.7170	7.2631	Nice
6	43.6722	-70.2455	Portland
6	43.6616	111.9655	Erenhot
6	43.6232	51.2365	Aqtau
6	43.6219	1.4480	Toulouse
6	43.4667	-112.0333	Idaho Falls
6	43.4195	-83.9508	Saginaw
6	43.3666	-124.2166	Coos Bay
6	43.3300	-8.4200	La Coruña
6	43.3016	68.2549	Turkistan
6	43.2500	-79.8300	Hamilton
6	43.2081	-71.5380	Concord
6	43.1700	124.3300	Siping
6	43.0730	-89.4011	Madison
6	43.0200	41.0200	Sukhumi
6	42.9800	47.5000	Makhachkala
6	42.9700	129.8201	Tumen
6	-42.9000	-71.3166	Esquel
6	42.9000	125.1300	Liaoyuan
6	42.8713	-112.4447	Pocatello
6	42.8374	132.8874	Nakhodka
6	42.8200	-1.6500	Pamplona
6	42.7335	-84.5467	Lansing
6	42.6537	-73.7576	Albany
6	42.5146	27.4746	Burgas
6	42.5108	1.5266	Andorra
6	42.4920	78.3818	Karakol
6	42.4406	-76.4969	Ithaca
6	42.3500	140.9800	Muroran
6	42.3300	-7.8700	Ourense
6	42.3266	-122.8744	Medford
6	42.3155	-83.0369	Windsor
6	42.2250	-121.7805	Klamath Falls
6	42.0124	121.6581	Fuxin
6	41.9700	-91.6600	Cedar Rapids
6	-41.8700	-73.8300	Ancud
6	41.8673	123.8681	Fushun
6	41.8400	59.9650	Daşoguz
6	41.8230	-71.4169	Providence
6	41.7846	129.7900	Chongjin
6	41.7720	-72.6819	Hartford
6	41.7300	86.1500	Korla
6	41.7277	82.9364	Kuqa
6	41.6500	-4.7500	Valladolid
6	41.6500	-0.8900	Zaragoza
6	41.6398	-83.5530	Toledo
6	41.6000	41.6300	Batumi
6	41.5600	60.6400	Urgentch
6	-41.4498	147.1302	Launceston
6	41.3323	123.7481	Benxi
6	41.3114	-105.5906	Laramie
6	-41.2926	173.2474	Nelson
6	41.2819	123.1781	Liaoyang
6	41.2419	119.3992	Lingyuan
6	41.1520	-8.6219	Porto
6	41.1500	80.2500	Aksu
6	41.1223	121.0981	Jinzhou
6	41.0997	-80.6497	Youngstown
6	-41.0666	145.9167	Burnie
6	41.0300	113.0800	Jining
6	41.0000	71.6700	Namangan
6	40.9800	39.7200	Trabzon
6	40.8250	140.7100	Aomori
6	40.8200	-96.6800	Lincoln
6	-40.8132	-62.9975	Viedma
6	40.8053	114.8520	Zhangjiakou
6	40.8000	30.4150	Adapazarı
6	40.7989	-81.3786	Canton
6	40.7300	8.5700	Sassari
6	40.6894	-89.5787	Peoria
6	40.6723	129.2027	Kimchaek
6	40.6723	122.2781	Yingkow
6	-40.5787	-73.1307	Osorno
6	40.5700	140.4700	Hirosaki
6	40.5100	141.5400	Hachinohe
6	40.3900	71.7800	Fargona
6	-40.3527	175.6072	Palmerston North
6	40.2900	69.6199	Khujand
6	40.2736	-76.8847	Harrisburg
6	40.2489	-111.6378	Provo
6	40.2170	-74.7434	Trenton
6	40.1456	124.3916	Dandong
6	40.0820	113.2981	Datong
6	39.9819	-82.9920	Columbus
6	-39.9326	175.0393	Whanganui
6	39.9323	119.6181	Qinhuangdao
6	39.9120	127.5435	Hamhung
6	39.7950	30.5300	Eskişehir
6	39.7882	-89.6371	Springfield
6	39.7523	-84.2019	Dayton
6	39.7286	-121.8364	Chico
6	39.7200	141.1300	Morioka
6	39.7100	140.0900	Akita
6	39.6647	106.8122	Wuhai
6	-39.6382	176.8368	Hastings
6	39.6263	118.1924	Tangshan
6	39.5743	2.6542	Palma
6	39.5223	116.6781	Langfang
6	39.2470	-114.8877	Ely
6	39.1638	-119.7664	Carson City
6	39.0939	-108.5500	Grand Junction
6	-38.9666	-64.0833	Río Colorado
6	-38.9000	-70.0667	Zapala
6	38.7689	125.4505	Nampo
6	38.7350	35.4900	Kayseri
6	-38.7300	-72.5800	Temuco
6	-38.6930	176.0771	Taupo
6	-38.6633	178.0181	Gisborne
6	38.5766	-92.1733	Jefferson City
6	-38.5600	-58.7500	Necochea
6	38.5300	-8.9000	Setúbal
6	-38.3800	142.4700	Warrnambool
6	38.2500	48.3000	Ardabil
6	38.2300	21.7300	Patra
6	38.2270	-85.7506	Louisville
6	38.2008	-84.8734	Frankfort
6	-38.1675	144.3956	Geelong
6	-38.1317	176.2483	Rotorua
6	38.0500	-84.5000	Lexington
6	38.0292	-78.4769	Charlottesville
6	37.9800	-1.1300	Murcia
6	37.9747	-87.5558	Evansville
6	37.9200	139.0400	Niigata
6	-37.8313	140.7650	Mount Gambier
6	37.8047	-122.2780	Oakland
6	37.7400	140.4700	Fukushima
6	-37.6964	176.1536	Tauranga
6	37.6823	112.7281	Yuci
6	37.6763	-97.3277	Wichita
6	37.5000	122.1000	Weihai
6	37.4875	71.5476	Khorugh
6	37.4136	-79.1425	Lynchburg
6	-37.3200	-59.1500	Tandil
6	37.3000	49.6300	Rasht
6	37.2597	127.0089	Suwon
6	37.2329	67.2729	Termiz
6	37.1800	-93.3200	Springfield
6	37.1700	38.7950	Şanlıurfa
6	37.1650	-3.5850	Granada‎
6	37.1042	-113.5833	St. George
6	37.0769	37.3830	Gaziantep
6	37.0389	22.1142	Kalamata
6	36.9719	-122.0264	Santa Cruz
6	36.9684	120.7084	Laiyang
6	-36.9000	-60.3300	Olavarría
6	36.8919	30.6980	Antalya
6	36.8552	-75.9803	Virginia Beach
6	36.7023	119.1556	Weifang
6	36.6822	-121.6417	Salinas
6	-36.6068	-72.1113	Chillán
6	36.6003	-121.8936	Monterey
6	36.5600	136.6400	Kanazawa
6	36.5248	-6.2861	Cádiz
6	36.2700	50.0000	Qazvin
6	36.2200	57.6300	Sabzewar
6	36.2019	117.1181	Taian
6	36.1810	44.0067	Irbil
6	36.1800	5.4000	Sétif
6	36.1393	68.6993	Baghlan
6	36.1283	-5.3460	Gibraltar
6	36.0823	111.5181	Linfen
6	36.0819	114.3481	Anyang
6	36.0700	-79.8000	Greensboro
6	-36.0600	146.9200	Albury
6	36.0209	129.3715	Pohang
6	35.8911	-106.2977	Los Alamos
6	35.8890	-5.3070	Ceuta
6	35.8687	128.6050	Daegu
6	35.7759	-5.8062	Tangier
6	-35.7256	174.3230	Whangarei
6	35.5700	6.1700	Batna
6	35.5487	129.3150	Ulsan
6	35.4307	139.6020	Yokohama
6	-35.4302	-71.6656	Talca
6	35.4024	116.5481	Jining
6	35.3700	-119.0200	Bakersfield
6	35.3250	25.1305	Iraklio
6	35.3016	113.9089	Xinxiang
6	35.3000	-2.9500	Melilla
6	35.2319	115.4481	Heze
6	35.2069	-80.8320	Charlotte
6	35.2007	113.2596	Jiaozuo
6	35.1814	58.4515	Kashmar
6	35.0800	109.0300	Tongchuan
6	35.0700	-85.2500	Chattanooga
6	-34.9800	-71.2400	Curicó
6	34.8600	5.7300	Biskra
6	34.8133	67.8227	Bamian
6	34.7938	114.3548	Kaifeng
6	34.7500	72.3500	Saidu
6	34.7500	10.7200	Sfax
6	34.7361	-92.3311	Little Rock
6	34.7319	36.7181	Homs
6	34.7200	-86.6100	Huntsville
6	34.6980	-118.1358	Lancaster
6	34.6800	135.1700	Kōbe
6	34.6800	3.2500	Djelfa
6	34.6520	50.9481	Qom
6	34.6438	112.4445	Luoyang
6	-34.6000	-68.3333	San Rafael
6	34.5900	-112.4478	Prescott
6	-34.4830	-54.3330	Rocha
6	34.4383	35.8317	Ṭarābulus
6	-34.4154	150.8900	Wollongong
6	34.4129	115.6496	Shangqiu
6	34.3820	47.0581	Kermanshah
6	34.3800	107.1500	Baoji
6	-34.3500	-56.7100	San José de Mayo
6	34.3475	108.7128	Xianyang
6	-34.2333	116.1500	Manjimup
6	-34.1850	142.1514	Mildura
6	-34.1700	22.1300	Mossel Bay
6	-34.1700	-70.7400	Rancagua
6	33.9523	116.7481	Huaibei
6	33.9136	-98.4931	Wichita Falls
6	-33.8573	121.8889	Esperance
6	33.8455	132.7658	Matsuyama
6	33.8100	2.8800	Laghouat
6	33.7770	-118.2003	Long Beach
6	33.7324	113.2981	Pingdingshan
6	33.6889	-78.8870	Myrtle Beach
6	33.5910	73.0675	Rawalpindi
6	-33.5800	22.1900	Oudtshoorn
6	33.5800	-101.8800	Lubbock
6	33.5300	-86.8250	Birmingham
6	33.4608	-81.9850	Augusta
6	33.3379	120.1675	Yancheng
6	-33.3000	-66.3500	San Luis
6	-33.1300	-64.3500	Río Cuarto
6	33.1300	107.0300	Hanzhong
6	33.1000	6.0600	Touggourt
6	-33.0200	-58.5200	Gualeguaychú
6	-33.0100	17.9300	Saldanha
6	32.9977	97.0067	Jyekundo
6	32.9519	117.3281	Bengbu
6	32.8995	-105.9597	Alamogordo
6	32.8800	59.2199	Birjand
6	-32.8700	27.3900	Bhisho
6	32.7924	-79.9921	Charleston
6	32.7648	22.6391	Darnah
6	32.6853	-114.6236	Yuma
6	32.6500	-16.8800	Funchal
6	-32.5600	-53.3700	Jaguarão
6	-32.4900	137.7700	Port Augusta
6	32.4486	-99.7328	Abilene
6	32.4300	105.8700	Guangyuan
6	32.4206	-104.2283	Carlsbad
6	32.3917	62.0968	Farah
6	32.3525	-90.8777	Vicksburg
6	32.3511	-95.3008	Tyler
6	-32.3300	-58.0800	Paysandú
6	-32.3000	24.5400	Graaff Reinet
6	-32.2000	121.7666	Norseman
6	-32.1931	152.5266	Forster-Tuncurry
6	32.1757	119.4305	Zhenjiang
6	32.1323	114.0680	Xinyang
6	-32.0991	133.6623	Ceduna
6	32.0800	23.9600	Tubruq
6	32.0219	112.1281	Xiangyang
6	31.9823	120.9246	Nantong
6	31.9700	5.3400	Ouargla
6	31.8700	-116.6200	Ensenada
6	31.8456	-102.3672	Odessa
6	31.7819	119.9680	Changzhou
6	31.7523	116.4781	Luan
6	31.6923	-106.4920	Ciudad Juárez
6	-31.6566	116.6534	Northam
6	-31.6166	18.7333	Vanhynsdorp
6	31.6111	-2.2300	Béchar
6	31.5860	130.5611	Kagoshima
6	-31.5800	28.7900	Umtata
6	31.5492	-97.1464	Waco
6	31.4800	92.0500	Nagchu
6	-31.4450	152.9187	Port Macquarie
6	31.4119	73.1081	Faisalabad
6	-31.3903	-57.9687	Salto
6	31.3586	-109.5484	Douglas
6	31.3524	118.3680	Wuhu
6	-31.3200	-54.1000	Bagé
6	31.3111	-92.4450	Alexandria
6	31.2100	16.5900	Surt
6	31.1800	115.0300	Macheng
6	31.1497	-81.4917	Brunswick
6	31.1409	97.1809	Chamdo
6	-31.1026	150.9171	Tamworth
6	31.0215	61.4815	Zabol
6	30.9544	118.7533	Xuanzhou
6	30.9250	66.4463	Chaman
6	30.8723	120.0981	Huzhou
6	30.8200	108.4000	Wanzhou
6	30.7724	120.7480	Jiaxing
6	30.7700	20.2200	Ajdabiya
6	30.7019	111.2781	Yichang
6	30.6800	-88.0500	Mobile
6	30.6520	113.1581	Jianmen
6	-30.6500	24.0000	De Aar
6	-30.6094	-71.1995	Ovalle
6	30.5666	2.8833	El Goléa
6	30.5353	105.5314	Suining
6	30.5000	117.0500	Anqing
6	30.4400	-9.6200	Agadir
6	30.4211	-87.2169	Pensacola
6	30.3958	-88.8853	Biloxi
6	30.3724	113.4381	Xiantao
6	30.3307	48.2797	Abadan
6	30.3000	57.0800	Kerman
6	30.2200	115.1000	Huangshi
6	30.2000	-92.0199	Lafayette
6	30.1333	9.5000	Ghadamis
6	30.0553	119.9500	Fuyang
6	30.0100	31.1900	Giza
6	30.0023	120.5681	Shaoxing
6	-29.8166	27.2500	Mafetang
6	29.7300	115.9800	Jiujiang
6	-29.7120	152.9377	Grafton
6	-29.6833	-53.8000	Santa Maria
6	29.6514	-82.3250	Gainesville
6	29.6507	94.3665	Nyingchi
6	-29.6100	30.3900	Pietermaritzburg
6	29.5690	103.7314	Leshan
6	-29.5333	115.7500	Three Springs
6	29.5000	60.8300	Zahedan
6	-29.4699	149.8301	Moree
6	-29.4099	-66.8500	La Rioja
6	29.3900	71.6750	Bahawalpur
6	29.3500	102.7167	Fulin
6	29.3011	-94.7975	Galveston
6	29.2106	-81.0231	Daytona Beach
6	29.2000	25.5167	Siwa
6	-29.1400	-59.2700	Goya
6	29.1200	119.6500	Jinhua
6	29.1167	15.9333	Hun
6	29.1080	21.2869	Awjilah
6	29.1077	58.3620	Bam
6	29.0319	111.6781	Changde
6	28.9800	-10.0700	Goulimine
6	28.9595	-95.3569	Freeport
6	28.9200	50.8300	Bandar-e Bushehr
6	28.8819	105.3781	Luzhou
6	-28.8815	121.3280	Leonara
6	-28.8167	153.2931	Lismore
6	28.8050	-97.0033	Victoria
6	28.7719	104.5681	Yibin
6	-28.7468	24.7700	Kimberley
6	-28.6800	-49.3900	Criciúma
6	-28.6270	122.4040	Laverton
6	-28.6083	16.5033	Alexander Bay
6	28.6024	112.3281	Yiyang
6	-28.5700	-70.7600	Vallenar
6	-28.5548	150.3253	Goondiwindi
6	-28.4700	-65.7800	Catamarca
6	28.4700	-16.2500	Santa Cruz de Tenerife
6	-28.2500	-52.4200	Passo Fundo
6	28.2000	-105.5000	Delicias
6	28.0900	30.7500	El Minya
6	-28.0000	143.8167	Thargomindah
6	27.8700	-0.2900	Adrar
6	27.8353	114.3981	Yichun
6	27.8319	113.1481	Zhuzhou
6	27.8020	114.9280	Xinyu
6	-27.7833	-64.2667	Santiago del Estero
6	27.7705	-82.6794	St. Petersburg
6	-27.7600	30.7900	Vryheid
6	27.7136	68.8486	Sukkur
6	27.7020	106.9181	Zunyi
6	27.6742	-8.1478	Tindouf
6	-27.6600	27.2100	Kroonstad
6	-27.5645	151.9555	Toowoomba
6	27.5333	14.2834	Birak
6	27.4833	94.9000	Dibrugarh
6	-27.4600	-58.9900	Resistencia
6	27.3361	-82.5308	Sarasota
6	27.3223	103.7181	Zhaotang
6	27.2300	33.8300	Hurghada
6	27.2166	2.4666	I-n-Salah
6	-27.1000	-52.6400	Xapeco
6	27.0000	111.2001	Shaoyang
6	-26.9600	24.7300	Vryburg
6	26.9000	-101.4200	Monclova
6	-26.8800	26.6200	Klerksdorp
6	-26.8000	153.1333	Caloundra
6	26.8000	100.2666	Lijiang
6	26.7504	83.3800	Gorakhpur
6	26.7450	-80.1236	West Palm Beach
6	26.7333	-11.6833	Smara
6	26.7000	0.1666	Reggane
6	-26.6477	27.9580	Vereeniging
6	26.6403	-81.8605	Ft. Myers
6	-26.6166	144.2500	Quilpie
6	-26.6000	118.4833	Meekatharra
6	-26.5739	18.1300	Keetmanshoop
6	-26.5594	148.7907	Roma
6	26.5500	101.7300	Panzhihua
6	26.4834	8.4666	Illizi
6	-26.4667	31.2000	Lobamba
6	26.4179	111.6091	Yongzhou
6	-26.4000	146.2500	Charleville
6	-26.3481	-70.6215	Chañaral
6	-26.3180	-48.8419	Joinville
6	26.2523	105.9281	Anshun
6	26.2324	36.4636	Al Wajh
6	-26.1476	28.3280	Benoni
6	26.1192	-9.6525	Bir Lehlou
6	25.9918	63.0718	Turbat
6	25.9200	114.9500	Ganzhou
6	25.9200	-97.5000	Brownsville
6	25.9044	13.8972	Marzuq
6	-25.8300	25.6100	Mmabatho
6	25.7900	-109.0000	Los Mochis
6	-25.7500	-56.4333	Villarrica
6	25.7500	89.2800	Rangpur
6	-25.6500	27.2400	Rustenburg
6	25.5937	100.2503	Dali
6	-25.5491	152.7209	Maryborough
6	25.5318	69.0118	Mirpur Khas
6	25.4400	30.5500	El Kharga
6	25.4219	-101.0069	Saltillo
6	-25.4000	-70.4700	Taltal
6	25.3596	97.3928	Myitkyina
6	25.3487	49.5856	Hofuf
6	25.2800	3.7500	Arak
6	-25.2405	130.9889	Yulara
6	-25.2333	133.2000	Erldunda
6	25.2333	-11.5833	Bir Mogrein
6	25.0924	104.8881	Xingyi
6	-25.0268	46.9900	Tôlanaro
6	-25.0219	44.0749	Androka
6	24.9647	10.1728	Ghat
6	-24.8998	113.6501	Carnarvon
6	-24.8791	152.3509	Bundaberg
6	-24.8400	16.9400	Maltahöhe
6	24.8168	120.9767	Hsinchu
6	24.8000	93.9500	Imphal
6	24.8000	85.0000	Gaya
6	-24.7200	-47.5699	Iguape
6	24.6000	73.7300	Udaipur
6	24.5552	-81.7827	Key West
6	24.4700	32.9500	Kom Ombo
6	-24.4000	25.5100	Molepolole
6	24.3800	102.5700	Yuxi
6	24.3620	56.7344	Suhar
6	24.3208	109.4135	Liuzhou
6	-24.1833	-65.3000	San Salvador de Jujuy
6	24.0311	-104.6700	Durango
6	23.9837	121.6000	Hualien
6	-23.9618	-46.3285	Santos
6	-23.8900	29.4500	Polokwane
6	-23.8580	35.3398	Inhambane
6	-23.8533	151.2467	Gladstone
6	23.7200	-99.1300	Ciudad Victoria
6	23.7141	-15.9368	Ad Dakhla
6	23.6802	58.1825	Seeb
6	-23.4064	-57.4344	Concepción
6	23.3803	88.5300	Krishnanagar
6	-23.3666	119.7333	Newman
6	-23.3000	-51.1800	Londrina
6	23.2504	87.8650	Barddhaman
6	-23.1400	-64.3200	San Ramón de la Nueva Orán
6	-23.1000	-70.4500	Mejillones
6	23.0105	113.1136	Foshan
6	23.0000	120.2000	Tainan
6	-22.9500	30.4800	Thohoyandou
6	22.9264	57.5314	Nizwa
6	22.8928	-109.9045	Cabo San Lucas
6	-22.8166	47.8332	Farafangana
6	22.7554	121.1400	Taitung
6	-22.6689	14.5350	Swakopmund
6	22.6666	-3.9834	Taoudenni
6	22.5758	59.5348	Sur
6	-22.4500	-68.9200	Calama
6	22.4175	-83.6981	Pinar del Rio
6	22.4000	-79.9667	Santa Clara
6	-22.3400	-60.0300	Filadelfia
6	-22.3400	30.0300	Musina
6	-22.3300	-49.0800	Bauru
6	22.2789	113.5658	Zhuhai
6	-22.2625	166.4443	Nouméa
6	-22.2600	-42.5401	Nova Friburgo
6	-22.2300	-54.8100	Dourados
6	22.1891	113.5444	Macau
6	22.1050	95.1500	Monywa
6	-22.0900	-70.1900	Tocopilla
6	-21.9311	114.1233	Exmouth
6	21.8814	-102.2924	Aguascalientes
6	21.8000	31.3500	Wadi Halfa
6	-21.7700	-43.3750	Juiz de Fora
6	-21.7500	-41.3200	Campos
6	-21.7391	43.3657	Morombe
6	21.6700	69.6700	Porbandar
6	-21.6576	115.0963	Onslow
6	21.6000	105.8300	Thái Nguyên
6	21.3808	-77.9169	Camagüey
6	21.2833	-89.6666	Progreso
6	-21.2167	48.3333	Mananjary
6	-21.2100	-50.4500	Araçatuba
6	-21.1962	-159.7854	Avarua
6	-21.1439	149.1500	Mackay
6	21.0150	12.3075	Djado
6	20.9256	77.7818	Amravati
6	20.9000	74.7700	Dhule
6	20.8872	-76.2631	Holguín
6	-20.8500	144.2000	Hughenden
6	-20.7000	140.5000	Cloncurry
6	20.5777	-100.3867	Querétaro
6	-20.5300	-47.3900	Franca
6	20.5100	-86.9500	Cozumel
6	20.4623	45.5722	As Sulayyil
6	20.4200	106.2000	Nam Định
6	-20.3320	-40.3539	Vitória
6	-20.2833	44.2833	Morondava
6	20.2014	1.0888	Tessalit
6	20.1453	-75.2061	Guantánamo
6	20.1445	94.9196	Magway
6	-20.0500	-63.5200	Camiri
6	20.0500	110.3200	Haikou
6	-20.0013	148.2087	Bowen
6	19.9700	79.3000	Chandrapur
6	-19.9167	138.1167	Camooweal
6	-19.8500	47.0333	Antsirabe
6	19.8200	105.8000	Thanh Hóa
6	-19.7800	-47.9500	Uberaba
6	19.7592	-72.2125	Cap-Haïtien
6	-19.6500	134.2000	Tennant Creek
6	-19.4500	29.8200	Gweru
6	-19.3900	-40.0500	Linhares
6	19.3520	73.1281	Bhiwandi
6	19.3200	84.8000	Brahmapur
6	-19.2400	17.7100	Tsumeb
6	19.1264	41.0789	Al Qunfudhah
6	-19.1200	33.4700	Chimoio
6	19.0820	74.7458	Ahmednagar
6	19.0496	-104.3231	Manzanillo
6	-18.9700	32.6500	Mutare
6	18.9211	-99.2400	Cuernavaca
6	18.9000	-3.5299	Araouane
6	-18.8700	-41.9700	Governador Valadares
6	18.8165	95.2114	Pyay
6	18.8089	-71.2309	San Juan
6	18.7363	7.3890	Arlit
6	18.7000	105.6800	Vinh
6	18.5500	-11.4166	Tidjikdja
6	18.5000	-88.3000	Chetumal
6	18.4833	31.8167	Merowe
6	18.4779	96.4379	Pyu
6	18.4667	-77.9167	Montego Bay
6	18.4400	-66.7300	Arecibo
6	18.4333	37.7333	Tokar
6	18.4004	76.5700	Latur
6	-18.3700	26.5000	Hwange
6	-18.3300	29.9099	Kadoma
6	-18.3000	143.5333	Georgetown
6	18.2591	109.5040	Sanya
6	18.2301	42.5001	Abha
6	-18.2227	127.6712	Halls Creek
6	-18.1818	49.4050	Toamasina
6	-18.0666	44.0167	Maintirano
6	18.0100	79.5800	Warangal
6	18.0000	-92.9000	Villahermosa
6	-17.9799	-67.1300	Oruro
6	-17.9200	19.7499	Rundu
6	17.9167	19.1167	Faya Largeau
6	-17.8800	-39.3700	Nova Viçosa
6	-17.8700	-41.5000	Teófilo Otoni
6	-17.8500	-60.7800	San Jose
6	-17.7800	15.7700	Ongwediva
6	17.7100	33.9800	Atbarah
6	-17.6400	-71.3400	Ilo
6	17.6131	121.7269	Tuguegarao
6	17.5900	33.9600	Ad-Damir
6	17.5747	120.3869	Vigan
6	-17.5313	146.0387	Innisfail
6	-17.4833	140.8334	Karumba
6	17.4833	106.6000	Đồng Hới
6	-17.4100	-66.1700	Cochabamba
6	-17.3300	-44.9300	Pirapora
6	17.3200	96.5150	Bago
6	-17.3118	123.6422	Derby
6	-17.1900	-70.9400	Moquegua
6	17.1847	21.5902	Fada
6	17.0255	54.0852	Salalah
6	16.9675	82.2375	Kakinada
6	16.9398	43.8498	Sadah
6	16.9066	42.5566	Jizan
6	16.8354	75.7100	Vijayapura
6	-16.7400	14.9700	Xangongo
6	16.6801	-98.4200	Ometepec
6	16.6200	-11.4000	Kiffa
6	-16.5500	35.1332	Chiromo
6	16.5376	104.7730	Savannakhet
6	16.5240	-15.8127	Rosso
6	16.4700	107.5800	Hue
6	16.4200	102.8300	Khon Kaen
6	-16.4166	179.3833	Labasa
6	-16.3600	-58.4200	San Matias
6	16.3300	-95.2300	Tehuantepec
6	16.3300	80.4500	Guntur
6	-16.2300	39.9100	Angoche
6	16.0200	-16.5100	Saint-Louis
6	15.9167	2.4000	Ménaka
6	15.8650	74.5050	Belagavi
6	-15.8600	27.7600	Mazabuka
6	15.8300	78.0300	Kurnool
6	-15.8000	11.8600	Tômbua
6	-15.7800	28.1800	Kafue
6	-15.7666	128.7333	Kununurra
6	15.7631	-86.7970	La Ceiba
6	15.7175	-88.5927	Puerto Barrios
6	15.7000	100.0700	Nakhon Sawan
6	-15.6400	-38.9600	Canavieiras
6	-15.5945	128.2243	Wyndham
6	15.5000	-88.0300	San Pedro Sula
6	-15.5000	-70.1400	Juliaca
6	-15.4800	-44.3700	Januária
6	-15.4333	49.7333	Maroantsetra
6	-15.3900	35.3100	Zomba
6	15.2500	104.8300	Ubon Ratchathani
6	15.2105	51.2454	Sayhut al Ghamirah
6	15.1800	-7.2800	Nara
6	15.1500	76.9150	Ballari
6	15.1451	120.5451	Angeles
6	-15.0399	40.6822	Mocambique
6	-15.0000	-59.9500	Santissima Trindade
6	14.9000	-92.2700	Tapachula
6	-14.8833	50.2833	Antalaha
6	-14.8300	-74.9400	Nasca
6	14.7999	42.9510	Al Hudaydah
6	-14.7800	-39.0500	Ilhéus
6	14.5412	49.1259	Al Mukalla
6	14.5333	20.9167	Biltine
6	14.4900	-4.1800	Mopti
6	14.4700	75.9200	Davangere
6	14.4400	79.9899	Nellore
6	14.4000	33.5200	Medani
6	14.1194	15.3133	Mao
6	14.0400	35.3800	Gedaref
6	14.0333	-83.3834	Bilwi
6	13.9833	108.0000	Play Ku
6	-13.8500	-40.0800	Jequié
6	13.7817	121.0217	Batangas
6	13.7800	109.1800	Qui Nhon
6	-13.7100	-76.2200	Pisco
6	13.6300	25.3500	El Fasher
6	13.6192	123.1814	Naga
6	13.5500	33.6000	Sennar
6	-13.5400	23.1099	Zambezi
6	13.4700	144.7500	Agana
6	-13.4000	48.2666	Andoany
6	-13.3900	-44.2100	Santa Maria da Vitória
6	13.3300	77.1000	Tumakuru
6	-13.3000	35.2400	Lichinga
6	-13.1750	-74.2200	Ayacucho
6	13.1700	123.7500	Legazpi
6	13.1700	32.6600	Kosti
6	-13.1333	28.4000	Luanshya
6	13.0500	3.2000	Dosso
6	-12.9999	28.6500	Ndola
6	12.8833	-7.5500	Koulikoro
6	-12.7900	-74.9900	Huancavelica
6	-12.6666	141.8666	Weipa
6	-12.6000	-69.1833	Puerto Maldonado
6	12.5900	-16.2900	Ziguinchor
6	12.4541	98.6115	Myeik
6	12.4356	-86.8794	León
6	-12.4167	-64.4166	Principe da Beira
6	-12.3800	16.9400	Kuito
6	-12.3700	13.5412	Lobito
6	12.2500	109.1700	Nha Trang
6	-12.1400	-38.4300	Alagoinhas
6	-12.0700	-77.1350	Callao
6	12.0672	124.6042	Calbayog
6	12.0000	-83.7649	Bluefields
6	11.9020	109.2207	Cam Ranh
6	-11.8500	-55.4600	Sinop
6	-11.8300	31.4600	Mpika
6	-11.7900	19.9000	Luena
6	11.7200	-70.2100	Punto Fijo
6	-11.7042	43.2402	Moroni
6	11.5853	122.7511	Roxas
6	11.4200	-69.6800	Coro
6	11.3334	27.8000	Babanusa
6	11.3200	-12.3000	Labé
6	-11.3000	-41.8700	Irecê
6	11.2800	49.1800	Boosaaso
6	11.2472	-74.2017	Santa Marta
6	-11.2100	13.8500	Sumbe
6	-11.2000	28.8900	Mansa
6	11.1300	39.6300	Dese
6	11.0819	7.7081	Zaria
6	11.0333	20.2833	Am Timan
6	-11.0205	-68.7688	Cobija
6	11.0100	29.7000	Kadugli
6	-10.9700	26.7800	Likasi
6	10.9700	106.8301	Biên Hòa
6	10.9400	-14.3000	Boké
6	-10.9000	-37.1200	Aracaju
6	-10.8200	-42.7300	Xique-Xique
6	-10.8000	-65.3499	Guajara-Miram
6	-10.7000	-48.4199	Porto Nacional
6	-10.6900	-76.2700	Cerro de Pasco
6	-10.6800	35.6500	Songea
6	10.6317	122.9817	Bacolod
6	10.4500	-64.1800	Cumaná
6	10.3599	77.9783	Dindigul
6	10.3400	37.7200	Debre Markos
6	10.2488	-67.5978	Maracay
6	-10.2377	-48.2878	Palmas
6	-10.1767	-59.4439	Aripuanã
6	10.0600	-12.8700	Kindia
6	10.0519	-69.3019	Barquisimeto
6	10.0500	105.7700	Can Tho
6	-10.0000	39.7000	Lindi
6	9.9300	8.8900	Jos
6	-9.9200	-76.2400	Huánuco
6	9.7543	118.7444	Puerto Princesa
6	-9.7500	-36.6700	Arapiraca
6	9.7500	-63.1700	Maturín
6	-9.6900	14.4300	Dondo
6	9.6750	80.0050	Jaffna
6	9.6200	6.5500	Minna
6	-9.5300	-77.5300	Huaraz
6	9.4833	50.8167	Bandarbeyla
6	9.4600	-5.6400	Korhogo
6	-9.4200	-40.5000	Juazeiro
6	9.3650	-79.8750	Colón
6	9.3200	42.1500	Harar
6	9.2100	12.4800	Yola
6	9.1500	18.3900	Sarh
6	-9.0700	-68.6700	Sena Madureira
6	8.9500	-79.5667	Balboa
6	-8.8900	-36.5000	Garanhuns
6	-8.8400	31.3700	Mbala
6	8.7978	78.1318	Tuticorin
6	8.7666	27.4000	Aweil
6	8.7575	-75.8900	Montería
6	-8.7300	25.0100	Kamina
6	-8.6500	115.2200	Denpasar
6	-8.6118	120.4698	Ruteng
6	8.5500	39.2700	Nazret
6	-8.5167	179.2166	Funafuti
6	-8.4932	140.4018	Merauke
6	8.4920	4.5480	Ilorin
6	8.4508	124.6853	Cagayan de Oro
6	8.4000	99.9700	Nakhon Si Thammarat
6	8.4000	48.5000	Garoowe
6	8.3500	80.3833	Anuradhapura
6	-8.2800	-35.9800	Caruaru
6	8.2800	-82.8700	Puerto Armuelles
6	-8.2500	-49.2900	Conceição do Araguaia
6	-8.2200	-78.9900	Salaverry
6	8.2000	-59.7800	Mabaruma
6	-8.1727	113.6873	Jember
6	8.1000	-63.6000	Ciudad Bolívar
6	7.9833	49.8333	Eyl
6	7.9700	-11.7400	Bo
6	7.9200	-72.5200	Cúcuta
6	7.9000	-67.4699	San Fernando de Apure
6	7.8765	98.3815	Phuket
6	-7.8550	13.1250	Ambriz
6	-7.7800	110.3750	Yogyakarta
6	7.6800	36.8300	Jima
6	-7.6200	15.0500	Uíge
6	-7.5200	-46.0500	Balsas
6	7.4874	134.6265	Melekeok
6	-7.4639	-63.0400	Crato
6	-7.4006	-79.5706	Pacasmayo
6	-7.3800	20.8300	Dundo
6	-7.3400	-75.0200	Contamana
6	-7.3254	108.2147	Tasikmalaya
6	-7.3000	27.4500	Manono
6	-7.2300	-35.8800	Campina Grande
6	7.2169	124.2484	Cotabato
6	-7.2100	-39.3200	Juazeiro do Norte
6	7.2100	100.5600	Songkhla
6	-7.1900	-48.2100	Araguaína
6	-7.1500	-78.5300	Cajamarca
6	7.1320	-73.1278	Bucaramanga
6	7.1030	171.3800	Majuro
6	-7.0992	-34.8780	João Pessoa
6	-7.0800	-41.4400	Picos
6	7.0100	39.9700	Goba
6	-7.0000	23.4400	Mwene-Ditu
6	6.9964	100.4714	Hat Yai
6	-6.9838	-60.2699	Natal
6	6.9166	158.1500	Palikir
6	6.9000	37.7500	Sodo
6	6.8900	-6.4500	Daloa
6	6.8000	29.6833	Rumbek
6	6.7700	47.4300	Gaalkacyo
6	-6.7629	-79.8366	Chiclayo
6	6.7533	-11.3686	Robertsport
6	-6.7333	108.5666	Cirebon
6	6.7333	-61.6333	El Dorado
6	6.6919	-1.6320	Kumasi
6	-6.6600	-69.8738	Eirunepé
6	-6.5681	106.7481	Bogor
6	6.5333	21.9833	Bria
6	-6.5100	-76.4800	Tarapoto
6	-6.4100	20.7700	Tshikapa
6	-6.4000	-38.8500	Icó
6	6.3300	-75.5700	Bello
6	6.2500	-57.5300	New Amsterdam
6	-6.2280	-57.7601	Jacareacanga
6	6.2072	31.5591	Bor
6	6.1200	102.2300	Kota Baharu
6	6.0400	37.5500	Arba Minch
6	6.0300	80.2400	Galle
6	5.9900	-58.2700	Linden
6	5.9800	116.1100	Kota Kinabalu
6	5.9500	43.4500	Gode
6	5.9500	15.6000	Bouar
6	5.9161	-10.0525	Buchanan
6	5.8430	118.1080	Sandakan
6	-5.8300	13.0500	Boma
6	-5.8122	-61.2975	Manicoré
6	-5.5200	-47.4900	Imperatriz
6	5.3166	39.5833	Negele Boran
6	-5.2248	145.7853	Madang
6	5.1914	97.1415	Lhokseumawe
6	-5.1900	-37.3400	Mossoró
6	5.1600	-52.6499	Kourou
6	-5.0900	-81.1200	Paita
6	-5.0700	39.0900	Tanga
6	-5.0200	32.8000	Tabora
6	5.0111	-9.0388	Greenville
6	4.9433	-1.7040	Sekondi
6	4.8650	100.7200	Taiping
6	-4.8333	104.9000	Kotabumi
6	4.7400	45.2000	Beledweyne
6	4.6000	101.0650	Ipoh
6	-4.5800	-81.2800	Talara
6	4.5705	28.4163	Yambio
6	-4.5600	-37.7700	Aracati
6	4.4389	-75.2322	Ibagué
6	4.2710	117.8960	Tawau
6	-4.2586	-55.9250	Itaituba
6	4.2500	15.7800	Berbérati
6	-4.2300	-44.8000	Bacabal
6	4.1833	42.0833	Dolo Bay
6	4.1533	-73.6350	Villavicencio
6	-4.0800	-63.1300	Coari
6	-3.9900	-79.2100	Loja
6	-3.9553	122.5973	Kendari
6	3.8300	103.3200	Kuantan
6	3.8100	23.6700	Bondo
6	-3.8000	102.2700	Bengkulu
6	-3.8000	103.5333	Lahat
6	-3.7674	-49.6737	Tucuruí
6	3.7666	47.3000	Mereeg
6	3.6000	32.0500	Nimule
6	-3.5700	-80.4600	Tumbes
6	-3.5535	143.6367	Wewak
6	3.5200	39.0500	Moyale
6	-3.4166	10.6500	Mayumba
6	-3.4135	114.8365	Martapura
6	-3.3700	29.1400	Uvira
6	-3.3600	-64.7000	Tefé
6	-3.3515	135.5134	Nabire
6	-3.2600	-79.9600	Machala
6	3.2600	19.7700	Gemena
6	3.2167	-51.2167	Vila Velha
6	-3.2100	40.1000	Malindi
6	3.1738	-65.5466	La Esmeralda
6	-3.1400	-58.4400	Itacoatiara
6	3.1200	43.6500	Baydhabo
6	3.0433	101.4471	Kelang
6	3.0400	29.5300	Watsa
6	-2.9639	25.9100	Kindu
6	2.9614	99.0615	Pematangsiantar
6	-2.9100	-41.7700	Parnaíba
6	-2.8727	-67.8019	Tonantins
6	2.8200	24.7400	Buta
6	2.7600	27.6200	Isiro
6	-2.6500	10.0000	Gamba
6	-2.6208	-60.9438	Novo Airão
6	-2.6100	-56.7400	Parintins
6	-2.5813	150.8130	Kavieng
6	-2.5138	-66.0916	Fonte Boa
6	-2.5100	28.8400	Bukavu
6	2.4200	-76.6100	Popayán
6	2.3300	37.9800	Marsabit
6	2.3030	111.8430	Sibu
6	-2.2620	40.9197	Lamu
6	2.2064	102.2465	Malacca
6	2.1400	21.5100	Lisala
6	-2.0800	106.1500	Pangkalpinang
6	2.0500	-50.8000	Amapá
6	-1.9400	18.2800	Inongo
6	-1.9100	-55.5200	Óbidos
6	1.8700	9.7700	Bata
6	1.8100	-78.8100	Tumaco
6	1.7500	98.8000	Sibolga
6	-1.7245	-48.8849	Abaetetuba
6	1.7199	44.7689	Marka
6	-1.6800	-50.4900	Breves
6	-1.6700	-78.6500	Riobamba
6	1.6166	11.5833	Oyem
6	1.6100	16.0500	Ouésso
6	-1.5900	103.6100	Jambi
6	1.4820	103.7281	Johor Bahru
6	1.4800	124.8500	Manado
6	1.3382	173.0176	Tarawa
6	-1.0600	-80.4600	Portoviejo
6	-1.0500	-46.7700	Bragança
6	-0.9800	-80.7300	Manta
6	-0.9750	-62.9239	Barcelos
6	-0.9070	119.8330	Palu
6	-0.8711	134.0693	Manokwari
6	-0.8554	131.2850	Sorong
6	-0.8500	-52.4800	Laranjal do Jari
6	0.5669	101.4231	Pekanbaru
6	-0.5000	117.1500	Samarinda
6	-0.3566	42.5183	Kismaayo
6	-0.2800	36.0700	Nakuru
6	0.1711	30.0814	Kasese
6	0.1333	117.5000	Bontang
6	-0.1332	-67.0833	São Gabriel da Cachoeira
6	-0.1166	-75.2300	Gueppi
6	-0.0900	34.7500	Kisumu
6	0.0722	42.7506	Jamaame
6	-0.0300	109.3200	Pontianak
7	-90.0000	176.9945	Amundsen–Scott South Pole Station
7	-81.1791	-40.5015	Sobral Base
7	-78.4663	106.8000	Vostok Station
7	-77.8663	-34.6167	Belgrano II Base
7	-77.8469	166.7491	Scott Base
7	-77.7323	166.8694	McMurdo Station
7	77.7170	104.2500	Chelyuskin
7	-76.0923	-26.4742	Halley Station
7	-75.0496	-13.4167	Aboa Station
7	-74.6663	124.1670	Concordia Research Station
7	-74.6192	164.2190	Zucchelli Station
7	-74.5829	-11.2167	Svea Station
7	74.5781	-57.2250	Kullorsuaq
7	74.0165	111.5100	Nordvik
7	73.3690	-56.0598	Tasiusaq
7	73.2204	143.1833	Shalaurova
7	-73.0496	-13.4167	Wasa Station
7	72.5997	127.0337	Trofimovsk
7	-72.0163	2.5333	Troll Station
7	71.4504	89.2500	Agapa
7	-71.3012	-11.8502	Novolazarevskaya Station
7	-70.8904	-7.8384	Neumayer Station III
7	70.8504	153.9000	Logashkino
7	-70.7822	11.7305	Maitri Station
7	70.7670	97.5000	Boyarka
7	70.1337	114.0000	Zhilinda
7	70.0171	135.6000	Ust Kuyga
7	69.7301	60.0636	Varnek
7	-69.4341	76.3393	Zhongshan Station
7	69.4126	30.2188	Nikel
7	-69.0304	39.7461	Showa Station
7	68.9337	-179.5000	Mys Shmidta
7	68.8193	-51.1785	Qasigiannguit
7	68.8079	49.3042	Bugrino
7	-68.7952	-90.5842	Peter I Island
7	68.7879	16.5156	Harstad
7	-68.7777	78.1407	Davis Station
7	68.4837	102.1666	Yessey
7	68.4106	123.9255	Natara
7	-68.1163	-67.1000	San Martín Base
7	68.0526	166.4486	Bilibino
7	67.9291	32.8287	Monchegorsk
7	67.9221	74.9253	Yamburg
7	67.7504	77.5200	Nakhodka
7	67.7315	-164.4859	Kivalina
7	-67.6145	62.8750	Mawson Station
7	67.6091	33.6687	Kirovsk
7	-67.5648	-68.1235	Rothera Station
7	67.4915	-134.8950	Fort McPherson
7	67.4671	86.5833	Igarka
7	67.4171	26.6000	Sodankylä
7	67.4105	-150.1075	Wiseman
7	67.0865	-157.8514	Ambler
7	66.8987	-162.5966	Kotzebue
7	-66.7751	139.9637	Dumont d'Urville Station
7	-66.5755	93.0063	Mirny Station
7	66.4171	173.3333	Mukhomornoye
7	66.3221	-179.1837	Egvekinot
7	-66.2861	110.5362	Casey Station
7	66.2570	-166.0719	Shishmaref
7	66.0492	-154.2550	Hughes
7	65.8259	-144.0605	Circle
7	65.7464	-19.6390	Sauðárkrókur
7	65.6096	-168.0875	Wales
7	65.2837	-126.8500	Norman Wells
7	65.2674	-14.3950	Egilsstaðir
7	64.9403	-161.1575	Koyuk
7	64.9004	125.2500	Tunguskhaya
7	64.7721	20.9500	Skellefteå
7	-64.7624	-64.0469	Palmer Station
7	64.3170	-96.0167	Baker Lake
7	64.2505	60.9700	Saranpaul
7	-64.2329	-56.6500	Marambio Base
7	64.1538	-83.1766	Coral Harbour
7	64.0171	11.5000	Steinkjer
7	63.9334	-20.9969	Selfoss
7	63.8734	-160.7881	Unalakleet
7	63.7548	34.3243	Segezha
7	63.7331	-148.9141	Denali Park
7	63.5948	53.8943	Sosnogorsk
7	63.4457	120.3167	Verkhnevilyuysk
7	63.3857	-143.3464	Tanacross
7	-63.3753	-57.0259	Esperanza Base
7	-63.3284	-57.8896	Gen. O'Higgins Base
7	63.0655	179.3067	Beringovskiy
7	63.0346	-163.5533	Kotlit
7	62.9670	65.0859	Peregrebnoye
7	62.9568	-155.5958	McGrath
7	62.8943	27.6949	Kuopio
7	-62.4995	-59.6833	Capitan Arturo Prat Station
7	62.4598	6.2633	Ålesund
7	62.2603	25.7500	Jyväskylä
7	-62.2249	-58.7716	King Sejong Station
7	-62.2241	-58.6505	Carlini Base
7	-62.2163	-58.9667	Great Wall Station
7	-62.1950	-58.9527	Escudero Base
7	-62.1827	-58.9077	Base Presidente Montalva
7	62.0446	74.4941	Kogalym
7	-61.9996	-58.0000	Elephant Island
7	61.8670	152.2502	Strelka
7	61.5995	90.1236	Podkamennaya Tunguska
7	61.5817	-149.4394	Wasilla
7	61.5787	-159.5222	Aniak
7	61.4934	129.1273	Pokrovsk
7	61.3520	16.3666	Bollnäs
7	61.3504	-139.0000	Burwash Landing
7	61.1013	28.9177	Svetogorsk
7	61.1012	80.2514	Laryak
7	61.0671	28.1833	Lappeenranta
7	61.0608	76.0953	Megion
7	60.7332	77.5777	Strezhevoy
7	-60.7329	-44.7333	Orcadas Station
7	60.6936	60.4133	Ivdel
7	60.6670	17.1666	Gävle
7	-60.6313	-45.6007	Signy Research Station
7	60.5032	120.3926	Olyokminsk
7	60.4004	25.6660	Porvoo
7	60.3321	165.8183	Korf
7	60.2004	151.1666	Karamken
7	60.1401	64.7548	Uray
7	60.0248	-69.9991	Kangirsuk
7	59.9674	164.1720	Il'pyrskiy
7	59.9291	32.3387	Volkhov
7	59.7602	60.0098	Karpinsk
7	59.7492	-161.9158	Quinhagak
7	59.7385	10.1992	Drammen
7	59.7203	-154.8972	Newhalen
7	59.6448	33.5144	Tikhvin
7	59.6429	-151.5483	Homer
7	59.5707	30.1333	Gatchina
7	59.5473	-139.7272	Yakutat
7	59.4648	40.1144	Sokol
7	59.4515	112.5578	Vitim
7	59.4370	10.6692	Moss
7	59.3776	28.1603	Narva
7	59.3671	13.4999	Karlstad
7	59.3138	52.2452	Kirs
7	59.2803	15.2200	Örebro
7	59.1404	37.9100	Cherepovets
7	59.0337	152.4166	Siglan
7	59.0162	54.6330	Kudymkar
7	58.9670	-2.9500	Kirkwall
7	58.8691	57.5887	Gubakha
7	58.8454	5.6900	Sandnes
7	58.7363	29.8390	Luga
7	58.7185	50.1880	Slobodskoy
7	58.7171	-111.1500	Fort Chipewyan
7	58.6946	99.0996	Kodinskiy
7	58.6887	-156.6614	King Salmon
7	58.6589	52.1592	Omutninsk
7	58.6436	59.7983	Nizhnyaya Tura
7	58.5954	16.1787	Norrköping
7	58.4847	41.5244	Buy
7	58.4503	-130.0333	Dease Lake
7	58.3978	33.8974	Borovichi
7	58.3798	45.5094	Sharya
7	58.3041	48.3137	Kotelnich
7	58.2934	57.8130	Chusovoy
7	58.2671	12.3000	Trollhättan
7	58.1232	52.6288	Glazov
7	58.1154	-135.4386	Hoonah
7	58.0747	55.7443	Krasnokamsk
7	58.0537	65.2583	Tavda
7	58.0503	38.8200	Rybinsk
7	58.0502	60.5498	Verkhnyaya Salda
7	57.9948	31.3544	Staraya Russa
7	57.8722	34.0518	Bologoye
7	57.7857	108.1119	Kirensk
7	57.7647	36.6900	Bezhetsk
7	57.7178	12.9392	Borås
7	57.6337	18.3000	Visby
7	57.5785	48.9581	Sovetsk
7	57.5723	-154.4550	Karluk
7	57.5646	-157.5691	Pilot Point
7	57.5504	157.2333	Utkholok
7	57.4902	60.2148	Nevyansk
7	57.4671	-4.2333	Inverness
7	57.4348	56.9543	Kungur
7	57.4337	10.5333	Frederikshavn
7	57.3899	21.5606	Ventspils
7	57.3670	139.5000	Tukchi
7	57.3652	61.8698	Artemovskiy
7	57.2191	41.9287	Vichuga
7	57.1892	39.4043	Rostov
7	57.1451	-2.1050	Aberdeen
7	57.0337	9.9166	Aalborg
7	57.0304	53.9900	Votkinsk
7	57.0291	34.9787	Torzhok
7	56.9931	86.1627	Asino
7	56.8837	14.8167	Växjö
7	56.8691	37.3444	Kimry
7	56.6736	66.2983	Yalutorovsk
7	56.6718	12.8556	Halmstad
7	56.6670	16.3666	Kalmar
7	56.6527	23.7128	Jelgava
7	56.6354	47.8749	Yoshkar Ola
7	56.5991	57.7586	Krasnoufimsk
7	56.5762	104.1227	Zheleznogorsk Ilimskiy
7	56.5312	121.6131	Nyukzha
7	56.4926	84.9036	Timiryazevskiy
7	56.4791	53.7987	Sarapul
7	56.4713	-132.3716	Wrangell
7	56.4704	-3.0000	Dundee
7	56.4548	52.1843	Mozhga
7	56.4434	60.1880	Polevskoy
7	56.4205	61.9350	Kamensk Uralskiy
7	56.3926	-3.4364	Perth
7	56.3819	68.3715	Golyshmanovo
7	56.3604	41.3300	Kovrov
7	56.3315	114.8900	Taksimo
7	56.2957	-158.4022	Chignik
7	56.2504	43.4600	Dzerzhinsk
7	56.2235	32.7731	Nelidovo
7	56.2108	87.7604	Mariinsk
7	56.1807	36.9809	Solnechnogorsk
7	56.1502	69.4498	Ishim
7	56.0931	101.2427	Vikhorevka
7	56.0837	63.6333	Shadrinsk
7	56.0835	54.2631	Neftekamsk
7	56.0413	12.7233	Helsingborg
7	56.0337	14.1333	Kristianstad
7	55.9607	97.8144	Biryusinsk
7	55.9004	107.7833	Ulkan
7	55.8704	38.4800	Noginsk
7	55.8504	-92.0833	Shamattawa
7	55.8104	94.3153	Uyar
7	55.8005	-98.8500	Nelson House
7	55.7670	-120.2333	Dawson Creek
7	55.7258	84.8854	Yurga
7	55.7204	21.1199	Klaipėda
7	55.7000	60.5595	Kyshtym
7	55.6404	51.8200	Nizhnekamsk
7	55.5704	42.0400	Murom
7	55.5670	71.3500	Nazyvayevsk
7	55.5091	47.4687	Kanash
7	55.4848	46.4244	Shumerlya
7	55.4670	8.4500	Esbjerg
7	55.4504	-4.6167	Ayr
7	55.4004	10.3833	Odense
7	55.3848	39.0294	Yegoryevsk
7	55.3804	37.5299	Podolsk
7	55.3648	50.6407	Chistopol
7	55.3573	78.3519	Barabinsk
7	55.3292	89.8207	Uzhur
7	55.3247	42.1644	Vyska
7	55.2802	85.6108	Topki
7	55.2219	75.9665	Tatarsk
7	55.2122	34.2918	Vyazma
7	55.1959	80.2811	Kargat
7	55.1465	33.2161	Safonovo
7	55.0804	36.6200	Obninsk
7	55.0718	21.8820	Sovetsk
7	55.0704	10.6167	Svendborg
7	55.0671	-3.5500	Dumfries
7	55.0487	74.5683	Kalachinsk
7	55.0004	-7.3333	Londonderry/Derry
7	54.9980	82.7077	Ob
7	54.9980	57.2726	Asha
7	54.9954	60.0949	Miass
7	54.9504	23.8800	Kaunas
7	54.9504	-95.2666	Oxford House
7	54.9435	41.3931	Kasimov
7	54.9304	37.4300	Serpukhov
7	54.9287	71.2682	Isikul
7	54.9087	64.4333	Kurtamysh
7	54.9053	70.4400	Bulaevo
7	54.9004	52.3199	Almetyevsk
7	54.8512	-163.4150	False Pass
7	54.8504	46.6000	Alatyr
7	54.7837	9.4333	Flensburg
7	54.7489	61.2935	Yemanzhelinsk
7	54.7170	-113.2666	Athabasca
7	54.6048	53.6943	Tuymazy
7	54.5804	-1.2300	Middlesbrough
7	54.5204	36.2700	Kaluga
7	54.5204	18.5300	Gdynia
7	54.5153	30.4215	Orsha
7	54.5103	-6.0477	Lisburn
7	54.4914	89.9531	Shira
7	54.3491	41.9087	Sasovo
7	54.3487	93.4355	Artemovsk
7	54.3304	10.1300	Kiel
7	54.3004	13.1000	Stralsund
7	54.2981	85.9377	Guryevsk
7	-54.2806	-36.5080	Grytviken
7	54.2804	-0.4300	Scarborough
7	54.2671	-8.4833	Sligo
7	54.2504	49.5600	Dimitrovgrad
7	54.2336	83.3688	Cherepanovo
7	54.2260	28.4922	Barysaw
7	54.2170	-125.7666	Burns Lake
7	54.1704	45.1800	Saransk
7	54.1605	74.8200	Cherlak
7	54.1491	-4.4803	Douglas
7	54.1301	-108.4347	Meadow Lake
7	54.1291	54.1187	Belebey
7	54.1056	61.5702	Troitsk
7	54.0852	34.3048	Kirov
7	54.0704	12.1500	Rostock
7	54.0674	54.9269	Rayevskiy
7	53.9998	-6.3956	Dundalk
7	53.9512	-1.0721	York
7	53.9509	32.8604	Roslavl
7	53.8985	30.3246	Mahilyow
7	53.8885	25.2846	Lida
7	53.8704	10.6700	Lübeck
7	53.8481	69.7638	Tayynsha
7	53.8337	22.3500	Ełk
7	53.8304	-3.0500	Blackpool
7	53.7936	81.3388	Kamenna Obi
7	53.7836	-77.6166	Radisson
7	53.7747	38.1144	Bogoroditsk
7	53.7506	62.0502	Komsomolets
7	53.7504	-0.3300	Kingston upon Hull
7	53.7273	78.0219	Karasuk
7	53.7089	-6.3505	Drogheda
7	53.6779	23.8341	Hrodna
7	53.6368	72.3414	Kishkenekol
7	53.5504	8.5800	Bremerhaven
7	53.5264	-63.9807	Churchill Falls
7	53.5081	49.4201	Tolyatti
7	53.4804	18.7500	Grudziądz
7	53.4547	41.8044	Morshansk
7	53.4204	14.5300	Szczecin
7	53.3993	83.9588	Novoaltaysk
7	53.3778	51.3474	Otradnyy
7	53.3703	55.9300	Salavat
7	53.3453	75.4499	Ertis
7	53.2724	-9.0488	Galway
7	53.2647	36.5472	Mtsensk
7	53.2504	5.7834	Leeuwarden
7	53.2404	-131.8333	Sandspit
7	53.2204	6.5800	Groningen
7	53.1947	44.0444	Kamenka
7	53.1491	38.1215	Yefremov
7	53.1317	23.1823	Białystok
7	53.1266	29.1928	Babruysk
7	53.1204	46.6000	Kuznetsk
7	53.1204	18.0100	Bydgoszcz
7	53.0894	91.4004	Sayanogorsk
7	53.0804	76.0900	Kachiry
7	53.0474	60.6819	Kartaly
7	53.0049	78.6696	Slavgorod
7	53.0004	-2.1800	Stoke
7	52.9837	-122.4833	Quesnel
7	52.9411	-1.1657	Nottingham
7	52.9384	-168.8677	Nikolski
7	52.8504	-102.3833	Hudson Bay
7	52.7918	87.8677	Tashtagol
7	52.7821	52.2618	Buzuluk
7	52.7748	55.7843	Kumertau
7	52.7652	32.2448	Klintsy
7	52.7091	58.6387	Sibay
7	52.6980	62.5749	Tobol
7	52.6546	-7.2523	Kilkenny
7	52.6404	70.4100	Makinsk
7	52.6304	1.3000	Norwich
7	52.6170	-94.0666	Deer Lake
7	52.5947	41.5044	Kotovsk
7	52.5827	78.9473	Kulunda
7	52.5672	-0.2484	Peterborough
7	52.5341	85.1800	Biysk
7	52.4948	39.9343	Gryazi
7	52.4918	82.7777	Aleysk
7	52.4622	44.2218	Serdobsk
7	52.4580	64.6000	Qusmuryn
7	52.4502	71.9597	Aqsu
7	52.4390	156.3594	Bol'sheretsk
7	52.4248	37.6044	Livny
7	52.4058	16.8999	Poznań
7	52.4007	-1.5027	Coventry
7	52.4004	13.0700	Potsdam
7	52.3804	4.6300	Haarlem
7	52.3670	9.7167	Hanover
7	52.3548	35.4044	Zheleznogorsk
7	52.2804	8.0500	Osnabrück
7	52.2004	0.1166	Cambridge
7	52.1965	-174.2005	Atka
7	52.1930	61.2399	Zhetiqara
7	52.1484	-128.1173	Bella Bella
7	52.1304	11.6200	Magdeburg
7	52.1279	26.0941	Pinsk
7	52.1003	5.1200	Utrecht
7	52.0703	1.1700	Ipswich
7	52.0504	-9.5167	Killarney
7	52.0504	-107.9833	Biggar
7	52.0460	29.2722	Mazyr
7	52.0347	47.3743	Volsk
7	52.0148	48.7944	Pugachev
7	52.0090	116.5486	Nerchinsk
7	51.9704	7.6200	Münster
7	51.9570	66.3775	Esil
7	-51.9506	-60.0870	Fox Bay
7	51.9504	15.5000	Zielona Góra
7	51.8804	-0.4200	Luton
7	51.8765	44.9961	Atkarsk
7	51.8734	33.4797	Shostka
7	51.7704	14.3300	Cottbus
7	51.7518	-1.2481	Oxford
7	51.7502	71.7099	Zholymbet
7	51.7170	-91.8000	Cat Lake
7	51.6948	35.2744	Lgov
7	51.6324	69.8328	Zhaltyr
7	51.6303	73.1049	Erymentau
7	51.5535	43.1631	Balashov
7	51.5204	9.9200	Göttingen
7	51.5004	46.1200	Engels
7	51.4747	58.4543	Gay
7	51.4670	-109.1333	Kindersley
7	51.4504	-56.9500	Forteau
7	51.4337	-116.1833	Lake Louise
7	51.4191	57.5787	Mednogorsk
7	51.3837	-2.3500	Bath
7	51.3837	-55.5999	St. Anthony
7	51.3354	12.4100	Leipzig
7	51.3004	37.8400	Starsy Oskol
7	51.2808	106.5004	Gusinoozyorsk
7	51.2504	22.5727	Lublin
7	51.2204	6.7800	Düsseldorf
7	51.2204	3.2300	Brugge
7	51.2171	24.7166	Kovel
7	51.2171	-102.4665	Yorkton
7	51.1714	53.0349	Aqsay
7	51.1603	54.9999	Sol-lletsk
7	51.1571	82.1950	Zmeinogorsk
7	51.1337	1.3000	Dover
7	51.1178	133.0241	Chegdomyn
7	51.1104	17.0300	Wrocław
7	51.1031	114.5228	Aginskoye
7	51.1021	66.3075	Derzhavinsk
7	51.0541	31.8903	Nizhyn
7	51.0337	-93.8333	Red Lake
7	51.0005	-118.1833	Revelstoke
7	50.9881	81.4877	Gornyak
7	50.9504	28.6500	Korosten
7	50.9504	1.8333	Calais
7	50.9304	11.5800	Jena
7	50.9191	128.4637	Belogorsk
7	50.8904	20.6600	Kielce
7	50.8704	12.0700	Gera
7	50.8303	-0.1700	Brighton
7	50.8003	-1.0800	Portsmouth
7	50.7734	42.0031	Uryupinsk
7	50.7546	59.5400	Dombarovskiy
7	50.7472	25.3334	Lutsk
7	50.7205	7.0800	Bonn
7	50.7171	-127.5000	Port Hardy
7	50.7004	-3.5299	Exeter
7	50.6905	156.0850	Severo Kurilsk
7	50.6837	-121.9333	Lillooet
7	50.6535	38.6931	Alekseyevka
7	50.6516	121.5167	Yitulihe
7	50.6166	26.2528	Rivne
7	50.5837	8.6500	Gießen
7	50.5671	-111.9000	Brooks
7	50.4813	-59.6098	Chevery
7	50.4704	4.8700	Namur
7	50.4204	4.4500	Charleroi
7	50.4171	-73.8666	Mistassini
7	50.3854	-4.1600	Plymouth
7	50.3554	83.5149	Ridder
7	50.3505	7.6000	Koblenz
7	50.3304	18.6700	Gliwice
7	50.3170	11.9167	Hof
7	50.2837	-107.7666	Swift Current
7	50.2630	-91.9166	Sioux Lookout
7	50.2604	19.0200	Katowice
7	50.2228	136.8974	Amursk
7	50.2091	38.0987	Valuyki
7	50.1915	51.1449	Chapaev
7	50.1337	-5.5500	Penzance
7	50.0804	45.4000	Kamyshin
7	50.0804	8.2500	Wiesbaden
7	50.0679	43.2175	Mikhaylovka
7	50.0477	46.8773	Pallasovka
7	50.0404	15.7600	Pardubice
7	50.0287	21.9960	Rzeszów
7	50.0171	-125.2500	Campbell River
7	49.9337	1.0833	Dieppe
7	49.9032	57.3350	Algha
7	49.9004	2.3000	Amiens
7	49.8837	-124.5500	Powell River
7	49.8304	18.2500	Ostrava
7	49.8004	9.9500	Würzburg
7	49.7722	43.6518	Frolovo
7	49.7504	129.6167	Progress
7	49.7504	-77.6333	Matagami
7	49.7453	84.2548	Zyryanovsk
7	49.7404	13.3600	Pizen
7	49.7218	37.5981	Kupyansk
7	49.7005	-112.8333	Lethbridge
7	49.7005	-83.6666	Hearst
7	49.6504	-1.6500	Cherbourg
7	49.6003	81.0549	Shar
7	49.5740	34.5703	Poltava
7	49.5360	25.5821	Ternopil
7	49.5171	-96.6833	Steinbach
7	49.5004	8.4700	Mannheim
7	49.5004	-119.5833	Penticton
7	49.4837	-117.2833	Nelson
7	49.4837	-58.1166	Trout River
7	49.4731	57.4449	Oktyabrsk
7	49.4347	32.0709	Cherkasy
7	49.4304	1.0800	Rouen
7	49.4276	46.8772	Zhanibek
7	49.4004	15.5833	Jihlava
7	49.2804	120.7300	Yakeshi
7	49.2504	6.9700	Saarbrücken
7	49.2504	4.0300	Reims
7	49.2416	143.0850	Poronaysk
7	49.2304	17.6500	Zlín
7	49.2254	28.4816	Vinnytsya
7	49.2198	18.7494	Žilina
7	49.2004	16.6100	Brno
7	49.1838	-0.3500	Caen
7	49.1460	-123.9343	Nanaimo
7	49.1203	6.1800	Metz
7	49.0835	33.4296	Kremenchuk
7	49.0670	-81.0166	Cochrane
7	49.0504	-122.3000	Abbotsford
7	49.0204	12.1200	Regensburg
7	49.0170	-88.2500	Nipigon
7	48.9997	21.2394	Prešov
7	48.9664	96.7833	Hodrogo
7	48.9379	40.3974	Millerovo
7	48.9348	24.7094	Ivano-Frankivsk
7	48.9337	89.9500	Olgiy
7	48.9204	38.4274	Lysychansk
7	48.8268	58.1442	Embi
7	48.8170	-56.8666	Buchans
7	48.8005	2.1333	Versailles
7	48.7948	44.7744	Volzhskiy
7	48.7838	121.9334	Bugt
7	48.7704	11.4500	Ingolstadt
7	48.7601	-122.4869	Bellingham
7	48.7504	-86.3667	Marathon
7	48.7504	-91.6166	Atikokan
7	48.7304	21.2500	Košice
7	48.6917	55.8740	Bayghanin
7	48.6903	71.6499	Atasu
7	48.6837	6.2000	Nancy
7	48.6337	142.8000	Makarov
7	48.5837	19.1332	Zvolen
7	48.5755	13.4412	Passau
7	48.5698	39.3344	Luhansk
7	48.5504	-58.5666	Stephenville
7	48.5041	32.2603	Kirovohrad
7	-48.4669	-72.5930	Villa O'Higgins
7	48.4616	142.0900	Krasnogorsk
7	48.4337	-68.5167	Rimouski
7	48.4004	10.0000	Ulm
7	48.3904	-4.4950	Brest
7	48.3404	4.0834	Troyes
7	48.3192	14.2888	Linz
7	48.3053	25.9216	Chernivtsi
7	48.2363	129.5059	Xinqing
7	48.1865	40.7861	Belaya Kalitva
7	48.1840	-106.6353	Glasgow
7	48.1568	-103.6280	Williston
7	48.1004	20.7800	Miskolc
7	48.0263	125.8659	Keshan
7	48.0253	70.7999	Qarazhal
7	48.0044	0.2026	Le Mans
7	48.0004	7.8699	Freiburg
7	48.0004	-84.7833	Wawa
7	47.9604	-122.2000	Everett
7	47.9204	123.5100	Gannan
7	47.9004	-91.8257	Ely
7	47.9004	1.9000	Orléans
7	47.8804	125.3000	Yian
7	47.8503	12.1333	Rosenheim
7	47.8337	-83.4000	Chapleau
7	47.8105	13.0400	Salzburg
7	47.8004	3.5666	Auxerre
7	47.7837	19.1332	Vác
7	47.7591	27.9053	Bălți
7	47.7504	-3.3666	Lorient
7	47.7504	7.3500	Mulhouse
7	47.7484	26.6597	Botoșani
7	47.7204	40.2700	Shakhty
7	47.7004	17.6300	Győr
7	47.6781	-116.7794	Coeur d'Alene
7	47.6714	51.5798	Makhambet
7	47.6595	23.5791	Baia Mare
7	47.5804	7.5900	Basel
7	47.5736	-122.6420	Bremerton
7	47.5670	-59.1500	Channel-Port aux Basques
7	47.5666	34.4062	Nikopol
7	47.5504	31.3333	Voznesensk
7	47.5328	134.7475	Vyazemskiy
7	47.5305	21.6300	Debrecen
7	47.5237	-92.5364	Virginia
7	47.4752	84.8598	Zaysan
7	47.4504	126.9300	Hailun
7	47.3837	-79.6833	Cobalt
7	47.3804	0.6999	Tours
7	47.3794	-68.3333	Edmundston
7	47.3504	142.8000	Dolinsk
7	47.3404	123.1800	Longjiang
7	47.3304	5.0300	Dijon
7	47.3004	-53.9900	Argentia
7	47.2804	11.4100	Innsbruck
7	47.2704	132.0200	Fujin
7	-47.2663	-72.5499	Cochrane
7	47.2104	-1.5900	Nantes
7	47.1864	20.1794	Szolnok
7	47.1364	129.2859	Nancha
7	47.1337	9.5167	Vaduz
7	47.1273	-88.5808	Hancock
7	47.1002	81.6048	Urzhar
7	47.0837	2.4000	Bourges
7	47.0778	15.4100	Graz
7	47.0504	8.2800	Luzern
7	46.9911	89.5302	Koktokay
7	46.9837	3.1667	Nevers
7	46.9749	-123.8144	Aberdeen
7	46.9504	128.0500	Tieli
7	46.9060	-98.7030	Jamestown
7	46.8840	-102.7888	Dickinson
7	46.8743	-96.7422	Moorhead
7	46.8531	29.6400	Tiraspol
7	46.8378	35.3775	Melitopol
7	46.8203	134.2649	Bikin
7	46.7370	-53.3633	Trepassey
7	46.7212	-92.1039	Superior
7	46.6988	38.2634	Yeysk
7	46.6803	141.8699	Nevelsk
7	46.6756	-68.0125	Presque Isle
7	46.6704	131.3500	Shuangyashan
7	46.6325	32.6007	Kherson
7	46.6304	126.9800	Suihua
7	46.6203	14.3100	Klagenfurt
7	46.5784	26.9196	Bacău
7	46.5582	24.5578	Tirgu Mures
7	46.5504	-72.7333	Shawinigan
7	46.5504	-75.5000	Mont-Laurier
7	46.5467	-87.4066	Marquette
7	46.5405	15.6500	Maribor
7	46.5304	6.6500	Lausanne
7	46.5004	11.3600	Bolzano
7	46.4775	41.5420	Salsk
7	46.4089	-105.8400	Miles City
7	46.3904	123.4100	Tailai
7	46.3670	17.8000	Kaposvár
7	46.2918	-119.2911	Richland
7	46.2664	126.2760	Lanxi
7	46.2504	20.1500	Szeged
7	46.1884	-123.8300	Astoria
7	46.1387	-122.9370	Longview
7	46.1195	73.6191	Saryshaghan
7	46.1171	3.4167	Vichy
7	46.1171	-70.6667	Saint-Georges
7	46.0804	18.2200	Pécs
7	46.0804	11.1200	Trento
7	46.0804	125.9800	Zhaodong
7	46.0652	-118.3419	Walla Walla
7	46.0504	-71.9667	Victoriaville
7	46.0004	8.9667	Lugano
7	45.9670	-81.9333	Little Current
7	45.9079	28.1944	Cahul
7	45.8531	40.1377	Tikhoretsk
7	45.8503	-77.1166	Pembroke
7	45.7690	132.9922	Hulin
7	45.7588	21.2234	Timișoara
7	45.7564	130.5759	Boli
7	45.7457	-87.0644	Escanaba
7	45.7170	34.4000	Dzhankoy
7	45.7004	9.6700	Bergamo
7	45.6801	-111.0378	Bozeman
7	45.6726	-118.7875	Pendleton
7	45.6504	13.8000	Trieste
7	45.6475	25.6072	Brașov
7	45.6399	-89.4121	Rhinelander
7	45.6269	-61.9982	Antigonish
7	45.6247	38.9444	Timashevsk
7	45.5612	-94.1622	St. Cloud
7	45.5504	18.6800	Osijek
7	45.5504	131.8800	Mishan
7	45.5401	-100.4347	Mobridge
7	45.4651	-98.4864	Aberdeen
7	45.4404	10.9900	Verona
7	45.4304	4.3800	Saint-Étienne
7	45.4203	79.9149	Sarqan
7	45.3738	-84.9552	Petoskey
7	45.3685	36.4881	Kerch
7	45.3503	28.8374	Izmayil
7	45.3503	126.2800	Shuangcheng
7	45.3337	-80.0330	Parry Sound
7	45.3304	122.7800	Taonan
7	45.2970	21.8865	Reșița
7	45.2670	-66.0767	Saint John
7	45.2653	77.9700	Ushtobe
7	45.2504	19.8499	Novi Sad
7	45.2204	127.9700	Shangzhi
7	45.1969	33.3631	Yevpatoriya
7	45.1804	5.7200	Grenoble
7	45.1804	124.8200	Songyuan
7	45.1757	-113.8950	Salmon
7	45.1504	1.5333	Brive
7	-45.1092	170.9948	Oamaru
7	45.1047	43.4344	Blagodarnyy
7	45.1004	-87.6305	Marinette
7	45.0171	-74.7333	Cornwall
7	45.0004	41.1300	Armavir
7	44.9806	-64.1291	Windsor
7	44.9804	16.7000	Prijedor
7	44.9492	34.0987	Simferopol
7	44.9469	26.0365	Ploiești
7	44.9387	74.0303	Burylbaytal
7	44.8687	13.8481	Pula
7	44.8563	24.8758	Pitești
7	44.8504	11.6099	Ferrara
7	44.8104	10.3200	Parma
7	44.7804	17.1800	Banja Luka
7	44.7684	-85.6222	Traverse City
7	44.7337	-81.1333	Wiarton
7	44.6501	-93.2425	Lakeville
7	44.6348	40.7443	Labinsk
7	44.6226	-65.7605	Digby
7	44.6205	-123.0869	Albany
7	44.6002	132.8198	Spassk Dalniy
7	44.5748	38.0644	Gelendzhik
7	44.5724	-123.2800	Corvallis
7	44.5505	18.6800	Tuzla
7	44.5171	50.2666	Fort Shevchenko
7	44.5004	11.3400	Bologna
7	44.4304	125.1701	Nongan
7	44.4204	12.2200	Ravenna
7	44.4165	-118.9520	John Day
7	44.4091	43.8787	Zelenokumsk
7	44.4091	126.9487	Shulan
7	44.3879	-68.2044	Bar Harbor
7	44.3838	-79.7000	Barrie
7	44.3337	111.2333	Ulaan-Uul
7	44.3313	129.4659	Ningan
7	44.3263	23.8259	Craiova
7	44.3068	-96.7880	Brookings
7	44.2904	42.0600	Cherkessk
7	44.2832	-105.5053	Gillette
7	44.2702	135.0498	Kavalerovo
7	44.2512	-85.4136	Cadillac
7	44.2337	-76.4833	Kingston
7	44.2063	27.3259	Călărași
7	44.2004	0.6333	Agen
7	44.1670	66.7500	Shieli
7	44.1447	125.8443	Jiutai
7	44.1201	15.2623	Zadar
7	44.1148	39.0644	Tuapse
7	44.1007	-70.2153	Lewiston
7	44.0504	-91.6392	Winona
7	44.0251	-88.5425	Oshkosh
7	44.0221	-92.4697	Rochester
7	43.9837	119.1834	Bairin Zuoqi
7	43.9752	-75.9111	Watertown
7	43.9361	12.4418	San Marino
7	43.9171	-80.0833	Orangeville
7	-43.8983	171.7486	Ashburton
7	43.8897	20.3301	Čačak
7	43.8844	77.0687	Qapshaghay
7	43.8537	25.9733	Ruse
7	43.8504	143.9000	Kitami
7	43.8304	4.3500	Nîmes
7	43.7734	-88.4469	Fond du Lac
7	43.7656	-65.3194	Shelburne
7	-43.7239	-67.2832	Las Plumas
7	43.7205	10.4000	Pisa
7	43.7163	127.3460	Jiaohe
7	43.7143	-98.0262	Mitchell
7	43.6610	-116.6705	Caldwell
7	43.6460	-108.2147	Thermopolis
7	43.6104	3.8700	Montpellier
7	43.6004	13.4999	Ancona
7	43.5953	73.7448	Shu
7	43.5851	27.8400	Dobrich
7	43.5837	121.2000	Kailu
7	43.5511	10.3023	Livorno
7	43.5421	79.4703	Shonzhy
7	43.5346	75.2139	Otar
7	43.5204	16.4700	Split
7	43.5171	118.0333	Linxi
7	43.4617	11.8750	Arezzo
7	43.4257	-88.1833	West Bend
7	43.4238	24.6134	Pleven
7	-43.3813	172.6510	Kaiapoi
7	43.3805	-3.8000	Santander
7	43.3505	-5.8300	Oviedo
7	43.3505	128.2200	Dunhua
7	43.3505	3.2100	Béziers
7	43.3505	17.8200	Mostar
7	43.3304	21.9000	Niš
7	43.3248	129.7343	Wangqing
7	43.3204	-1.9800	San Sebastián
7	43.3170	11.3500	Siena
7	43.3004	52.8000	Zhangaozen
7	43.2346	-86.2484	Muskegon
7	43.2184	-123.3561	Roseburg
7	43.2156	27.8953	Varna
7	43.1887	140.9783	Otaru
7	43.1854	70.4600	Qaratau
7	43.1540	-93.2008	Mason City
7	43.1342	5.9188	Toulon
7	43.1104	12.3900	Perugia
7	43.1012	-75.2331	Utica
7	-43.0996	-73.6000	Quellón
7	43.0948	-79.0369	Niagara Falls
7	43.0862	25.6555	Turnovo
7	43.0704	58.9000	Qunghirot
7	43.0504	44.6700	Vladikavkaz
7	43.0282	-108.3950	Riverton
7	43.0129	-83.6875	Flint
7	42.9960	-71.4553	Manchester
7	-42.9911	147.3084	Kingston
7	42.9637	-85.6699	Grand Rapids
7	42.9426	126.0561	Panshi
7	42.9354	89.1650	Turpan
7	42.9311	59.7708	Chimboy
7	42.9304	143.1700	Obihiro
7	42.9204	72.7050	Qulan
7	42.9153	73.2549	Oytal
7	42.8829	-8.5411	Santiago de Compostela
7	42.8820	-97.3925	Yankton
7	42.8747	47.6244	Kaspiysk
7	42.8335	47.1130	Buynaksk
7	42.8279	-103.0031	Chadron
7	42.8146	-73.9400	Schenectady
7	42.7565	-105.3845	Douglas
7	42.7277	-87.8118	Racine
7	-42.7072	171.0100	Hokitika
7	42.7032	9.4500	Bastia
7	42.6609	18.0914	Dubrovnik
7	42.6603	20.3107	Pec
7	42.6519	-83.2902	Pontiac
7	42.6504	141.5500	Tomakomai
7	42.6337	-71.3167	Lowell
7	42.6229	126.2614	Huinan
7	42.5610	-114.4606	Twin Falls
7	42.5348	129.0044	Helong
7	42.5184	72.2429	Talas
7	42.5009	-90.6645	Dubuque
7	42.5004	-96.4000	Sioux City
7	42.4932	-92.3428	Waterloo
7	42.4704	-2.4300	Logroño
7	42.4560	76.1854	Balykchy
7	42.4554	14.2187	Pescara
7	42.4395	-123.3272	Grants Pass
7	42.4369	68.8048	Arys
7	42.4231	25.6227	Stara Zagora
7	-42.3996	-66.9500	Telsen
7	42.3640	-87.8447	Waukegan
7	42.3504	-3.6800	Burgos
7	42.3504	13.3900	L'Aquila
7	42.3377	130.4027	Rason
7	42.3226	-111.2969	Montpelier
7	42.3004	-83.7200	Ann Arbor
7	42.3004	123.8200	Tieling
7	-42.2996	147.3666	Oatlands
7	42.2922	-85.5872	Kalamazoo
7	42.2843	22.6911	Kyustendil
7	-42.2830	-69.2333	Gastre
7	42.2789	125.7173	Liuhe
7	42.2704	-71.8000	Worcester
7	42.2304	129.2304	Musan
7	42.1557	41.6716	Poti
7	42.1299	-80.0850	Erie
7	42.1004	11.8000	Civitavecchia
7	42.0990	-75.9183	Binghamton
7	42.0974	-79.2355	Jamestown
7	42.0901	-76.8080	Elmira
7	-42.0829	145.5500	Queenstown
7	42.0685	19.5189	Shkodër
7	42.0578	48.2774	Derbent
7	42.0287	-97.4336	Norfolk
7	42.0187	-93.6231	Ames
7	41.9438	25.5633	Khaskovo
7	41.9271	8.7283	Ajaccio
7	41.8826	72.9372	Toktogul
7	-41.8784	148.2886	Bicheno
7	41.8675	-103.6607	Scottsbluff
7	41.8363	126.9360	Linjiang
7	41.7907	-107.2343	Rawlins
7	41.7676	109.9711	Bayan Obo
7	41.7654	-88.3000	Aurora
7	-41.7638	171.6028	Westport
7	41.7565	-124.2005	Crescent City
7	41.7359	-111.8336	Logan
7	41.6704	26.5700	Edirne
7	41.5822	64.2018	Zarafshon
7	41.5804	-87.3300	Gary
7	41.5704	45.0500	Rustavi
7	41.5682	35.9069	Bafra
7	41.5540	-90.5875	Davenport
7	41.5504	120.4200	Chaoyang
7	41.5146	-109.4650	Green River
7	41.4904	-71.3134	Newport
7	41.4605	15.5600	Foggia
7	41.4304	31.7800	Zonguldak
7	41.4093	-75.6627	Scranton
7	41.3927	128.1927	Hyeson
7	41.3911	60.3557	Khiwa
7	41.3419	72.2314	Tash Komur
7	41.3304	-72.9000	New Haven
7	41.3178	19.4482	Durrës
7	41.3104	-122.3094	Mt. Shasta
7	41.2623	-95.8608	Council Bluffs
7	41.2563	125.3460	Huanren
7	41.2490	-75.8779	Wilkes-Barre
7	41.2324	-111.9680	Ogden
7	41.1923	47.1705	Saki
7	41.1725	75.7968	At Bashy
7	-41.1495	147.5167	Scottsdale
7	41.1418	24.8836	Xanthi
7	41.1398	-102.9783	Sidney
7	41.1363	-100.7705	North Platte
7	-41.1355	175.0290	Upper Hutt
7	41.1337	14.7500	Benevento
7	41.1204	-87.8611	Kankakee
7	41.1204	1.2500	Tarragona
7	41.1142	16.8728	Bari
7	41.0896	108.2722	Wuyuan
7	41.0860	23.5497	Seres
7	41.0804	-85.1300	Fort Wayne
7	41.0704	-81.5200	Akron
7	41.0391	21.3395	Bitola
7	41.0304	70.1549	Angren
7	41.0004	37.8699	Ordu
7	40.9909	27.5100	Tekirdağ
7	40.9734	-117.7347	Winnemucca
7	40.9732	126.6032	Kanggye
7	40.9704	-5.6700	Salamanca
7	40.9604	129.3204	Kilchu
7	40.9604	117.9300	Chengde
7	-40.9439	175.6456	Masterton
7	40.9429	73.0025	Jalal Abad
7	40.9143	9.5151	Olbia
7	40.8627	-124.0828	Arcata
7	40.8504	69.5950	Olmaliq
7	-40.8329	145.1167	Smithton
7	40.8079	-91.1128	Burlington
7	40.7937	-77.8602	State College
7	40.7760	29.9306	İzmit
7	40.7429	-84.1053	Lima
7	40.7363	31.6061	Bolu
7	-40.7329	-64.9333	San Antonio Oeste
7	40.7004	-74.1700	Newark
7	40.6804	14.7699	Salerno
7	40.6537	35.8330	Amasya
7	40.6534	47.7406	Goycay
7	40.6403	17.9300	Brindisi
7	40.6337	-3.1666	Guadalajara
7	40.6171	125.4501	Taedong
7	-40.6124	175.2772	Levin
7	40.6085	43.0975	Kars
7	40.5870	-122.3906	Redding
7	-40.5829	-67.8000	Sierra Colorado
7	40.5607	-105.0589	Fort Collins
7	40.5404	70.9400	Qoqon
7	40.5404	72.7900	Osh
7	40.5173	-107.5504	Craig
7	40.5084	17.2300	Taranto
7	40.5004	95.8000	Anxi
7	40.4868	-86.1336	Kokomo
7	40.4846	-88.9936	Bloomington
7	40.4554	-109.5280	Vernal
7	40.4547	113.1443	Fengzhen
7	40.3604	18.1500	Lecce
7	40.3271	-78.9222	Johnstown
7	40.2723	22.5025	Katerini
7	40.2248	116.1944	Changping
7	40.2056	-100.6262	McCook
7	40.2004	-8.4167	Coimbra
7	40.1938	-85.3864	Muncie
7	40.1459	26.4064	Çanakkale
7	40.1104	65.3550	Navoi
7	40.1100	-88.2042	Urbana
7	40.1004	67.8300	Jizzax
7	40.0643	-80.7211	Wheeling
7	40.0081	-105.2445	Boulder
7	39.9704	-0.0500	Castello
7	39.9629	-76.7280	York
7	39.9360	-91.4097	Quincy
7	39.9323	48.9203	Şirvan
7	39.9219	69.0015	Uroteppa
7	-39.9211	-62.6243	Villalonga
7	39.9204	41.2900	Erzurum
7	39.8670	-4.0167	Toledo
7	39.8504	33.5300	Kırıkkale
7	-39.8495	-72.8300	Los Lagos
7	39.8407	-88.9547	Decatur
7	39.8156	46.7520	Stepanakert
7	39.7690	-94.8464	St. Joseph
7	39.7527	39.4928	Erzincan
7	39.7463	-75.5469	Wilmington
7	39.7454	37.0350	Sivas
7	39.7211	64.5458	Kogon
7	39.7198	43.0513	Ağrı
7	39.6823	122.9619	Zhuanghe
7	39.6813	125.2163	Chongju
7	39.6679	20.8509	Ioanina
7	39.6532	-78.7628	Cumberland
7	39.6504	27.8900	Balıkesir
7	39.6304	22.4200	Larissa
7	39.6298	-79.9561	Morgantown
7	39.6154	19.9147	Kerkira
7	39.5998	-110.8100	Price
7	39.5124	54.3649	Balkanabat
7	39.3646	-74.4233	Atlantic City
7	39.3004	112.4200	Shuozhou
7	39.2224	9.1040	Cagliari
7	39.2092	45.4122	Naxcivan
7	39.2015	46.4150	Kapan
7	39.1787	-78.1666	Winchester
7	39.1657	-86.5264	Bloomington
7	39.1542	-123.2109	Ukiah
7	39.1410	-121.6158	Yuba City
7	39.1104	26.5546	Mitilini
7	39.0840	-84.5086	Covington
7	39.0618	66.8315	Shahrisabz
7	-39.0556	174.0748	New Plymouth
7	39.0003	-1.8700	Albacete
7	38.9521	-92.3339	Columbia
7	38.9004	16.6000	Catanzaro
7	38.8910	-90.1842	Alton
7	38.8804	-6.9700	Badajoz
7	38.8704	65.8000	Qarshi
7	38.8583	115.4689	Baoding
7	38.8390	105.6686	Alxa Zuoqi
7	38.8247	-97.6072	Salina
7	38.8043	-77.0552	Alexandria
7	38.7843	-90.5062	St. Charles
7	38.7540	48.8511	Lankaran
7	38.7504	30.5500	Afyon
7	38.7490	41.4969	Muş
7	-38.7095	-73.1700	Carahue
7	38.7004	139.8302	Tsuruoka
7	38.6804	29.4200	Uşak
7	38.6504	-27.2167	Angra do Heroísmo
7	38.6304	27.4400	Manisa
7	38.6218	21.4077	Agrinio
7	-38.6095	145.5900	Wonthaggi
7	38.5737	-109.5492	Moab
7	38.5448	-106.9283	Gunnison
7	38.5347	-28.6448	Horta
7	38.5304	44.9700	Khvoy
7	38.5252	-90.0002	Belleville
7	-38.5163	-70.3666	Las Lajas
7	38.5004	115.0000	Dingzhou
7	38.4957	102.1739	Jinchang
7	38.4954	43.4000	Van
7	38.4773	-107.8655	Montrose
7	38.4640	23.6124	Chalkida
7	38.4504	-122.7000	Santa Rosa
7	38.4196	-82.4453	Huntington
7	38.4104	112.7200	Xinzhou
7	38.4042	-96.1814	Emporia
7	38.3704	38.3000	Malatya
7	38.3704	117.3300	Huanghua
7	38.3681	26.1358	Hios
7	38.3512	-0.4836	Alicante
7	-38.3395	143.5800	Colac
7	38.3367	126.3866	Pyongsan
7	38.3204	116.8700	Cangzhou
7	38.3035	-77.4608	Fredericksburg
7	38.2804	-104.6300	Pueblo
7	38.2705	140.3200	Yamagata
7	-38.2395	-72.3400	Victoria
7	38.2087	128.5912	Sokcho
7	38.2005	15.5500	Messina
7	-38.1996	146.5300	Traralgon
7	38.1338	85.5333	Quiemo
7	-38.1096	147.0600	Sale
7	-38.0996	145.2834	Cranbourne
7	38.0865	-102.6194	Lamar
7	38.0394	125.7144	Haeju
7	37.9794	68.6890	Kuybyshevskiy
7	37.9581	-121.2897	Stockton
7	-37.9574	176.9828	Whakatane
7	37.9371	125.3571	Ongjin
7	37.9212	69.7757	Kulob
7	37.9204	40.2300	Diyarbakır
7	37.8904	41.1400	Batman
7	37.8718	-109.3422	Monticello
7	37.8425	-112.8272	Parowan
7	-37.8296	147.6100	Bairnsdale
7	37.8248	65.1997	Atamyrat
7	37.8054	12.4387	Marsala
7	37.7802	-81.1830	Beckley
7	37.7746	-87.1133	Owensboro
7	37.7704	-3.8000	Jaén
7	37.7704	29.0800	Denizli
7	37.7704	38.2799	Adıyaman
7	37.7601	-100.0182	Dodge City
7	37.7559	128.8962	Gangneung
7	37.7512	27.4103	Söke
7	-37.7312	142.0234	Hamilton
7	37.7268	-89.2202	Carbondale
7	-37.6996	-63.1666	Darregueira
7	-37.6895	144.5700	Melton
7	37.6886	-1.6985	Lorca
7	37.6837	21.4500	Pirgos
7	37.6774	-113.0611	Cedar City
7	-37.6655	-59.8000	Benito Juárez
7	37.6554	-120.9900	Modesto
7	37.6547	126.8353	Goyang
7	-37.6096	-73.6500	Lebu
7	37.6004	-0.9800	Cartagena
7	-37.5696	144.7100	Sunbury
7	-37.5596	143.8400	Ballarat
7	37.5091	22.3794	Tripoli
7	37.5063	34.0517	Ereğli
7	37.5008	126.7811	Bucheon
7	37.4504	116.3000	Dezhou
7	37.4504	138.8600	Nagaoka
7	37.4504	24.9333	Ermoupoli
7	37.4406	127.1358	Songnam
7	37.4204	46.2200	Maragheh
7	-37.3830	-70.2666	Chos Malal
7	-37.3830	140.8167	Penola
7	37.3805	117.9844	Buizhou
7	37.3704	115.3700	Nangong
7	37.3640	-118.3941	Bishop
7	37.3503	59.6000	Kaka
7	37.3115	40.7427	Mardin
7	37.3026	-120.4819	Merced
7	37.2904	9.8550	Bizerte
7	-37.2795	142.9100	Ararat
7	37.2756	-107.8800	Durango
7	37.2712	-79.9416	Roanoke
7	37.2518	55.1715	Gonbad-e Kavus
7	37.2504	-6.9299	Huelva
7	-37.1829	-62.7333	Carhué
7	37.1815	33.2150	Karaman
7	37.1713	-104.5064	Trinidad
7	37.1445	42.6872	Zakho
7	37.1337	-8.5333	Portimão
7	37.1298	70.5792	Feyzabad
7	37.1118	58.5015	Quchan
7	-37.0896	-73.1600	Lota
7	37.0846	-94.5131	Joplin
7	37.0837	-88.6000	Paducah
7	37.0737	22.4297	Sparti
7	37.0704	15.2900	Siracusa
7	-37.0596	142.7600	Stawell
7	37.0553	140.8900	Iwaki
7	37.0500	114.5000	Xiangtai
7	-37.0496	143.7300	Maryborough
7	37.0474	-112.5255	Kanab
7	37.0400	111.9000	Jiexiu
7	37.0381	-95.6263	Coffeyville
7	-37.0342	145.1273	Seymour
7	37.0171	-7.9333	Faro
7	36.9907	-86.4436	Bowling Green
7	36.9317	65.1015	Andkhvoy
7	36.9204	34.8800	Tarsus
7	-36.8996	149.9000	Merimbula
7	36.8974	-104.4399	Raton
7	36.8937	27.2888	Kos
7	36.8804	6.9000	Skikda
7	-36.8524	174.5543	Waitakere
7	36.8504	115.6800	Linqing
7	-36.8328	139.8501	Kingston South East
7	36.8303	-2.4300	Almería
7	36.8303	54.4800	Gorgan
7	-36.7913	174.7758	North Shore
7	36.7904	119.9400	Pingdu
7	-36.7796	-59.8700	Azul
7	36.7704	45.7200	Mahabad
7	36.7604	5.0700	Béjaïa
7	36.7602	-90.4027	Poplar Bluff
7	36.7501	66.8997	Balkh
7	36.7304	9.1900	Béja
7	36.7280	68.8725	Kondoz
7	36.7204	-4.4200	Málaga
7	36.7204	37.1200	Kilis
7	-36.7162	-56.6766	Mar de Ajó
7	-36.7096	142.1900	Horsham
7	36.7074	-97.0853	Ponca City
7	36.6858	-101.4795	Guymon
7	36.6115	-82.1760	Bristol
7	36.5863	-79.3953	Danville
7	36.5804	36.1700	İskenderun
7	36.5659	128.7250	Andong
7	36.5504	53.1000	Sari
7	36.5301	-87.3594	Clarksville
7	36.4713	52.3633	Amol
7	36.4603	10.7300	Nabeul
7	36.4412	28.2225	Rodos
7	36.4334	-99.3977	Woodward
7	36.4304	115.9700	Liaocheng
7	36.4203	2.8300	Blida
7	36.3805	3.9000	Bouïra
7	36.3760	42.4498	Tall Afar
7	-36.3746	145.3914	Shepparton
7	36.3704	140.4800	Mito
7	36.3250	-119.3160	Visalia
7	-36.3162	140.7666	Bordertown
7	36.2904	7.9500	Souk Ahras
7	36.2704	2.7700	Médéa
7	36.2404	137.9700	Matsumoto
7	-36.2396	149.1200	Cooma
7	-36.2163	-65.4500	Victorica
7	36.2070	-119.3441	Tulare
7	36.2004	117.6600	Laiwu
7	36.1839	113.1053	Changzhi
7	36.1826	8.7148	El Kef
7	36.1704	1.3200	Chlef
7	-36.1296	144.7500	Echuca
7	36.1171	35.9333	Samandagi
7	36.1054	-80.2600	Winston-Salem
7	36.0773	-75.7047	Kitty Hawk
7	36.0704	136.2200	Fukui
7	36.0630	-94.1572	Fayetteville
7	36.0548	-112.1386	Grand Canyon
7	36.0451	101.4242	Guide
7	36.0107	-84.2697	Oak Ridge
7	35.9818	126.7160	Gunsan
7	35.9790	-114.8316	Boulder City
7	35.9504	114.2200	Hebi
7	35.9404	0.0900	Mostaganem
7	35.9304	39.0200	Ar Raqqah
7	35.9302	64.7701	Meymaneh
7	-35.9196	145.6500	Cobram
7	35.9171	74.3000	Gilgit
7	35.8741	47.5937	Bijar
7	35.8624	-101.9669	Dumas
7	35.8460	-86.3903	Murfreesboro
7	35.8426	-90.7042	Jonesboro
7	35.8314	127.1404	Jeonju
7	35.8023	50.9681	Karaj
7	35.7904	118.6200	Yishui
7	35.7482	-95.3694	Muskogee
7	35.7335	-81.3414	Hickory
7	35.7004	114.9800	Puyang
7	-35.6995	139.3333	Meningie
7	-35.6896	150.2073	Batemans Bay
7	35.6804	10.1000	Qairouan
7	-35.6596	-63.7700	General Pico
7	35.6504	138.5833	Kōfu
7	35.6149	-88.8139	Jackson
7	35.6129	-77.3667	Greenville
7	35.6012	-82.5541	Asheville
7	-35.5662	-58.0166	Chascomús
7	35.5613	45.4309	As Sulaymaniyah
7	-35.5596	138.6173	Victor Harbor
7	35.5548	53.3743	Semnan
7	35.5304	106.6801	Pingliang
7	-35.5296	144.9500	Deniliquin
7	35.5241	-108.7340	Gallup
7	35.5104	117.6200	Pingyi
7	35.5004	112.8300	Jincheng
7	35.5004	134.2333	Tottori
7	35.4704	110.4300	Hancheng
7	35.4670	133.0666	Matsue
7	-35.4661	-69.5833	Malargüe
7	35.4504	135.3333	Maizuru
7	35.4304	119.4500	Rizhao
7	35.4231	136.7628	Gifu
7	35.4104	8.1200	Tébessa
7	35.4004	0.1400	Mascara
7	35.3862	-94.3984	Fort Smith
7	35.3851	-77.9931	Goldsboro
7	35.3804	1.3200	Tiarat
7	-35.3546	149.2113	Queanbeyan
7	-35.3495	150.4700	Ulladulla
7	35.3428	-96.9338	Shawnee
7	-35.3396	143.5400	Swan Hill
7	35.3304	40.1300	Dayr az Zawr
7	-35.3296	-72.4200	Constitución
7	-35.3096	148.2200	Tumut
7	35.2832	-120.6586	San Luis Obispo
7	35.2233	60.6129	Torbat-e Jam
7	35.2205	-97.4420	Norman
7	35.2004	-6.1600	Larache
7	35.2004	26.0986	Sitia
7	35.1903	-0.6400	Sidi bel Abbes
7	35.1899	-114.0522	Kingman
7	-35.1849	-59.0947	Lobos
7	35.1804	8.8300	Qasserine
7	35.1698	-103.7255	Tucumcari
7	35.1503	36.7300	Hamah
7	35.1482	-114.5675	Bullhead City
7	-35.1296	139.2600	Murray Bridge
7	-35.1222	147.3400	Wagga Wagga
7	35.0913	-92.4513	Conway
7	-35.0662	142.3167	Ouyen
7	35.0511	-78.8870	Fayetteville
7	35.0236	-110.6968	Winslow
7	35.0218	50.3314	Saveh
7	35.0204	-5.9100	Ksar El Kebir
7	35.0183	69.1679	Charikar
7	35.0027	104.6715	Longxi
7	34.9858	138.3854	Shizuoka
7	34.9404	-81.0300	Rock Hill
7	34.9401	-120.4366	Santa Maria
7	-34.9233	-57.9544	La Plata
7	34.8990	-117.0219	Barstow
7	34.8904	-1.3200	Tlimcen
7	34.8846	35.8866	Tartus
7	-34.8828	150.6000	Nowra
7	34.8529	-82.3942	Greenville
7	34.8484	-114.6134	Needles
7	34.8404	0.1400	Saïda
7	34.8103	-5.5700	Ouezzane
7	34.8068	126.3958	Mokpo
7	34.7904	116.0800	Shanxian
7	34.7543	-77.4306	Jacksonville
7	-34.7496	149.7102	Goulburn
7	34.7368	127.7458	Yeosu
7	34.7181	137.7327	Hamamatsu
7	34.7171	136.5167	Tsu
7	-34.7096	150.8400	Kiama
7	34.6754	33.0333	Lemosos
7	-34.6328	117.6666	Mount Barker
7	-34.6074	138.7264	Gawler
7	34.5990	-98.4100	Lawton
7	34.5970	43.6770	Tikrit
7	34.5870	119.2262	Lianyungang
7	-34.5846	-60.9589	Junín
7	-34.5699	-59.1105	Luján
7	34.5504	38.2833	Tadmur
7	-34.5449	146.3973	Leeton
7	34.5365	-117.2903	Victorville
7	-34.5295	20.0300	Bredasdorp
7	34.5124	45.5772	Qasr-e Shirin
7	34.5040	-93.0550	Hot Springs
7	34.5037	-82.6503	Anderson
7	34.5004	109.5001	Weinan
7	34.4504	40.9186	Abu Kamal
7	34.4415	70.4361	Jalalabad
7	34.4362	104.0306	Minxian
7	34.4204	8.7800	Gafsa
7	-34.4096	19.2299	Hermanus
7	34.4051	-103.2048	Clovis
7	-34.3829	136.0833	Tumby Bay
7	-34.3096	148.2900	Young
7	-34.2829	140.6000	Berri
7	34.2704	-6.5800	Kenitra
7	34.2579	-88.7033	Tupelo
7	34.2510	132.5656	Kure
7	34.2287	-92.0031	Pine Bluff
7	34.2231	135.1677	Wakayama
7	34.2204	-4.0200	Taza
7	34.2004	74.3500	Baramula
7	34.1957	-79.7628	Florence
7	-34.1696	-53.8300	Castillos
7	34.1604	-118.1389	Pasadena
7	34.1299	118.7734	Shuyang
7	-34.0896	-59.0400	Zárate
7	34.0804	49.7000	Arak
7	34.0621	-106.8990	Socorro
7	-34.0329	23.0333	Knysna
7	34.0204	113.8200	Xuchang
7	-34.0196	20.4300	Swellendam
7	34.0170	36.7333	Ad Nabk
7	34.0145	-86.0066	Gadsden
7	-33.9896	-58.3000	Carmelo
7	33.9804	51.5800	Kashan
7	33.9613	-83.3780	Athens
7	-33.9329	137.6333	Wallaroo
7	33.9304	8.1300	Tozeur
7	33.9207	-80.3417	Sumter
7	33.9004	10.1000	Gabès
7	33.9004	-5.5600	Meknes
7	-33.8996	-60.5700	Pergamino
7	33.8704	130.8200	Kitakyūshū
7	33.8501	35.9042	Zahlé
7	-33.8329	138.6000	Clare
7	-33.8296	148.6800	Cowra
7	33.7774	-116.5331	Palm Springs
7	-33.7596	25.3900	Uitenhage
7	-33.7496	-61.9700	Venado Tuerto
7	33.7476	44.6573	Baqubah
7	-33.7069	150.3200	Katoomba
7	-33.6996	18.9600	Paarl
7	-33.6996	117.5501	Katanning
7	33.6904	1.0100	El Bayadh
7	-33.6896	-65.4700	Mercedes
7	-33.6829	136.9166	Cowell
7	33.6804	-117.8299	Irvine
7	-33.6696	-54.2000	Lascano
7	33.6360	-96.6086	Sherman
7	33.6304	114.6300	Zhoukou
7	33.6304	46.4300	Ilam
7	33.6001	69.2146	Gardiz
7	-33.5995	26.8800	Port Alfred
7	-33.5995	-71.6100	San Antonio
7	-33.5995	150.7400	Richmond
7	-33.5829	120.0333	Ravensthorpe
7	-33.5662	-69.0167	Tunuyán
7	33.5633	68.4178	Ghazni
7	33.5495	-81.7206	Aiken
7	33.5104	11.1000	Zarzis
7	33.5101	126.5219	Jeju
7	33.5065	60.8938	Yazdan
7	-33.4961	150.1528	Lithgow
7	33.4885	-111.9254	Scottsdale
7	33.4804	48.3500	Khorramabad
7	-33.4661	-67.5500	La Paz
7	33.4421	-94.0375	Texarkana
7	-33.4196	149.5700	Bathurst
7	33.4104	-91.0617	Greenville
7	33.3945	-104.5225	Roswell
7	-33.3896	148.0200	Forbes
7	33.3704	6.8600	El Oued
7	33.3477	43.7773	Al Fallujah
7	-33.3443	115.6502	Bunbury
7	-33.2996	26.5200	Grahamstown
7	-33.2996	117.3500	Wagin
7	33.2604	-8.5100	El Jadida
7	-33.2595	-58.0300	Mercedes
7	33.2504	115.3500	Jieshou
7	33.2432	131.5979	Ōita
7	33.2251	-87.5442	Tuscaloosa
7	33.2158	-97.1288	Denton
7	33.2139	-92.6625	El Dorado
7	33.1915	-117.3458	Oceanside
7	-33.1911	137.9900	Port Pirie
7	33.1631	129.7177	Sasebo
7	-33.1496	136.4334	Kimba
7	33.1404	11.2200	Ben Gardane
7	-33.1296	148.1700	Parkes
7	33.1257	35.8236	Al Qunaytirah
7	33.0385	40.2845	Ar Rutbah
7	33.0104	-7.6200	Settat
7	32.9890	70.5986	Bannu
7	-32.9662	138.8333	Peterborough
7	32.9504	-112.7247	Gila Bend
7	-32.9329	117.1666	Narrogin
7	32.9004	115.8200	Fuyang
7	-32.8996	144.3000	Ivanhoe
7	32.8504	-83.6300	Macon
7	-32.8296	-70.6000	Los Andes
7	32.8281	21.8622	Shahhat
7	32.8224	34.9781	Haifa
7	-32.8119	134.2149	Streaky Bay
7	32.8082	110.8136	Yunxian
7	32.8009	130.7006	Kumamoto
7	32.7924	-115.5580	El Centro
7	32.7604	12.7200	Az Zawiyah
7	32.7604	21.6200	Al Bayda
7	32.7604	-0.5799	Sefra
7	-32.7210	151.5550	Maitland
7	32.7126	-103.1406	Hobbs
7	32.7040	35.2955	Nazareth
7	32.7004	36.5666	As Suwayda
7	32.7004	51.4700	Khomeini Shahr
7	32.6804	112.0800	Dengzhou
7	32.6604	14.2600	Al Khums
7	32.6149	44.0245	Karbala
7	-32.5896	149.5801	Mudgee
7	-32.5695	151.1600	Singleton
7	32.5375	-82.9183	Dublin
7	32.5096	-92.1192	Monroe
7	32.5005	20.8300	Al Marj
7	32.4907	45.8304	Al Kut
7	32.4904	119.9000	Taizhou
7	32.4721	44.4217	Al Hillah
7	32.4704	-84.9800	Columbus
7	32.4522	71.4718	Kundian
7	32.4322	-80.6895	Beaufort
7	32.4076	-87.0212	Selma
7	32.3804	48.4700	Dezful
7	-32.3595	-54.1800	Melo
7	-32.3496	22.5700	Beaufort West
7	32.3126	-106.7778	Las Cruces
7	32.2703	75.7200	Pathankot
7	-32.2696	150.8900	Muswellbrook
7	32.2532	-109.8314	Willcox
7	-32.2394	115.7702	Kwinana
7	32.2215	35.2544	Nablus
7	32.2004	79.9833	Gar
7	-32.1995	25.6100	Cradock
7	-32.1796	-64.1200	Río Tercero
7	32.1704	13.0200	Gharyan
7	32.1123	66.8868	Qalat
7	32.0854	72.6750	Sargodha
7	-32.0796	150.8501	Scone
7	-32.0495	-52.1200	Rio Grande
7	32.0493	-1.2514	Béni Ounif
7	32.0307	-102.0975	Midland
7	32.0170	10.7000	Dehibat
7	32.0115	51.8597	Qomsheh
7	31.9404	-4.4500	Er Rachidia
7	-31.8996	26.8800	Queenstown
7	-31.8976	152.4618	Taree
7	31.8804	10.9700	Nalut
7	31.8416	47.1512	Al Amarah
7	31.8290	70.8986	Dera Ismail Khan
7	-31.7796	-70.9800	Salamanca
7	31.7704	13.9900	Bani Walid
7	31.7131	-110.0669	Tombstone
7	31.7023	6.0545	Hassi Messaoud
7	31.6726	118.4851	Maanshan
7	31.6606	20.0155	Qaminis
7	-31.6296	-71.1700	Illapel
7	-31.6279	29.5283	Port St. Johns
7	31.6204	114.0000	Guangshui
7	31.6037	-94.6553	Nacogdoches
7	31.5787	-84.1558	Albany
7	31.5759	105.9656	Langzhong
7	31.5670	25.1500	Salum
7	-31.5662	143.3833	Wilcannia
7	31.5548	-91.3875	Natchez
7	31.5078	-82.8507	Douglas
7	-31.4828	118.2667	Merredin
7	31.4640	-100.4367	San Angelo
7	31.4604	30.3900	Rashid
7	31.4337	12.9833	Mizdah
7	31.4204	31.8200	Dumyat
7	31.4158	-103.4999	Pecos
7	-31.3896	-58.0300	Concordia
7	31.3504	27.2300	Matruh
7	-31.3496	115.9000	Gingin
7	31.3490	69.4386	Zhob
7	31.3384	-94.7289	Lufkin
7	31.3278	-85.8440	Enterprise
7	31.3273	-89.2902	Hattiesburg
7	31.3223	-109.5630	Agua Prieta
7	31.3099	45.2803	As Samawah
7	31.2804	72.3250	Jhang
7	31.2235	-85.3906	Dothan
7	-31.2161	119.3167	Southern Cross
7	31.1851	35.7047	Al Karak
7	-31.1496	136.8000	Woomera
7	31.1254	74.4550	Kasur
7	31.1249	33.8006	El Arish
7	31.1173	-97.7275	Killeen
7	31.1021	-97.3630	Temple
7	-31.0874	152.8220	Kempsey
7	31.0504	109.5167	Fengjie
7	31.0504	31.3800	El Mansura
7	31.0504	30.4700	Damanhûr
7	31.0429	46.2676	An Nasiriyah
7	31.0338	28.4333	El Daba
7	31.0314	112.2010	Jingmen
7	31.0241	-114.8496	San Felipe
7	31.0171	-2.7333	Abadla
7	30.9904	-110.3000	Cananea
7	30.9900	41.0207	Arar
7	-30.9870	150.2623	Gunnedah
7	30.9504	117.7800	Tongling
7	30.9504	101.9167	Rongzhag
7	-30.9496	22.1333	Carnarvon
7	-30.9329	-61.5666	Sunchales
7	30.9204	113.9000	Xiaogan
7	-30.8996	-55.5600	Rivera
7	-30.8996	135.3000	Kingoonya
7	30.8917	-102.8850	Fort Stockton
7	-30.8396	-51.8100	Camaquã
7	30.8329	-83.2786	Valdosta
7	30.8171	28.9500	El Alamein
7	30.8104	73.4500	Okara
7	30.7904	31.0000	Tanta
7	-30.7829	-60.5833	San Justo
7	30.7238	-95.5506	Huntsville
7	-30.7195	25.1000	Colesberg
7	-30.7195	30.4600	Port Shepstone
7	30.7161	-112.1642	Caborca
7	-30.6896	26.7100	Aliwal North
7	30.6704	18.2666	As Sidr
7	30.6104	-106.5100	Villa Ahumada
7	30.5903	32.2600	Ismaïlia
7	30.5818	50.2615	Behbehan
7	30.5585	-115.9401	San Quintín
7	-30.4310	137.1656	Andamooka
7	30.4185	-107.9119	Nuevo Casas Grandes
7	30.3676	-89.0928	Gulfport
7	-30.3496	-66.3167	Chamical
7	-30.3319	149.7874	Narrabri
7	30.3204	76.3850	Patiala
7	30.3204	78.0500	Dehra Dun
7	30.3121	-95.4559	Conroe
7	-30.3071	153.1123	Coffs Harbour
7	30.3004	111.5000	Zicheng
7	-30.2596	-57.6000	Bella Unión
7	30.2570	19.2000	El Agheila
7	-30.2156	-69.1400	Rodeo
7	30.1679	10.4567	Dirj
7	30.1263	74.1823	Abohar
7	30.0863	-94.1017	Beaumont
7	30.0604	70.6351	Dera Ghazi Khan
7	-30.0295	-70.7400	Vicuña
7	29.9804	103.0800	Yaan
7	-29.9529	-71.3436	Coquimbo
7	29.8990	-93.9286	Port Arthur
7	29.8949	-81.3147	St. Augustine
7	-29.7696	-57.0900	Uruguaiana
7	-29.7668	151.1126	Inverell
7	29.7504	24.5166	Al Jaghbub
7	29.7256	-84.9925	Apalachicola
7	29.7204	113.8800	Puqi
7	29.7104	-9.7400	Tiznit
7	-29.7096	-51.1400	Novo Hamburgo
7	29.7004	112.4000	Shishou
7	29.6804	76.9700	Karnal
7	-29.6595	22.7300	Prieska
7	29.6321	111.8517	Jinshi
7	29.6202	43.4948	Rafha
7	29.5959	-90.7195	Houma
7	29.5404	-104.4100	Ojinaga
7	29.5270	35.0777	Al Aqabah
7	29.4904	75.0300	Sirsa
7	-29.4662	-60.2166	Vera
7	-29.4230	153.3533	Yamba
7	29.4019	104.7781	Zigong
7	29.4004	76.9700	Panipat
7	29.3629	-100.8964	Del Rio
7	-29.2828	114.9166	Port Denison
7	29.2704	117.1800	Jingdezhen
7	29.2365	0.2700	Timimoun
7	29.2337	19.2166	Maradah
7	-29.2163	116.0000	Morawa
7	29.1874	-82.1403	Ocala
7	-29.1796	-58.0800	Mercedes
7	-29.1695	-51.5200	Bento Gonçalves
7	-29.1655	-67.5000	Chilecito
7	-29.1395	-59.6500	Reconquista
7	-29.1329	19.3834	Poffader
7	29.0804	31.0900	Beni Suef
7	29.0171	-110.1333	Mazatlán
7	28.9811	-95.9644	Bay City
7	28.9718	53.6715	Fasa
7	28.9704	118.8700	Quzhou
7	28.9690	-13.5378	Arrecife
7	28.9337	-114.1666	Punta Prieta
7	-28.8614	153.5680	Ballina
7	28.8154	79.0250	Rampur
7	28.7110	-100.4893	Eagle Pass
7	28.7076	-100.5317	Piedras Negras
7	-28.6996	26.4700	Brandfort
7	28.6804	121.4500	Jiaojing
7	-28.6596	-56.0100	São Borja
7	-28.6565	153.6129	Byron Bay
7	-28.6496	-65.1500	Frias
7	28.6160	-96.6297	Port Lavaca
7	28.6123	-80.8078	Titusville
7	28.5504	17.5834	Zillah
7	-28.5495	29.7800	Ladysmith
7	-28.5495	16.4300	Oranjemund
7	-28.4996	-50.9400	Vacaria
7	28.4904	30.8100	Beni Mazar
7	28.4704	117.9700	Shangrao
7	-28.4696	-71.2200	Huasco
7	-28.4661	-62.8333	Añatuya
7	28.4504	119.9000	Lishui
7	28.4337	45.9601	Hafar al Batin
7	28.4304	-11.1000	Tan Tan
7	28.4257	-106.8696	Cuauhtémoc
7	28.4060	-97.7508	Beeville
7	-28.3895	-53.9199	Ijuí
7	28.3473	79.4181	Bareilly
7	-28.3296	31.4100	Ulundi
7	28.3006	70.1302	Sadiqabad
7	28.3004	30.7100	Samalut
7	28.2921	-81.4078	Kissimmee
7	28.2394	33.6148	El Tur
7	-28.2296	-48.6600	Imbituba
7	-28.2292	152.0203	Warwick
7	-28.2196	28.3000	Bethlehem
7	28.2042	84.0056	Pokhara
7	28.2004	115.7700	Fengcheng
7	-28.1826	153.5466	Tweed Heads
7	-28.0662	117.8167	Mount Magnet
7	28.0503	81.6167	Nepalganj
7	28.0503	9.5500	I-n-Amenas
7	-28.0196	18.7400	Karasburg
7	28.0151	73.3322	Bikaner
7	27.9904	-114.1700	Guerrero Negro
7	27.9703	116.3600	Linchuan
7	27.8804	79.9050	Shahjahanpur
7	-27.8695	-54.4600	Santa Rosa
7	27.8504	112.9000	Xiangtan
7	-27.8096	-50.3100	Lajes
7	27.7304	30.8400	Mallawi
7	27.6904	-105.1701	Ciudad Camargo
7	27.6804	109.1300	Tongren
7	-27.6662	114.1667	Kalbarri
7	-27.6496	25.5900	Bloemhof
7	-27.6496	-67.0333	Belen
7	27.6423	-80.3911	Vero Beach
7	27.6104	75.1400	Sikar
7	27.5674	81.6061	Bahraich
7	-27.5661	32.0833	Ubomba
7	27.5454	76.6049	Alwar
7	27.5236	41.7001	Hail
7	27.5170	15.0333	Umm al Abid
7	27.5160	-97.8558	Kingsville
7	27.4666	-109.9250	Ciudad Obregon
7	27.4629	-12.9922	Dawra
7	-27.4496	23.4200	Kuruman
7	27.4468	-80.3258	Fort Pierce
7	27.4409	109.6780	Zhijiang
7	-27.3596	29.8900	Volksrust
7	27.3171	-112.2834	Santa Rosalía
7	27.3004	117.5000	Shaowu
7	-27.2962	31.9000	Golela
7	27.2889	-103.7018	Sierra Mojada
7	27.2269	-98.1449	Falfurrias
7	-27.2163	-61.2000	Charata
7	27.2094	77.5074	Bharatpur
7	-27.1939	151.2657	Dalby
7	27.1304	115.0000	Jian
7	27.1004	93.6166	Itanagar
7	-27.0898	-55.6466	Hohenau
7	-27.0830	152.9500	Caboolture
7	27.0819	-109.4546	Navajoa
7	-27.0787	153.1509	Bongaree
7	27.0704	119.6200	Fuan
7	-27.0696	-70.8300	Caldera
7	27.0671	27.9666	Qasr Farafra
7	27.0046	49.6460	Al Jubayl
7	27.0004	84.8666	Birganj
7	-26.9395	29.2400	Standerton
7	-26.8996	-48.6800	Itajaí
7	-26.8695	-58.3000	Pilar
7	26.8304	-109.6300	Huatabampo
7	26.8004	-105.8200	Santa Barbara
7	26.7855	79.0150	Etawah
7	26.7504	82.1700	Faizabad
7	26.7337	33.9333	Bur Safaga
7	26.7204	88.4550	Siliguri
7	-26.6996	27.1000	Potchefstroom
7	26.6804	119.5301	Ninde
7	26.6338	92.8000	Tezpur
7	26.6304	118.1700	Nanping
7	26.6029	-81.9797	Cape Coral
7	26.5504	31.7000	Sohag
7	26.5482	-13.8482	Lemsid
7	-26.5390	151.8406	Kingaroy
7	-26.4995	17.1500	Bethanie
7	26.4837	87.2833	Biratnagar
7	26.4837	89.5667	Alipur Duar
7	-26.4696	29.4500	Bethal
7	26.4301	50.0977	Dammam
7	26.4204	-108.6200	El Fuerte
7	-26.3696	-70.0500	Diego de Almagro
7	26.3664	43.9628	Buraydah
7	26.3504	103.4167	Huize
7	26.3304	31.8800	Girga
7	26.3032	-98.1600	Edinburg
7	-26.2696	28.4300	Springs
7	26.2454	68.4000	Nawabshah
7	-26.2396	-48.6000	São Francisco do Sul
7	-26.2396	-51.0800	Porto União
7	-26.1886	152.6709	Gympie
7	26.1505	32.7200	Qena
7	26.1505	75.7900	Tonk
7	26.1421	-81.7950	Naples
7	26.1361	-80.1418	Fort Lauderdale
7	26.1204	85.3799	Muzaffarpur
7	-26.0829	-65.9666	Cafayate
7	-26.0296	-55.9400	Abaí
7	-26.0095	22.4000	Tshabong
7	-25.9696	32.4600	Matola
7	-25.9495	-60.6166	Juan José Castelli
7	-25.8996	139.3666	Birdsville
7	25.8804	80.8000	Fatehpur
7	25.8670	116.3167	Changting
7	25.8004	113.0301	Chenzhou
7	25.8004	89.0000	Saidpur
7	-25.7996	-62.8666	Monte Quemado
7	25.7915	55.9428	Ras al Khaymah
7	25.7904	73.3299	Pali
7	-25.7884	128.9973	Kaltukatjara
7	25.7854	87.4800	Purnia
7	-25.7596	29.4700	Middelburg
7	25.7592	-102.9827	San Pedro de las Colonias
7	25.7154	-80.2911	Coral Gables
7	25.7004	28.8833	El Qasr
7	25.6670	94.1166	Kohima
7	-25.6296	27.7800	Brits
7	25.6005	103.8166	Zhanyi
7	25.5705	-108.4700	Guasave
7	25.5705	91.8800	Shillong
7	-25.5235	-54.5300	Foz do Iguaçu
7	-25.5096	-57.3600	Itá
7	25.4704	-108.0900	Guamúchil
7	-25.4696	30.9800	Mbombela
7	25.4530	78.5575	Jhansi
7	25.4303	119.0200	Putian
7	25.4204	-102.1799	Parras
7	-25.4096	31.9400	Komatipoort
7	25.3804	-5.7800	Chegga
7	-25.3662	151.1333	Eidsvold
7	25.3504	74.6350	Bhilwara
7	25.3004	60.6299	Chabahar
7	25.2904	32.5499	Isna
7	-25.2887	152.8409	Hervey Bay
7	-25.2196	25.6800	Lobatse
7	25.1454	82.5700	Mirzapur
7	25.1390	62.3286	Gwadar
7	25.1333	121.7333	Keelung
7	25.1234	56.3375	Al Fujayrah
7	25.0735	116.9950	Longyan
7	-25.0195	33.0900	Macia
7	-24.9696	25.3400	Kanye
7	24.9650	121.2168	Zhongli
7	-24.9596	-53.4600	Cascavel
7	-24.9495	150.0833	Theodore
7	24.9004	89.9500	Jamalpur
7	-24.8996	-65.4833	Cerrillos
7	24.8704	-103.7000	Cuencame
7	24.8604	-99.5700	Linares
7	24.8504	-98.1600	San Fernando
7	24.8304	-105.3400	Papasquiaro
7	24.7904	92.7900	Silchar
7	24.7815	112.3825	Lianxian
7	24.7704	84.3800	Aurangabad
7	24.7504	90.3800	Mymensingh
7	-24.7257	34.7660	Quissico
7	-24.6996	-60.6000	Las Lomitas
7	24.6953	108.0830	Hechi
7	-24.6196	17.9599	Mariental
7	24.5804	88.3500	Nawabganj
7	24.5700	120.8200	Miaoli
7	24.5529	9.4823	Djanet
7	24.5204	117.6700	Zhangzhou
7	24.5004	108.6667	Yishan
7	-24.4196	-57.1000	Rosario
7	-24.3936	150.4961	Biloela
7	24.3704	14.4708	Tajarhi
7	-24.3496	139.4666	Bedourie
7	24.3305	-107.3700	Eldorado
7	24.3005	116.1200	Meizhou
7	24.2904	-103.3900	Juan Aldama
7	24.2305	55.7400	Al Ayn
7	-24.2196	-64.8700	San Pedro
7	-24.2162	45.3166	Bekiy
7	-24.1996	29.5000	Lebowakgomo
7	-24.1829	-66.3500	San Antonio de los Cobres
7	-24.1696	21.8300	Lokhwabe
7	24.1556	47.3120	Al Kharj
7	-24.1253	-55.6432	Ygatimí
7	24.0734	120.5134	Changhua
7	-24.0629	34.7303	Panda
7	-24.0496	-52.4200	Campo Murao
7	24.0004	89.2500	Pabna
7	-23.9796	-48.8800	Itapeva
7	-23.9696	21.8700	Lehututu
7	23.9460	35.4842	Berenice
7	23.9204	-106.9000	La Cruz
7	23.8837	-14.5333	Bir Anzarane
7	-23.8660	35.3886	Maxixe
7	23.8504	78.7500	Sagar
7	23.8354	91.2800	Agartala
7	-23.8195	30.1700	Tzaneen
7	-23.8195	-64.7900	Libertador General San Martín
7	23.7304	114.6800	Heyuan
7	23.7104	92.7200	Aizawl
7	23.7004	113.0301	Qingyuan
7	23.6939	5.1647	In Amguel
7	23.6604	-100.6500	Matehuala
7	23.6204	90.5000	Narayanganj
7	-23.5996	-62.6000	Los Blancos
7	-23.5662	145.2834	Barcaldine
7	-23.5122	148.1673	Emerald
7	23.4755	120.4351	Chiayi
7	23.4704	91.1700	Comilla
7	-23.4695	-57.2400	Belén
7	-23.4496	144.2500	Longreach
7	-23.4095	-51.9300	Maringá
7	23.3724	104.2497	Wenshan
7	23.3504	75.0300	Ratlam
7	-23.3396	-57.0500	Horqueta
7	-23.3196	17.0800	Rehoboth
7	23.2338	69.6736	Bhuj
7	23.2254	56.5170	Ibri
7	23.2190	72.6436	Gandhinagar
7	23.1904	75.7900	Ujjain
7	-23.1829	-68.0166	Toconao
7	23.1704	-102.8600	Fresnillo
7	23.1704	89.2000	Jashore
7	-23.1329	150.7567	Yeppoon
7	23.0837	97.4000	Namtu
7	23.0504	112.4500	Zhaoqing
7	23.0415	-81.5775	Matanzas
7	-23.0195	-45.5600	Taubaté
7	23.0004	-99.7200	Tula
7	22.9204	-98.0700	Aldama
7	-22.8996	139.9000	Boulia
7	-22.8796	-48.4500	Botucatu
7	22.8528	88.4136	Bhatpara
7	22.8504	-105.8000	Escuinapa
7	-22.8427	31.9631	Mapai
7	22.8337	104.9833	Ha Giang
7	22.8134	-82.7619	Artemisa
7	22.8090	-80.0711	Sagua la Grande
7	22.7807	100.9782	Simao
7	22.7704	-102.5800	Zacatecas
7	22.7704	-103.5700	Valparaíso
7	22.7304	-12.4833	Zouirat
7	-22.7296	-64.3500	Bermejo
7	22.7196	-80.9058	Colón
7	22.7004	90.3750	Barishal
7	-22.6935	117.7931	Tom Price
7	22.6817	120.4817	Pingtung
7	-22.6596	-50.4200	Assis
7	22.5847	88.3185	Haora
7	22.5804	113.0800	Jiangmen
7	22.5783	95.6929	Shwebo
7	-22.5654	-47.4017	Limeira
7	-22.5596	27.1300	Palapye
7	-22.5446	-55.7600	Pedro Juan Caballero
7	-22.5196	-44.0950	Volta Redonda
7	-22.5095	-43.2000	Petrópolis
7	22.5014	103.9660	Lao Chi
7	-22.4329	-66.1666	Rinconada
7	22.4004	-105.4600	Tecuala
7	22.3997	87.3339	Medinipur
7	-22.3996	46.1167	Ihosy
7	-22.3996	143.0333	Winton
7	-22.2896	-57.9400	La Victoria
7	-22.2896	-48.5700	Jaú
7	22.2304	84.8300	Raurkela
7	-22.2096	29.9900	Beitbridge
7	22.1444	-80.4403	Cienfuegos
7	-22.1296	-56.5200	Bella Vista
7	22.1099	-78.6275	Morón
7	22.0974	106.7567	Pingxiang
7	22.0904	82.1600	Bilaspur
7	-22.0796	-65.6000	Villazón
7	22.0604	-98.1900	Pánuco
7	22.0257	88.0583	Haldia
7	-22.0016	148.0380	Moranbah
7	-21.9995	35.3166	Vilanculos
7	-21.9995	15.5800	Usakos
7	21.9804	-98.7500	Tamuín
7	-21.9796	16.9100	Okahandja
7	21.9756	-159.3693	Lihue
7	21.9504	108.6200	Qinzhou
7	21.9304	-105.2700	Tuxpan
7	21.9301	-79.4425	Sancti Spíritus
7	21.9204	110.8700	Maoming
7	21.8837	-82.8000	Nueva Gerona
7	21.8504	111.9700	Yangjiang
7	21.7784	72.1300	Bhavnagar
7	-21.6996	21.6400	Ghanzi
7	-21.6366	116.3250	Pannawonica
7	21.5456	-77.2644	Nuevitas
7	-21.5373	32.9564	Massangena
7	21.5054	-104.8800	Tepic
7	21.5031	-158.0236	Wahiawa
7	21.4804	109.1000	Beihai
7	21.4704	83.9701	Sambalpur
7	21.4664	-71.1360	Grand Turk
7	21.4618	95.3914	Myingyan
7	-21.4596	-49.2200	Novo Horizonte
7	-21.4396	-65.7200	Tupiza
7	-21.4329	44.3333	Manja
7	21.3704	-101.9300	Lagos de Moreno
7	21.3320	95.0866	Pakokku
7	21.3304	105.4300	Việt Trì
7	21.2845	76.1724	Burhanpur
7	21.2704	-98.7799	Tamazunchale
7	21.2670	106.2000	Bắc Giang
7	-21.2496	-45.0100	Lavras
7	-21.2496	-63.5000	Villamontes
7	21.2304	-104.9000	Compostela
7	21.2084	-86.7115	Isla Mujeres
7	-21.1795	24.8800	Mopipi
7	21.1382	105.5050	Sơn Tây
7	21.1304	-88.1500	Tizimín
7	-21.1196	-42.9500	Ubá
7	-21.0696	-57.9000	Fuerte Olimpo
7	-21.0496	31.6600	Chiredzi
7	21.0404	107.3200	Cẩm Phả
7	-21.0335	55.7128	St.-Benoit
7	21.0204	-101.2800	Guanajuato
7	-20.9829	-69.6833	Lagunas
7	20.9629	-75.7186	Banes
7	20.9604	107.1000	Hong Gai
7	20.9604	-97.4100	Tuxpam
7	20.9601	-76.9544	Las Tunas
7	-20.9396	29.0100	Gwanda
7	20.9304	-89.0201	Izamal
7	-20.9096	-51.3799	Andradina
7	20.9085	94.8230	Chauk
7	20.8915	-156.5047	Wailuku
7	-20.8896	-45.2800	Campo Belo
7	20.8504	72.9200	Navsari
7	20.8137	105.3383	Hoa Binh
7	-20.7996	-49.3900	São José do Rio Preto
7	-20.7829	117.1333	Roebourne
7	-20.7163	143.1333	Richmond
7	20.6771	-105.2450	Puerto Vallarta
7	20.6704	-88.2000	Valladolid
7	-20.6396	-65.2100	Camargo
7	20.5704	-101.2000	Salamanca
7	20.5604	74.5250	Malegaon
7	20.5257	-97.4439	Poza Rica de Hidalgo
7	-20.4795	27.8200	Plumtree
7	-20.4696	-55.7900	Aquidauana
7	20.4614	94.8810	Yaynangyoung
7	-20.4595	16.6400	Otjiwarongo
7	20.4587	16.5278	Zouar
7	-20.4501	32.7700	Espungabera
7	20.4170	72.8500	Daman
7	-20.4162	148.5835	Proserpine
7	-20.4096	-42.8999	Ponte Nova
7	20.4004	-89.5300	Ticul
7	20.3795	-76.6433	Bayamo
7	20.3438	-77.1166	Manzanillo
7	-20.3296	30.0500	Zvishavane
7	-20.3162	57.5166	Curepipe
7	20.2804	-102.5600	La Barca
7	-20.2696	-69.8000	Pozo Almonte
7	-20.2696	-50.2600	Fernandópolis
7	20.2543	105.9750	Ninh Bình
7	-20.2095	26.1900	Nata
7	-20.1596	22.4600	Tsau
7	-20.1495	-44.9000	Divinópolis
7	-20.1095	16.1400	Outjo
7	20.1064	-98.7356	Pachuca
7	-20.0809	146.2587	Charters Towers
7	-20.0596	30.8200	Masvingo
7	-19.9896	23.4200	Maun
7	19.9804	-102.2800	Zamora
7	-19.9161	-60.7833	Capitan Pablo Lagerenza
7	19.9119	99.8265	Chiang Rai
7	19.8845	102.1416	Louangphrabang
7	19.8670	-71.6500	Monte Cristi
7	-19.8496	-68.2500	Llica
7	19.8204	-97.3600	Teziutlán
7	19.8204	85.9000	Puri
7	19.8104	-99.1100	Zumpango
7	-19.7996	-63.2199	Charagua
7	19.7334	-101.1895	Morelia
7	19.7104	-103.4600	Ciudad Guzman
7	-19.6796	-51.2000	Paranaíba
7	-19.6696	22.2700	Nokaneng
7	19.6381	-155.9877	Kailua-Kona
7	19.6337	30.4166	Kerma
7	-19.6196	34.7300	Dondo
7	19.5804	-88.0500	Felipe Carrillo Puerto
7	-19.5796	-46.9500	Araxá
7	-19.5702	147.3995	Ayr
7	-19.5696	-65.7500	Potosí
7	-19.5162	45.4666	Miandrivazo
7	-19.4796	-42.5200	Ipatinga
7	19.4549	0.8564	Aguelhok
7	19.4519	103.1960	Phonsavan
7	19.4504	-72.6832	Gonaïves
7	-19.4496	-44.2500	Sete Lagoas
7	19.4290	93.5494	Kyaukphyu
7	19.4204	-102.0700	Uruapan
7	19.3783	95.2279	Allanmyo
7	19.3504	-90.7200	Champotón
7	-19.2996	-64.3100	Padilla
7	19.2947	-81.3716	George Town
7	19.2893	-99.6532	Toluca
7	19.2704	76.7600	Parbhani
7	19.2505	101.7501	Xaignabouri
7	19.1707	99.9083	Phayao
7	-19.0163	-68.3833	Sabaya
7	-18.9696	32.8800	Manica
7	-18.9496	-57.8500	Puerto Suárez
7	18.9483	96.4179	Taungoo
7	-18.9296	29.8000	Kwekwe
7	18.9204	-103.8800	Tecoman
7	18.9204	-96.9200	Córdoba
7	-18.8996	-66.7800	Challapata
7	18.7868	100.7715	Nan
7	18.7804	-103.1500	Coalcoman
7	-18.7596	-44.4300	Curvelo
7	-18.7296	-39.8600	São Mateus
7	18.7170	-68.4500	Bávaro
7	18.6704	78.1000	Nizamabad
7	18.6537	-91.8245	Ciudad del Carmen
7	-18.6496	146.1666	Ingham
7	-18.6496	-173.9833	Neiafu
7	18.5804	-92.6500	Frontera
7	18.5704	-99.6200	Taxco
7	-18.4896	-64.1100	Vallegrande
7	18.4704	-95.3000	Santiago Tuxtla
7	18.4604	79.1100	Karimnagar
7	18.4504	-97.3800	Tehuacan
7	18.4504	-69.3000	San Pedro de Macorís
7	18.4170	-68.9666	La Romana
7	-18.3996	-49.2100	Itumbiara
7	18.3362	36.3842	Haiya
7	18.3338	105.9000	Hà Tĩnh
7	-18.3295	-59.7600	Roboré
7	18.3204	-100.6500	Ciudad Altamirano
7	-18.2996	21.8000	Mohembo
7	18.2916	99.4813	Lampang
7	18.2015	-67.1397	Mayagüez
7	18.2004	-73.7500	Les Cayes
7	18.2004	-71.1000	Barahona
7	-18.1896	-65.1800	Aiquile
7	18.1533	100.1629	Phrae
7	18.1204	-94.4200	Coatzacoalcos
7	18.1110	83.4014	Vizianagaram
7	18.0904	-88.5600	Orange Walk
7	-18.0596	13.8200	Opuwo
7	-18.0195	21.4300	Mucusso
7	18.0170	33.9833	Berber
7	18.0004	-66.6166	Ponce
7	17.9805	-94.5300	Minatitlán
7	17.9587	-102.2000	Lázaro Cárdenas
7	-17.9296	25.8400	Victoria Falls
7	17.9229	77.5175	Bidar
7	-17.8796	-51.7500	Jataí
7	17.8733	102.7479	Nong Khai
7	-17.8329	48.4167	Ambatondrazaka
7	-17.8196	-50.9300	Rio Verde
7	17.8104	-97.7900	Huajuapan de León
7	-17.8096	25.1500	Kasane
7	-17.7996	177.4166	Nandi
7	17.7819	95.7415	Letpadan
7	-17.7796	-57.7700	Puerto Quijarro
7	17.7504	-64.7500	Christiansted
7	-17.7161	139.5666	Burketown
7	17.6483	95.4679	Hinthada
7	17.6316	100.0972	Uttaradit
7	-17.6161	177.4666	Lautoka
7	-17.6095	18.6200	Cuangar
7	-17.6077	36.8197	Nicuadala
7	-17.5996	-69.4666	Charaña
7	-17.5695	-52.5600	Mineiros
7	-17.5528	133.4672	Newcastle Waters
7	17.5504	-14.7000	Boutilimit
7	17.5204	-101.2700	Petatlán
7	-17.5196	30.9700	Mazowe
7	-17.4996	24.2600	Katima Mulilo
7	17.4987	-88.1884	Belize City
7	17.4919	101.7315	Loei
7	17.4804	-91.4300	Tenosique
7	-17.4695	24.3000	Sesheke
7	17.4112	104.8361	Thakhek
7	17.4048	102.7893	Udon Thani
7	-17.3995	15.8800	Oshikango
7	17.3945	104.7695	Nakhon Phanom
7	-17.3695	23.0000	Luiana
7	-17.3596	30.1800	Chinhoyi
7	-17.3496	-63.2600	Montero
7	-17.3196	31.5700	Shamva
7	-17.3196	13.9200	Chitado
7	-17.2995	-48.2800	Pires do Rio
7	17.2804	80.1601	Khammam
7	17.2704	-97.6800	Tlaxiaco
7	-17.2703	145.4694	Atherton
7	-17.1996	-46.8700	Paracatu
7	-17.1696	-68.4500	Coro Coro
7	17.1679	104.1479	Sakhon Nakhon
7	-17.1096	-43.8100	Bocaiúva
7	-17.0696	15.7300	Ondjiva
7	17.0433	95.6429	Yandoon
7	-17.0396	-39.5299	Itamaraju
7	17.0303	81.7900	Rajahmundry
7	17.0119	99.7515	Sukhothai
7	17.0004	-13.5000	Magta Lajar
7	16.9924	54.6918	Mirbat
7	16.9644	-99.0947	Ayutla
7	16.9337	-89.8833	Flores
7	16.9170	-96.4000	Mitla
7	16.9004	-0.3500	Bourem
7	-16.8921	34.6559	Chiramba
7	16.8847	99.1293	Tak
7	16.8838	-25.0000	Mindelo
7	16.8604	74.5750	Sangli
7	-16.8596	-42.0699	Araçuaí
7	-16.8496	38.2600	Mocuba
7	16.8283	100.2729	Phitsanulok
7	-16.8196	29.6800	Karoi
7	-16.8095	26.9700	Choma
7	16.7804	-90.1200	La Libertad
7	-16.7795	-60.6799	San Rafael
7	16.7704	94.7500	Pathein
7	16.7547	96.5193	Thongwa
7	16.7504	107.2000	Quảng Trị
7	-16.7495	44.4833	Besalampy
7	16.7162	98.5708	Mae Sot
7	16.6805	33.4200	Shendi
7	-16.6196	-72.7200	Camaná
7	16.6171	-7.2500	Nema
7	16.6133	95.1829	Wakema
7	16.5904	-14.2700	Bogue
7	-16.5646	-69.0450	Desaguadero
7	-16.5296	28.8000	Kariba
7	16.5004	97.6700	Mawlamyine
7	-16.4846	145.4587	Port Douglas
7	-16.4695	-54.6400	Rondonópolis
7	-16.4296	-39.0800	Porto Seguro
7	16.4170	-3.6666	Goundam
7	-16.3696	-60.9600	San Ignacio
7	-16.3196	-48.9600	Anápolis
7	16.2933	95.6829	Phyarpon
7	-16.2896	-62.5000	San Javier
7	16.2618	97.7215	Mudon
7	16.2504	-8.1666	Timbedra
7	16.2415	-61.5330	Pointe-à-Pitre
7	16.2394	52.1638	Al Ghaydah
7	16.2104	77.3550	Raichur
7	16.2004	81.1800	Machilipatnam
7	-16.1896	-67.7200	Coroico
7	16.1671	-95.2000	Salina Cruz
7	16.1619	94.7014	Labutta
7	-16.1196	23.2700	Senanga
7	16.1003	-88.8100	Punta Gorda
7	-16.0995	33.9500	Moatize
7	-16.0995	46.6333	Marovoay
7	-16.0796	-69.6700	Ilave
7	16.0479	120.3408	Dagupan
7	16.0104	-61.7055	Basse-terre
7	15.9430	48.7873	Saywun
7	15.9104	-85.9600	Trujillo
7	-15.8796	-52.2600	Barra do Garças
7	15.8604	80.3400	Chirala
7	15.8592	-97.0659	Puerto Escondido
7	-15.8330	-70.0333	Puno
7	-15.8328	48.8166	Mandritsara
7	15.8040	102.0386	Chaiyaphum
7	-15.7996	-43.3100	Janaúba
7	-15.7895	20.3600	Mavinga
7	15.7814	38.4544	Keren
7	15.7504	-84.4800	Brus Laguna
7	-15.7496	14.0800	Chibemba
7	15.7304	-96.4700	Pochutla
7	-15.6996	-63.0800	Ascension
7	15.6917	43.6021	Hajjah
7	15.6904	-93.2200	Pijijiapan
7	-15.6196	30.4100	Luangwa
7	15.6104	-16.2500	Louga
7	15.6101	39.4500	Massawa
7	15.5840	102.4186	Bua Yai
7	15.5490	37.8867	Agordat
7	-15.5395	-47.3400	Formosa
7	-15.5126	167.1766	Luganville
7	15.5056	80.0577	Ongole
7	15.5021	120.9617	Cabanatuan
7	-15.4996	-69.1667	Puerto Acosta
7	15.4838	120.5834	Tarlac
7	15.4641	78.4866	Nandyal
7	15.3819	100.0264	Uthai Thani
7	15.3204	-91.4700	Huehuetenango
7	-15.3096	-49.1300	Goianésia
7	15.2804	76.3750	Hosapete
7	-15.2796	23.1200	Mongu
7	15.2620	-83.7716	Puerto Lempira
7	15.2533	97.8679	Ye
7	-15.2396	-40.6300	Itambé
7	15.2304	-9.5900	Nioro du Sahel
7	-15.2196	-59.3500	Pontes e Lacerda
7	15.2113	145.7506	Capitol Hill
7	-15.1896	13.6900	Chibia
7	-15.1757	37.7400	Ligonha
7	15.1670	-12.1833	Sélibaby
7	-15.1596	19.1700	Cuito Caunavale
7	15.1504	108.8300	Quảng Ngãi
7	15.1337	-10.5666	Yélimané
7	15.1221	105.8183	Pakxe
7	15.1203	104.3298	Sisaket
7	15.1104	36.6575	Tessenei
7	-15.0696	-57.1900	Barra do Bugres
7	-15.0196	-73.7900	Coracora
7	15.0004	103.1166	Buriram
7	-14.9896	22.6800	Kalabo
7	-14.9796	27.0700	Mumbwa
7	14.8868	103.4915	Surin
7	14.8860	38.8163	Mendefera
7	-14.8796	-70.6000	Ayaviri
7	-14.8661	47.9834	Antsohihy
7	14.8296	120.2828	Olongapo
7	-14.8295	14.5500	Quipungo
7	-14.8196	-66.8500	San Borja
7	14.8104	-16.9300	Thiès
7	14.8040	100.6186	Lop Buri
7	-14.7896	36.5400	Cuamba
7	-14.7896	-39.2800	Itabuna
7	-14.7796	24.8000	Kaoma
7	14.7504	78.5700	Proddatur
7	14.7337	-6.1333	Sokolo
7	14.7318	0.9195	Ayorou
7	-14.7196	-68.4200	Apolo
7	14.6704	-86.2300	Juticalpa
7	14.6604	-16.2400	Diourbel
7	14.6504	121.0300	Quezon City
7	14.6104	-61.0800	Fort-de-France
7	14.5504	121.0000	Pasay City
7	-14.5495	30.8100	Nyimba
7	14.5304	100.8800	Saraburi
7	14.5304	-91.5100	Mazatenango
7	-14.4696	-48.4700	Niquelândia
7	14.4604	-87.6500	Comayagua
7	-14.4596	35.2700	Mangochi
7	14.4295	44.8341	Rida
7	-14.3896	23.2400	Lukulu
7	14.3838	107.9833	Kon Tum
7	14.3588	100.5684	Ayutthaya
7	-14.3096	-67.3700	Reyes
7	14.3004	-90.7800	Escuintla
7	-14.2896	-71.2300	Sicuani
7	14.2804	39.4700	Adigrat
7	-14.2662	50.1666	Sambava
7	14.2532	13.1108	Nguigmi
7	14.2504	32.9800	El Manaqil
7	-14.2296	-42.7900	Guanambi
7	14.2120	1.4531	Tillabéri
7	14.1951	43.3155	Zabīd
7	-14.1896	-75.7400	Santiago
7	14.1304	38.7200	Aksum
7	-14.0996	21.4400	Lumbala Nguimbo
7	14.0980	98.1950	Dawei
7	14.0762	5.9586	Madaoua
7	14.0696	121.3226	San Pablo
7	14.0572	101.3768	Prachin Buri
7	14.0174	99.5220	Kanchanaburi
7	14.0171	100.5333	Pathum Thani
7	13.9946	-89.5598	Santa Ana
7	13.9904	32.3000	Ed Dueim
7	13.9874	10.2700	Gouré
7	-13.9696	28.6600	Kapiri Mposhi
7	13.9397	-90.8200	San Jose
7	13.9304	75.5600	Shivamogga
7	13.8337	100.4833	Nonthaburi
7	-13.8162	131.8167	Pine Creek
7	13.8004	-10.8200	Bafoulabé
7	13.7904	5.2599	Birni Nkonni
7	-13.7829	34.4333	Salima
7	13.7804	-13.6800	Tambacounda
7	13.7804	77.4900	Hindupur
7	-13.6996	19.8600	Cangamba
7	-13.6830	-61.8666	Piso Firme
7	-13.6829	48.4500	Ambanja
7	13.6824	102.4969	Aranyaprathet
7	13.6704	-6.0700	Markala
7	13.6504	79.4200	Tirupati
7	-13.6396	-72.8900	Abancay
7	-13.6296	32.6400	Chipata
7	13.6069	100.6115	Samut Prakan
7	13.5838	102.9833	Sisophon
7	13.5704	-2.4200	Ouahigouya
7	13.5504	-7.4500	Banamba
7	13.5419	99.8215	Ratchaburi
7	-13.4596	25.8200	Kasempa
7	13.4590	14.7147	Bol
7	13.4336	-14.6500	Bansang
7	-13.4196	-76.1400	Chincha Alta
7	13.4004	101.0000	Chon Buri
7	-13.3596	-39.0800	Valença
7	13.3171	12.6089	Diffa
7	13.3007	-87.1908	Choluteca
7	13.3004	-4.9000	San
7	13.3004	19.6833	Oum Hadjer
7	-13.2896	-64.7100	San Ramón
7	13.2804	-16.6599	Brikama
7	-13.2601	-64.0528	Magdalena
7	-13.2495	-43.4400	Bom Jesus da Lapa
7	-13.2495	131.1000	Adelaide River
7	13.2171	18.3333	Ati
7	-13.1984	37.4995	Marrupa
7	13.1590	100.9287	Si Racha
7	13.1337	78.1334	Kolar
7	-13.1196	39.0000	Montepuez
7	13.1133	99.9412	Phetchaburi
7	13.0904	-1.0900	Kaya
7	13.0582	44.8838	Lahij
7	13.0504	-9.4833	Kita
7	-13.0396	14.2400	Cubal
7	12.9904	7.6000	Katsina
7	-12.9496	-74.2500	Huanta
7	12.9204	79.1500	Vellore
7	12.9171	-85.9167	Matagalpa
7	-12.9163	34.3000	Nkhotakota
7	12.9104	31.2000	Umm Ruwaba
7	12.9104	-14.9500	Kolda
7	12.8804	10.4500	Nguru
7	12.8705	11.0400	Gashua
7	12.8337	79.7167	Kanchipuram
7	-12.7871	45.2750	Dzaoudzi
7	12.7504	-8.0800	Kati
7	12.6904	28.4200	En Nuhud
7	12.6718	101.2815	Rayong
7	12.6670	108.0500	Buon Me Thuot
7	12.6519	54.0239	Hadiboh
7	12.6304	-87.1300	Chinandega
7	12.6170	-11.4066	Satadougou
7	12.6133	102.0979	Chanthaburi
7	12.5704	76.9200	Mandya
7	12.5697	99.9443	Hua Hin
7	12.5604	-12.1800	Kédougou
7	-12.5396	27.8500	Chingola
7	12.5337	103.9167	Pursat
7	-12.5329	131.0500	McMinns Lagoon
7	12.5215	-70.0255	Oranjestad
7	-12.5196	-76.7400	Chilca
7	-12.5196	-40.3000	Itaberaba
7	-12.4996	-68.6666	Puerto Heath
7	12.4504	4.1999	Birnin Kebbi
7	12.3904	-5.4700	Koutiala
7	-12.3696	27.8200	Chililabombwe
7	-12.2895	33.1700	Lundazi
7	12.2604	79.1000	Tiruvannamalai
7	12.2505	104.6666	Kompong Chhnang
7	12.2505	-2.3700	Koudougou
7	12.1837	18.7000	Mongo
7	-12.1796	26.4000	Solwezi
7	12.1704	6.6600	Gusau
7	12.1670	-14.6660	Bafatá
7	12.1123	-68.8724	Willemstad
7	-12.0196	17.4700	Camacupa
7	12.0004	105.4500	Kampong Cham
7	11.9734	43.2856	Obock
7	11.9670	50.7500	Caluula
7	11.9404	-8.4400	Kangaba
7	11.9337	-85.9500	Granada‎
7	11.9304	108.4200	Da Lat
7	-11.8896	22.9000	Cazombo
7	11.8882	3.4467	Gaya
7	-11.7996	-75.5000	Jauja
7	11.7804	-0.3697	Tenkodogo
7	11.7704	34.3500	Ad Damazīn
7	-11.7596	27.2500	Kipushi
7	-11.7396	24.4400	Mwinilunga
7	-11.7302	-61.7806	Rolim de Moura
7	11.7204	79.7700	Cuddalore
7	-11.7196	-49.0600	Gurupi
7	11.7104	11.0800	Potiskum
7	11.6804	10.1900	Azare
7	11.6670	92.7360	Port Blair
7	11.6504	106.6000	Hon Quan
7	-11.6496	-39.0100	Serrinha
7	11.6175	102.9849	Krong Koh Kong
7	-11.5996	34.3000	Nkhata Bay
7	11.5830	-15.4828	Bolama
7	11.5670	108.9833	Phan Rang
7	-11.5596	-77.2700	Chancay
7	11.5403	-72.9100	Riohacha
7	11.5204	13.6900	Bama
7	11.5204	7.3200	Funtua
7	11.4404	-85.8200	Rivas
7	-11.4298	-58.7655	Juina
7	11.4232	4.5170	Koko
7	11.4204	-7.4900	Bougouni
7	11.4171	-9.1666	Siguiri
7	-11.3595	15.1200	Waku Kungo
7	11.3204	-5.6800	Sikasso
7	-11.3196	40.3500	Mocimboa
7	-11.3196	16.2000	Calucinga
7	-11.2829	34.7666	Mbamba Bay
7	-11.2696	-37.4500	Estância
7	11.2504	125.0000	Tacloban
7	11.1837	40.0166	Bati
7	11.1562	42.7125	Ali Sabih
7	-11.1496	-76.0100	Junín
7	11.1304	2.9400	Kandi
7	-11.1296	-75.3400	San Ramon
7	-11.0896	37.3700	Tunduru
7	11.0804	77.3300	Tiruppur
7	11.0704	-85.6300	La Cruz
7	11.0643	124.6075	Ormac
7	11.0604	-0.2400	Bawku
7	11.0337	27.7333	Muglad
7	11.0104	-74.2500	Ciénaga
7	10.9838	104.7833	Takéo
7	10.9801	47.0975	Maydh
7	-10.9696	-38.7900	Tucano
7	10.9604	-63.8500	Porlamar
7	10.9587	123.3086	Cadiz
7	10.9513	79.3875	Kumbakonam
7	10.9504	78.0833	Karur
7	10.9337	108.1001	Phan Thiet
7	10.9204	-83.7000	San Juan de Nicaragua
7	-10.8696	26.6000	Kambove
7	10.7904	-0.8500	Bolgatanga
7	10.7704	79.1500	Thanjavur
7	-10.7380	165.8567	Lata
7	-10.7296	38.7999	Masasi
7	-10.7296	14.9800	Quibala
7	-10.7095	22.2300	Luau
7	10.7004	105.1167	Châu Đốc
7	-10.6996	-77.8000	Pativilca
7	-10.6996	22.3333	Dilolo
7	10.6854	-14.6050	Kamsar
7	10.6338	-85.4333	Liberia
7	10.6304	-4.7600	Banfora
7	10.6204	12.1900	Biu
7	10.6171	104.1833	Kampot
7	10.6004	-66.9700	Maiquetía
7	-10.5996	21.3200	Muconda
7	10.5820	51.1233	Hurdiyo
7	10.5626	72.6369	Kavaratti
7	10.5504	123.3800	San Carlos
7	-10.5496	32.0600	Chinsali
7	10.5337	106.4167	Tan An
7	10.5318	-71.5039	Santa Rita
7	10.5127	99.1872	Chumphon
7	10.4597	-68.0065	Puerto Cabello
7	-10.4496	-40.1900	Senhor do Bonfim
7	10.4337	32.2000	Melut
7	10.4004	5.4699	Kontagora
7	10.3804	105.4200	Long Xuyen
7	10.3804	-12.1000	Mamou
7	10.3804	-13.5500	Fria
7	-10.3662	23.4500	Kasaji
7	10.3596	0.4708	Mango
7	10.3554	107.0850	Vung Tau
7	10.3504	106.3500	Mỹ Tho
7	10.3305	-84.4400	Quesada
7	10.3204	76.9700	Valparai
7	10.3204	1.3900	Natitingou
7	10.3104	9.8400	Bauchi
7	-10.3021	150.4591	Alotau
7	10.2904	11.1700	Gombe
7	10.2859	15.3872	Bongor
7	10.2837	22.7833	Birao
7	10.2703	13.2700	Mubi
7	-10.2696	40.1900	Mtwara
7	-10.2696	-36.5800	Penedo
7	-10.1996	31.1799	Kasama
7	-10.1496	19.2600	Cacolo
7	10.1304	-64.7200	Barcelona
7	10.0704	-72.5499	Machiques
7	-10.0696	-78.1600	Huarmey
7	10.0670	34.5333	Asosa
7	10.0604	-2.5000	Wa
7	10.0457	11.2131	Kumo
7	-10.0426	148.5650	Abau
7	10.0404	-10.7500	Faranah
7	10.0154	105.0914	Rạch Giá
7	-9.9996	14.9000	Calulo
7	9.9702	-84.8336	Puntarenas
7	9.9404	43.1800	Boorama
7	-9.9396	-63.0800	Ariquemes
7	-9.9329	33.9333	Karonga
7	9.9304	13.9400	Guider
7	9.8504	-66.3800	Altagracia de Orituco
7	9.7843	125.4888	Surigao
7	-9.7795	29.0800	Kawambwa
7	9.7204	-75.1300	El Carmen de Bolívar
7	-9.7162	33.2666	Chitipa
7	9.7004	1.6800	Djougou
7	-9.6954	-65.3597	Abunã
7	9.6804	39.5300	Debre Birhan
7	-9.6596	20.3900	Saurimo
7	-9.6582	120.2530	Waingapu
7	9.6037	105.9800	Sóc Trăng
7	9.6004	-5.2000	Ferkessédougou
7	-9.5996	-42.1100	Remanso
7	9.5804	-69.2000	Acarigua
7	9.5358	-75.5720	Tolú
7	9.5204	-82.6200	Sixaola
7	9.5204	45.5400	Burco
7	9.5104	-7.5800	Odienné
7	9.5004	49.1660	Qardho
7	9.5004	76.3700	Alappuzha
7	9.4604	12.0400	Numan
7	9.4337	-0.0167	Yendi
7	9.4204	77.5800	Rajapalaiyam
7	-9.4196	18.4300	Capenda-Camulemba
7	9.4004	80.3999	Kilinochchi
7	9.4004	-0.8400	Tamale
7	9.3804	-70.4400	Trujillo
7	9.3504	14.9666	Pala
7	9.3504	42.7900	Jijiga
7	-9.3496	28.7300	Nchelenge
7	9.3404	-65.3200	Zaraza
7	9.3360	-66.2545	Chaguaramas
7	-9.3296	34.7700	Njombe
7	9.3171	15.8000	Kelo
7	-9.2995	14.9100	Ndalatando
7	9.2904	-75.3800	Sincelejo
7	-9.2896	-75.9900	Tingo María
7	-9.2846	32.7749	Tunduma
7	9.2804	105.7200	Bạc Liêu
7	9.2704	-9.0200	Kérouané
7	-9.2496	33.6400	Tukuyu
7	9.2419	-75.8160	Lorica
7	-9.2096	25.8400	Bukama
7	9.1905	-10.1200	Kissidougou
7	9.1774	105.1500	Cà Mau
7	9.1670	35.8333	Gimbi
7	9.0905	36.5300	Nekemte
7	9.0804	6.0100	Bida
7	9.0605	-62.0600	Tucupita
7	9.0104	-71.9200	San Carlos del Zulia
7	9.0003	-73.9800	El Banco
7	8.9905	1.1500	Sokodé
7	8.9804	37.8500	Hagere Hiywet
7	8.9604	-83.5300	Ciudad Cortés
7	8.9495	125.5436	Butuan
7	8.9304	-67.4400	Calabozo
7	8.9004	11.3600	Jalingo
7	8.9004	76.5700	Kollam
7	8.8903	-64.2600	El Tigre
7	8.8804	-12.0500	Makeni
7	-8.8623	121.6489	Ende
7	8.8490	7.8736	Keffi
7	8.8304	125.1300	Gingoog
7	-8.8296	-35.2000	Barreiros
7	-8.7692	148.2484	Popondetta
7	8.7304	77.6900	Tirunelveli
7	-8.7223	116.2923	Praya
7	-8.7151	115.1841	Kuta
7	-8.6996	28.7000	Luanza
7	8.6504	16.8500	Doba
7	-8.6189	122.2123	Maumere
7	8.6004	33.0666	Nasir
7	-8.5795	116.1350	Mataram
7	-8.5795	13.6600	Caxito
7	8.5504	-9.4800	Macenta
7	8.5337	28.1167	Gogrial
7	8.5337	34.8000	Dembi Dolo
7	8.5304	37.9700	Giyon
7	8.4904	8.5200	Lafia
7	8.4405	-10.8500	Koidu
7	-8.4196	20.7400	Lucapa
7	8.3982	-78.1402	La Palma
7	8.3304	-75.1500	Ayapel
7	8.2404	-73.3500	Ocaña
7	-8.1950	114.3696	Banyuwangi
7	-8.1896	15.3700	Camabatela
7	8.1804	77.4300	Nagercoil
7	-8.1796	-76.5200	Tocache
7	8.1712	124.2154	Iligan
7	8.1540	99.7286	Thung Song
7	8.1462	123.8444	Ozamis
7	-8.1296	36.6800	Ifakara
7	-8.1152	115.0944	Singaraja
7	8.1004	-80.9833	Santiago
7	8.1004	-76.7400	Turbo
7	-8.0996	156.8350	Gizo
7	-8.0696	112.1500	Blitar
7	8.0671	22.4000	Ouadda
7	-8.0596	-39.1300	Salgueiro
7	8.0304	-2.8000	Bondoukou
7	8.0204	-62.4100	Upata
7	7.9670	12.2333	Kontcha
7	-7.9596	31.6200	Sumbawanga
7	7.9504	39.1399	Asela
7	7.9504	-6.6700	Séguéla
7	-7.9163	39.6500	Kilindoni
7	7.8804	-11.1900	Kenema
7	7.8704	9.7800	Wukari
7	7.8530	123.5070	Pagadian
7	7.8504	3.9300	Oyo
7	7.8504	13.6000	Mbe
7	7.8004	6.7399	Lokoja
7	-7.7896	112.0000	Kediri
7	7.7704	4.5600	Oshogbo
7	-7.7696	35.6900	Iringa
7	7.7604	-80.2800	Las Tablas
7	-7.7496	113.1500	Probolinggo
7	-7.7296	38.9500	Kibiti
7	-7.7188	109.0154	Cilacap
7	7.7170	81.7000	Batticaloa
7	-7.6346	111.5150	Madiun
7	7.6304	5.2200	Ado Ekiti
7	-7.6296	112.9000	Pasuruan
7	-7.6196	-78.0400	Cajabamba
7	7.5704	-9.2700	Yomou
7	-7.5696	24.1700	Kaniama
7	7.5634	99.6080	Trang
7	-7.5596	-35.0000	Goiana
7	7.5504	37.8500	Hosaina
7	7.5304	5.7600	Ikare
7	-7.4996	-35.3200	Timbaúba
7	7.4804	4.5600	Ife
7	-7.4696	110.1800	Magelang
7	-7.4696	112.4300	Mojokerto
7	7.4504	-2.5900	Berekum
7	-7.4329	30.6000	Kipili
7	7.4004	-7.5500	Man
7	-7.3996	36.9800	Mikumi
7	7.3904	-72.6600	Pamplona
7	7.3821	125.8017	Tagum
7	7.3504	-62.5333	El Manteco
7	-7.3496	14.8500	Songo
7	7.3452	134.4695	Koror
7	7.3204	13.5800	Ngaoundéré
7	-7.3095	110.4901	Salatiga
7	-7.2829	19.0000	Kahemba
7	7.2704	-58.5001	Anna Regina
7	7.2504	5.2000	Akure
7	-7.2296	-39.4200	Crato
7	-7.2296	12.8600	Nzeto
7	7.2004	5.5900	Owo
7	7.2004	38.5900	Shashemene
7	7.1904	8.1300	Oturkpo
7	7.1904	1.9900	Abomey
7	-7.1696	-76.7400	Juanjuí
7	7.1604	3.3500	Abeokuta
7	7.1217	-77.7564	Juradó
7	7.1104	6.7399	Idah
7	-7.1006	-49.9480	Xinguara
7	7.0907	-70.7616	Arauca
7	7.0904	4.8400	Ondo
7	-7.0596	29.7200	Moba
7	7.0306	-75.5905	Yarumal
7	-7.0196	-37.2900	Patos
7	7.0104	-9.4900	Gbarnga
7	-7.0049	113.8496	Sumenep
7	6.9837	81.0499	Badulla
7	6.9804	19.1800	Kaga Bandoro
7	-6.9096	106.9000	Sukabumi
7	6.9004	0.6300	Kpalimé
7	-6.8995	112.0500	Tuban
7	-6.8796	109.6700	Pakalongan
7	-6.8696	109.1200	Tegal
7	6.8670	7.3834	Nsukka
7	-6.8396	36.9900	Kilosa
7	-6.8296	-79.9300	Pimentel
7	6.8204	3.9200	Ijebu Ode
7	-6.8162	30.4333	Karema
7	6.7804	79.8800	Moratuwa
7	-6.7696	-43.0300	Floriano
7	6.7504	38.4100	Yirga Alem
7	-6.7415	111.0347	Pati
7	-6.7396	23.9600	Gandajika
7	6.7304	-3.4900	Abengourou
7	6.6505	-4.7100	Dimbokro
7	6.6004	0.4700	Ho
7	6.5505	101.2851	Yala
7	6.5505	-0.7800	Nkawkaw
7	6.5505	-7.4900	Guiglo
7	-6.5496	-78.6500	Chota
7	6.5205	14.2900	Meiganga
7	-6.5095	22.8700	Dibaya
7	6.4837	17.4500	Bossangoa
7	6.4804	-74.4200	Puerto Berrío
7	-6.4796	16.8300	Kasongo-Lunda
7	-6.4696	-35.4400	Nova Cruz
7	6.4670	12.6333	Tibati
7	6.4603	-73.2700	Socorro
7	6.4603	-71.7400	Tame
7	-6.4596	-37.1000	Caicó
7	-6.4396	38.8900	Bagamoyo
7	6.4318	101.8214	Narathiwat
7	6.4104	-58.6300	Bartica
7	6.4104	38.3100	Dila
7	6.4004	10.0700	Wum
7	6.3604	2.0900	Ouidah
7	-6.3596	31.0500	Mpanda
7	-6.3496	36.4800	Mpwapwa
7	-6.3356	108.3190	Indramayu
7	-6.3196	-47.4200	Tocantinópolis
7	6.3170	16.3833	Bozoum
7	-6.2696	14.2400	Mbanza-Congo
7	-6.2296	-77.8700	Chachapoyas
7	6.2204	10.6800	Kumbo
7	-6.2173	106.9723	Bekasi
7	-6.2163	155.6333	Kieta
7	6.2104	7.0700	Awka
7	6.1904	-1.6600	Obuasi
7	6.1850	-67.4930	Puerto Carreño
7	6.1504	-5.8800	Gagnoa
7	-6.1444	143.6452	Mendi
7	6.1404	6.7800	Onitsha
7	-6.1296	24.4800	Kabinda
7	-6.1296	12.3700	Soyo
7	6.1133	100.3729	Alor Setar
7	-6.1100	106.1496	Serang
7	6.0904	-0.2600	Koforidua
7	6.0704	-8.1300	Zwedru
7	-6.0496	-76.9667	Moyobamba
7	-6.0496	26.9100	Kabalo
7	-6.0395	-44.2400	Colinas
7	-5.9995	-40.3100	Tauá
7	-5.9796	-79.7500	Olmos
7	5.9504	-56.9900	Nieuw Nickerie
7	-5.9496	28.0167	Nyunzu
7	5.9490	80.5428	Matara
7	5.9403	-4.2800	Agboville
7	-5.9229	12.3550	Moanda
7	5.8904	-56.3200	Totness
7	5.8904	5.6800	Sapele
7	5.8305	-73.0200	Duitama
7	5.7904	-6.6100	Soubré
7	5.7837	7.0333	Orlu
7	-5.7796	34.9000	Manyoni
7	5.7504	8.9833	Eyumojok
7	5.7338	19.0833	Sibut
7	5.7304	10.9000	Foumban
7	-5.7096	-78.8100	Jaén
7	-5.6996	34.4800	Itigi
7	5.6904	-76.6600	Quibdó
7	5.6852	-77.2745	Nuquí
7	5.6497	100.4793	Sungai Petani
7	5.6404	0.0100	Tema
7	-5.6295	32.7700	Sikonge
7	5.6204	-73.8199	Chiquinquirá
7	5.6170	23.3167	Yakossi
7	-5.5829	16.5167	Lusanga
7	-5.5796	-36.9101	Açu
7	-5.5596	-80.8200	Sechura
7	-5.5596	12.1900	Cabinda
7	5.5504	-73.3700	Tunja
7	-5.5496	14.4333	Kimpese
7	-5.5096	22.2600	Demba
7	-5.5096	-45.2600	Barra do Corda
7	5.4976	-54.0325	Saint-Laurent-du-Maroni
7	5.4904	10.4099	Bafoussam
7	5.4804	-53.2200	Iracoubo
7	-5.4746	150.4100	Hoskins
7	-5.4699	122.6163	Baubau
7	-5.4496	105.3000	Bandar Lampung
7	-5.4297	154.6711	Sohano
7	5.4171	100.4000	Butterworth
7	-5.3896	25.7500	Lubao
7	-5.3795	26.9800	Kongolo
7	5.3504	-0.6300	Winneba
7	-5.3495	21.4100	Luebo
7	5.3304	103.1200	Kuala Terengganu
7	5.3204	-4.3899	Dabou
7	5.2670	17.6500	Bossembélé
7	-5.2496	14.8600	Mbanza-Ngungu
7	-5.2395	39.7700	Chake Chake
7	5.2004	-3.7500	Grand Bassam
7	5.1903	-74.7500	Honda
7	5.1704	10.1800	Bafang
7	-5.1656	-40.6660	Crateús
7	-5.1196	30.3900	Uvinza
7	5.1104	-1.2500	Cape Coast
7	5.1004	7.3500	Aba
7	-5.0896	38.5400	Korogwe
7	-5.0896	-80.1700	Chulucanas
7	5.0854	45.1650	Ferfer
7	-5.0696	-73.9100	Requena
7	5.0464	118.3360	Lahad Datu
7	5.0404	-55.0200	Brokopondo
7	5.0337	25.1333	Zemio
7	-4.9696	12.9300	Tshela
7	-4.9696	23.4300	Lusambo
7	4.9604	8.3300	Calabar
7	4.9604	9.9400	Nkongsamba
7	4.9504	-6.0833	Sassandra
7	4.9337	15.8666	Carnot
7	4.9337	13.3000	Bélabo
7	4.9151	29.4769	Maridi
7	-4.8896	-80.6800	Sullana
7	-4.8796	29.6100	Kigoma
7	-4.8396	21.5700	Mweka
7	-4.8296	16.8999	Kenge
7	-4.8196	34.7400	Singida
7	4.8104	-75.6800	Pereira
7	4.7946	-71.3400	Orocue
7	4.7721	33.5902	Kapoeta
7	4.7704	-6.6400	San-Pedro
7	4.7504	11.2300	Bafia
7	4.7338	22.8166	Bangassou
7	4.6736	97.9664	Langsa
7	4.6404	9.4400	Kumba
7	4.5804	13.6800	Bertoua
7	-4.5796	30.1000	Kasulu
7	-4.5796	15.1800	Kasangulu
7	4.5704	7.5600	Opobo
7	-4.5696	-44.6700	Pedreiras
7	-4.5496	136.8900	Timika
7	-4.5496	18.6000	Bulungu
7	4.5343	-75.6811	Armenia
7	-4.5328	120.3334	Watampone
7	-4.4796	-43.8800	Codó
7	-4.4565	30.2614	Kanyato
7	-4.4395	-49.1157	Jacundá
7	4.4337	14.3666	Batouri
7	4.3999	113.9845	Miri
7	-4.3796	-79.9500	Macará
7	4.3754	-7.7170	Harper
7	4.3303	18.6150	Zongo
7	-4.3296	-38.8800	Baturité
7	-4.3196	20.6100	Ilebo
7	-4.3196	-40.7201	Ipú
7	4.2904	21.0199	Gbadolite
7	-4.2696	-41.7900	Piripiri
7	4.2332	103.4479	Chukai
7	-4.2195	35.7500	Babati
7	4.2170	108.2000	Telukbutun
7	-4.2096	33.1800	Nzega
7	4.1904	19.8800	Bosobolo
7	-4.1796	12.6700	Loubomo
7	-4.1296	-44.1500	Coroatá
7	4.0904	30.6800	Yei
7	4.0904	-76.2100	Tuluá
7	-4.0696	37.7200	Same
7	-4.0696	-78.9700	Zamora
7	-4.0396	19.5300	Mangai
7	4.0304	9.1900	Limbe
7	4.0119	101.0314	Teluk Intan
7	3.9837	13.1833	Abong Mbang
7	-3.9507	29.6166	Bururi
7	3.9404	41.8600	Mandera
7	-3.9163	-70.5083	Caballococha
7	3.9105	-51.8100	Saint-Georges
7	3.9004	-58.3800	Kumaka
7	3.8724	-77.0505	Buenaventura
7	3.8704	18.0000	Mbaïki
7	3.8540	-67.9061	Inírida
7	-3.8496	35.5300	Mbulu
7	-3.8296	-54.0300	Uruará
7	-3.8196	32.5800	Kahama
7	3.8005	42.5500	Luuq
7	3.8005	10.1200	Edéa
7	3.7927	101.8423	Raub
7	-3.7857	119.6522	Pinrang
7	-3.7395	-43.3600	Chapadinha
7	3.6904	-73.6900	San Martín
7	-3.6896	13.3500	Sibiti
7	3.6604	18.6200	Libenge
7	-3.6596	33.4200	Shinyanga
7	3.6504	31.7200	Moyo
7	3.6504	10.7666	Eséka
7	3.6204	98.5001	Binjai
7	-3.6096	39.8500	Kilifi
7	-3.5995	26.6700	Kampene
7	3.5337	16.0666	Nola
7	-3.5336	118.9660	Majene
7	-3.5321	23.5914	Lodja
7	3.5204	34.1200	Kaabong
7	3.5204	11.5000	Mbalmayo
7	-3.4995	-39.5800	Itapipoca
7	-3.4432	104.2315	Perabumulih
7	-3.4260	29.8436	Gitega
7	-3.3995	-39.0400	Paracuru
7	-3.3896	-57.7200	Maués
7	-3.3696	38.5700	Voi
7	-3.3496	35.5500	Oldeani
7	3.3404	20.8700	Businga
7	-3.3396	37.3400	Moshi
7	3.3304	99.1300	Tebingtinggi
7	-3.3281	128.9405	Amahai
7	3.3004	32.8700	Kitgum
7	-3.2896	-60.6200	Manacapuru
7	-3.2796	30.9600	Kakonko
7	-3.2496	35.5200	Ngorongoro
7	-3.2096	-45.0000	Viana
7	-3.1996	-52.2100	Altamira
7	3.1664	113.0360	Bintulu
7	3.1304	35.5700	Lodwar
7	-3.1195	-40.8400	Granja
7	-3.0999	120.2363	Palopo
7	-3.0968	119.8531	Makale
7	-3.0382	28.4325	Mwenga
7	3.0204	30.9000	Arua
7	-3.0196	16.9200	Mushie
7	-2.9837	114.3845	Kualakapuas
7	-2.9828	38.4666	Tsavo
7	-2.9596	-47.4900	Paragominas
7	2.9404	9.9100	Kribi
7	-2.9396	12.7200	Mossendjo
7	2.9310	-75.3302	Neiva
7	-2.9021	-76.4025	Andoas
7	-2.8896	-40.1200	Acaraú
7	-2.8662	32.1666	Geita
7	-2.8543	-77.9363	Yaupi
7	-2.8523	30.3173	Muyinga
7	2.7837	44.0833	Buurhakaba
7	2.7670	45.5166	Jawhar
7	2.7405	23.7800	Aketi
7	2.7105	101.9400	Seremban
7	-2.6296	31.3100	Biharamulo
7	-2.5896	29.7300	Butare
7	2.5604	-77.8600	Guapi
7	2.5403	34.6400	Moroto
7	-2.5396	36.8000	Namanga
7	-2.5396	14.7500	Djambala
7	-2.5329	112.9500	Sampit
7	-2.5196	-45.0900	Pinheiro
7	-2.5161	-75.7666	Soldado Bartra
7	-2.5096	26.4300	Kalima
7	-2.4796	28.9000	Cyangugu
7	2.4704	31.4800	Pakwach
7	-2.4695	30.6500	Ngara
7	2.3834	20.4200	Binga
7	-2.3829	33.5500	Nyahanga
7	-2.3829	11.3833	Ndende
7	-2.3796	40.4300	Witu
7	-2.3496	29.7400	Nyanza
7	-2.3328	-71.9167	Puca Urco
7	-2.3096	-78.1200	Macas
7	2.2604	32.8900	Lira
7	-2.2396	-49.5100	Cametá
7	2.2104	-75.6500	Garzón
7	-2.2096	113.9100	Palangkaraya
7	-2.1796	-79.6000	Milagro
7	-2.1595	16.2400	Bolobo
7	2.1404	27.9900	Wamba
7	2.1095	-74.7703	San Vicente del Caguán
7	2.0837	11.4834	Bitam
7	-2.0696	29.7600	Gitarama
7	-2.0631	101.3964	Sungaipenuh
7	2.0383	103.3179	Keluang
7	2.0337	102.5666	Muar
7	2.0337	15.2167	Moloundou
7	2.0171	98.9667	Tarutung
7	1.9504	30.0333	Mongbwalu
7	-1.9396	-54.7900	Alenquer
7	-1.8795	15.8500	Gamboma
7	-1.8662	11.0167	Mouila
7	1.8504	102.9333	Batu Pahat
7	1.8162	-61.1277	Caracaraí
7	-1.7996	-79.5400	Babahoyo
7	-1.7596	-55.8700	Oriximiná
7	1.7504	40.0500	Wajir
7	-1.7496	37.1200	Konza
7	-1.7496	-47.0900	Capitão Poço
7	1.7104	33.6000	Soroti
7	1.7004	32.0699	Masindi-Port
7	-1.6847	29.2629	Gisenyi
7	1.6404	18.0400	Impfondo
7	1.6404	14.5800	Sembe
7	1.6337	11.3166	Mongomo
7	1.6104	-75.6200	Florencia
7	-1.5796	30.0600	Byumba
7	-1.5662	9.2500	Omboué
7	-1.5655	13.2000	Moanda
7	1.5604	30.2400	Bunia
7	1.5104	21.0500	Bongandanga
7	-1.5095	37.2600	Machakos
7	-1.4996	29.6300	Ruhengeri
7	-1.4896	33.8000	Musoma
7	-1.3896	120.7600	Poso
7	1.3887	99.2734	Padangsidempuan
7	-1.3496	-80.5800	Jipijapa
7	-1.3196	31.8000	Bukoba
7	-1.2896	-47.9300	Castanhal
7	1.2704	-78.8601	San Lorenzo
7	-1.2696	-78.6200	Ambato
7	1.2671	-78.9855	Valdez
7	-1.2496	29.9800	Kabale
7	1.2404	23.5900	Basoko
7	1.2337	19.8000	Basankusu
7	-1.2009	41.8520	Buur Gaabo
7	-1.1965	-46.1400	Viseu
7	-1.1829	23.2666	Ikela
7	-1.1615	136.0485	Biak
7	-1.1329	12.4833	Koulamoutou
7	1.1164	9.4186	Calatrava
7	1.1105	36.6800	Maralal
7	1.0904	34.1700	Mbale
7	1.0838	27.2666	Bafwasende
7	-1.0396	37.0900	Thika
7	1.0305	34.9899	Kitale
7	1.0171	13.9333	Mékambo
7	-0.9796	-77.8100	Tena
7	-0.9396	122.7900	Luwuk
7	-0.9329	-75.4000	Nuevo Rocafuerte
7	0.9304	-79.6700	Esmeraldas
7	-0.9296	38.0700	Mwingi
7	-0.9296	-78.6100	Latacunga
7	0.9168	104.4714	Tanjungpinang
7	0.9120	108.9655	Singkawang
7	-0.8796	14.8200	Ewo
7	-0.8496	34.1500	Karungu
7	0.8304	-77.6500	Ipiales
7	0.7837	11.5666	Mitzik
7	0.7704	24.4300	Yangambi
7	-0.7329	26.5833	Lubutu
7	0.7104	34.1700	Tororo
7	-0.7096	36.4300	Naivasha
7	-0.6996	10.2166	Lambaréné
7	0.6964	127.4360	Tidore
7	-0.6896	-80.0900	Chone
7	-0.6796	35.1200	Sotik
7	-0.6696	34.7600	Kisii
7	-0.6663	100.7833	Sawahlunto
7	-0.6568	13.6795	Okandja
7	-0.6095	-47.3400	Salinópolis
7	-0.5996	30.6500	Mbarara
7	0.5904	31.3700	Mubende
7	0.5704	34.5600	Bungoma
7	0.5671	12.8666	Makokou
7	-0.5196	37.4500	Embu
7	0.4904	29.4500	Beni
7	-0.4796	15.9200	Owando
7	-0.4496	100.4167	Padangpanjang
7	0.4404	33.1999	Jinja
7	-0.4396	39.6700	Garissa
7	0.4004	32.0500	Mityana
7	0.3604	-78.1300	Ibarra
7	-0.3596	35.2800	Kericho
7	-0.3596	34.6400	Kendu Bay
7	-0.3329	10.3832	Bifoum
7	-0.3296	31.7300	Masaka
7	-0.3031	100.3615	Bukittinggi
7	0.2904	34.7300	Kakamega
7	-0.2196	20.8600	Boende
7	-0.1296	29.9200	Katwe
7	0.0604	32.4600	Entebbe
7	0.0504	35.7200	Eldama Ravine
7	0.0504	-78.1600	Cayambe
7	-0.0396	-51.1800	Porto Santana
7	0.0204	37.0600	Nanyuki
7	-0.0096	15.6400	Makoua
8	74.8983	142.1050	Zemlya Bunge
8	73.4833	113.6300	Khorgo
8	70.9566	-179.5900	Zvëzdnyj
8	70.4694	-157.3958	Atqasuk
8	69.4244	161.4811	Mikhalkino
8	69.3833	-123.9833	Paulatuk
8	69.2406	18.0086	Finnsnes
8	69.2052	33.4502	Polyarnyy
8	69.0731	33.4231	Severomorsk
8	68.7675	-81.2361	Hall Beach
8	68.5166	107.8000	Put Lenina
8	67.6083	64.1233	Severnyy
8	67.5731	33.3930	Apatity
8	67.4333	-133.7500	Tsiigehtchic
8	66.9500	-171.8166	Enurmino
8	66.9072	-156.8810	Kobuk
8	66.6039	-160.0094	Selawik
8	66.5655	-152.6455	Allakaket
8	65.5833	-171.0250	Lavrentiya
8	65.2636	-166.3608	Teller
8	65.1833	-123.4167	Doline
8	65.1719	-152.0788	Tanana
8	64.8803	-157.7009	Koyukuk
8	64.8680	11.2053	Rørvik
8	64.7880	-141.2000	Eagle
8	64.5638	-149.0930	Nenana
8	64.3272	-158.7219	Kaltag
8	64.1525	-145.8422	Big Delta
8	63.8828	-152.3122	Lake Minchumina
8	63.4214	142.7698	Oymyakon
8	63.3916	-148.9508	Cantwell
8	62.7770	-164.5230	Emmonak
8	62.4001	-110.7333	Lutselke
8	62.3238	-150.1094	Talkeetna
8	62.2714	-145.3822	Gulkana
8	62.1826	-75.6595	Salluit
8	-62.1739	-58.8639	Artigas Base
8	62.0855	-163.7290	Mountain Village
8	62.0797	-150.0728	Montana
8	61.8666	28.8833	Savonlinna
8	61.6333	147.9167	Omchak
8	61.4789	21.7749	Pori
8	61.0920	72.6080	Nefteyugansk
8	61.0041	-159.9405	Nyac
8	60.8143	-115.7883	Hay River
8	60.8000	10.7000	Gjøvik
8	60.7842	-148.6777	Whittier
8	60.5855	-165.2558	Tununak
8	60.5816	169.0500	Pakhachi
8	60.4833	15.4167	Borlänge
8	60.3886	-166.1899	Mekoryuk
8	60.1565	59.9615	Severouralsk
8	59.7624	60.2083	Krasnoturinsk
8	59.7300	30.6500	Kolpino
8	59.6700	56.7500	Solikamsk
8	59.6091	16.5577	Västerås
8	59.4000	27.2833	Kohtla-Järve
8	59.2666	-105.8333	Stony Rapids
8	59.1210	-161.5871	Goodnews Bay
8	59.1116	28.0747	Slantsy
8	59.0644	57.6343	Kizel
8	59.0566	-158.4803	Dillingham
8	59.0333	-117.6830	Meander River
8	58.5544	50.0444	Kirovo-Chepetsk
8	58.3515	60.0515	Krasnouralsk
8	57.8465	61.6915	Alapayevsk
8	57.5830	34.5631	Vyshnniy Volochek
8	57.5244	38.3300	Uglich
8	57.4700	42.1300	Kineshma
8	57.0230	61.4580	Asbest
8	56.9491	-158.6269	Port Heiden
8	56.8543	41.3643	Shuya
8	56.8165	-5.1121	Fort William
8	56.5000	27.3166	Rēzekne
8	56.4943	43.5944	Balakhna
8	56.4333	9.4000	Viborg
8	56.3431	36.6987	Klin
8	56.3300	38.1700	Sergiyev Posad
8	56.2574	34.3275	Rzhev
8	56.2165	89.5184	Bogotol
8	56.0800	86.0400	Anzhero Sudzhensk
8	56.0663	60.2313	Verkhniy Ufaley
8	55.9620	94.7028	Zaozernyy
8	55.9386	23.3250	Šiauliai
8	55.9333	-4.7500	Greenock
8	55.9186	-159.1511	Perryville
8	55.8481	48.4970	Zelenodolsk
8	55.8200	38.9800	Orekhovo-Zuevo
8	55.7400	24.3700	Panevežys
8	55.7333	-101.3166	Pukatawagan
8	55.7319	52.3924	Naberezhnyye Chelny
8	55.6500	12.0833	Roskilde
8	55.4894	28.7860	Polatsk
8	55.4500	-60.2167	Hopedale
8	55.4000	43.8000	Arzamas
8	55.3397	-160.4972	Sand Point
8	55.2377	84.3777	Toguchin
8	55.2140	-132.8006	Hydaburg
8	55.1000	-105.3000	La Ronge
8	55.0800	38.7850	Kolomna
8	54.9459	58.7959	Bakal
8	54.9034	-1.3799	Sunderland
8	54.8800	-2.9300	Carlisle
8	54.8000	-66.8167	Schefferville
8	54.7719	-111.9647	Lac La Biche
8	54.6600	86.1700	Leninsk Kuznetsky
8	54.6509	83.2865	Iskitim
8	54.6500	-8.1167	Donegal
8	54.6316	21.8109	Chernyakhovsk
8	54.6000	-7.3000	Omagh
8	54.5987	52.4487	Leninogorsk
8	54.5543	52.7943	Bugulma
8	54.5143	37.0944	Aleksin
8	54.5000	-128.5833	Terrace
8	54.4600	53.4600	Oktyabrskiy
8	54.3685	60.8085	Plast
8	54.3592	77.2742	Kupina
8	54.3188	26.8653	Maladzyechna
8	54.2000	16.1833	Koszalin
8	54.1539	19.4032	Elbląg
8	54.0643	44.9244	Ruzayevka
8	54.0143	37.5143	Shchekino
8	54.0107	38.2893	Novomoskovsk
8	54.0000	86.6400	Kiselevsk
8	53.9666	-94.7666	Island Lake
8	53.8313	91.2227	Chernogorsk
8	53.7917	-1.7545	Bradford
8	53.7726	20.4856	Olsztyn
8	53.6630	52.4330	Buguruslan
8	53.5891	34.3392	Dyatkovo
8	53.5000	-112.0500	Vegreville
8	53.4000	-117.5833	Hinton
8	53.3667	-1.5000	Sheffield
8	53.3667	7.2167	Emden
8	53.3000	-60.3000	Happy Valley - Goose Bay
8	53.2333	87.3167	Mundybash
8	53.1863	-2.9030	Chester
8	53.1700	48.4800	Syzran
8	53.1368	26.0134	Baranavichy
8	53.1300	8.2200	Oldenburg
8	53.1200	49.9199	Novokuybishevsk
8	53.0167	-112.8166	Camrose
8	52.9743	49.7243	Chapayevsk
8	52.9666	-113.3833	Wetaskiwin
8	52.9500	-89.8833	Big Beaver House
8	52.9000	40.5000	Michurinsk
8	52.7799	18.2500	Inowrocław
8	52.7038	-8.8641	Shannon
8	52.6690	90.0954	Abaza
8	52.6574	42.7174	Kirsanov
8	-52.6500	-71.4666	Río Verde
8	52.6300	-1.1332	Leicester
8	52.5800	38.5000	Yelets
8	52.5348	31.9449	Novozybkov
8	52.5333	-56.3000	Port Hope Simpson
8	52.4999	78.1499	Sharbaqty
8	52.4997	73.0997	Bestobe
8	52.3666	-97.0333	Berens River
8	52.3330	-112.6833	Stettler
8	52.2667	-9.7167	Tralee
8	52.2583	-7.1119	Waterford
8	52.2500	10.5000	Braunschweig
8	52.2333	-78.5167	Eastmain
8	52.0300	8.5300	Bielefeld
8	51.8706	116.0306	Shilka
8	51.6300	-3.9500	Swansea
8	-51.5893	-72.2196	28 de Noviembre
8	51.5500	0.7200	Southend-on-Sea
8	51.5300	7.4500	Dortmund
8	51.5049	31.3015	Chernihiv
8	51.4700	-0.9800	Reading
8	51.4500	-2.5833	Bristol
8	51.4500	7.0166	Essen
8	51.4300	5.5000	Eindhoven
8	51.4300	6.7500	Duisburg
8	51.3687	42.0887	Borisoglebsk
8	51.3000	9.5000	Kassel
8	51.2827	108.8327	Petrovsk Zabaykalskiy
8	51.2743	37.3843	Gubkin
8	51.2500	7.1700	Wuppertal
8	51.2424	33.2090	Konotop
8	51.2423	-58.6470	St-Augustin
8	51.2000	58.3300	Novotroitsk
8	51.0300	3.7000	Gent
8	50.9701	11.0300	Erfurt
8	50.9333	-102.8000	Melville
8	50.9000	-1.4000	Southampton
8	50.8300	12.9200	Chemnitz
8	50.8000	15.0800	Liberec
8	50.7833	121.5167	Genhe
8	50.7300	-1.9001	Bournemouth
8	50.6850	17.9313	Opole
8	50.6333	-97.0000	Gimli
8	50.6316	81.9050	Shemonaikha
8	50.6300	5.5800	Liège
8	50.5799	72.5699	Osakarovka
8	50.5667	123.7167	Orongen Zizhiqi
8	50.5306	116.3006	Sherlovaya Gora
8	50.4943	30.7809	Brovary
8	50.4143	36.8944	Shebekino
8	50.3500	18.9100	Bytom
8	50.2833	2.7833	Arras
8	50.2666	10.9666	Coburg
8	50.1913	-61.8107	Natashquan
8	50.1500	-96.8833	Selkirk
8	50.0161	45.4261	Nikolayevsk
8	-49.9745	-68.9035	Comondante Luis Piedrabuena
8	49.9670	-55.5830	La Scie
8	49.8226	-64.3480	Port-Menier
8	49.7743	30.1309	Bila Tserkva
8	49.7224	-86.9419	Geraldton
8	49.6999	83.4249	Serebryansk
8	49.6666	-103.8500	Weyburn
8	49.5867	17.2568	Olomouc
8	49.5167	-115.7667	Cranbrook
8	49.4700	11.0000	Fürth
8	49.4249	27.0015	Khmelnytskyy
8	49.4200	8.7000	Heidelberg
8	49.4167	-82.4333	Kapuskasing
8	49.3444	23.4994	Drohobych
8	49.2227	-68.1580	Baie-Comeau
8	49.1744	-57.4269	Deer Lake
8	49.1666	-121.9500	Chilliwack
8	49.1000	-116.5167	Creston
8	49.1000	-66.6833	Cap-Chat
8	49.0986	-125.8621	Tofino
8	49.0873	140.2425	Vanino
8	49.0833	142.0333	Uglegorsk
8	49.0000	131.0833	Obluchye
8	49.0000	8.4000	Karlsruhe
8	48.9800	14.4600	České Budějovice
8	48.8000	-79.2000	La Sarre
8	-48.7666	-70.2500	Gobernador Gregores
8	48.7543	30.2109	Uman
8	48.7333	19.1500	Banská Bystrica
8	48.7194	37.5344	Kramatorsk
8	48.6843	26.5809	Kamyanets-Podilskyy
8	48.6300	22.2500	Uzhgorod
8	48.5666	-78.1167	Amos
8	48.5333	2.6666	Melun
8	48.5167	-2.7833	St.-Brieuc
8	48.3666	17.6000	Trnava
8	48.3500	10.9000	Augsburg
8	48.3318	40.2518	Kamensk Shakhtinskiy
8	48.2996	38.0547	Horlivka
8	48.2749	72.8599	Aqadyr
8	48.2500	-79.0332	Rouyn-Noranda
8	48.1122	-98.8597	Devils Lake
8	48.0297	37.9746	Makiyivka
8	48.0000	122.7200	Zalantun
8	47.9653	21.7187	Nyíregyháza
8	47.9283	33.3450	Kryvyy Rih
8	47.8333	-69.5333	Rivière-du-Loup
8	47.8160	16.2500	Wiener Neustadt
8	47.7738	-96.6077	Crookston
8	47.7700	39.9200	Novoshakhtinsk
8	47.6880	-114.1567	Polson
8	47.6482	53.3265	Maqat
8	47.6377	26.2593	Suceava
8	47.6018	126.0819	Baiquan
8	47.5000	-79.6666	New Liskeard
8	47.4800	-0.5300	Angers
8	47.4769	101.4502	Tsetserleg
8	47.4742	-115.9269	Wallace
8	47.4200	40.0800	Novocherkassk
8	47.2460	127.1060	Suileng
8	47.2300	38.9200	Taganrog
8	47.2300	6.0300	Besançon
8	47.2253	16.6287	Szombathely
8	47.2100	123.6100	Hulan Ergi
8	47.1947	18.4081	Székesfehérvár
8	47.1666	7.2500	Biel
8	47.1601	123.8000	Angangxi
8	47.1368	39.7448	Bataysk
8	47.1086	-104.7105	Glendive
8	47.0500	21.9200	Oradea
8	47.0473	142.0624	Kholmsk
8	46.9677	31.9843	Mykolayiv
8	46.9000	19.7000	Kecskemét
8	-46.8877	168.1666	Oban
8	46.8719	127.5118	Qingan
8	46.8500	9.5000	Chur
8	46.7568	36.7868	Berdyansk
8	46.7164	-122.9530	Centralia
8	46.6900	126.1000	Qinggang
8	46.5833	0.3333	Poitier
8	46.4558	-90.1594	Ironwood
8	46.4000	125.3200	Anda
8	46.3580	-94.2009	Brainerd
8	46.3000	30.6666	Illichivsk
8	46.2500	-83.5500	Thessalon
8	46.2114	-119.1361	Kennewick
8	46.1700	21.3200	Arad
8	46.1255	-67.8397	Houlton
8	46.1000	-60.7540	Baddeck
8	-46.0947	168.9604	Gore
8	46.0700	13.2400	Udine
8	46.0700	19.6800	Subotica
8	46.0333	4.0667	Roanne
8	46.0333	-73.4333	Joliette
8	45.9273	133.7223	Dalnerechensk
8	45.9000	6.1167	Annecy
8	45.8833	-72.4834	Drummondville
8	45.8225	-88.0641	Iron Mountain
8	45.8166	-64.2166	Amherst
8	45.8100	9.0800	Como
8	45.7971	24.1371	Sibiu
8	45.7800	3.0800	Clermont-Ferrand
8	45.7666	-74.0000	St.-Jerome
8	45.7318	-107.6125	Hardin
8	45.6966	27.1865	Focșani
8	-45.6834	-70.2666	Paso Río Mayo
8	45.6700	12.2400	Treviso
8	45.5833	-62.6333	New Glasgow
8	45.5000	124.3000	Daan
8	45.4877	64.0780	Zhosaly
8	45.4872	15.5478	Karlovac
8	45.4559	28.0459	Galați
8	45.4552	-123.8425	Tillamook
8	45.4500	8.6200	Novara
8	45.4471	40.5821	Kropotkin
8	-45.4074	167.7585	Te Anau
8	45.4000	-71.9000	Sherbrooke
8	45.3786	20.3995	Zrenjanin
8	45.3300	14.4500	Rijeka
8	45.3247	-118.0866	La Grande
8	45.2819	130.2519	Linkou
8	45.2157	-112.6840	Dillon
8	45.1993	28.7967	Tulcea
8	45.1660	-67.2424	Calais
8	45.1603	18.0156	Slavonski Brod
8	45.1565	26.8065	Buzău
8	45.1219	-95.0433	Willmar
8	45.0616	-83.4327	Alpena
8	-45.0333	-70.8333	Alto Rio Sanguer
8	44.9300	8.2100	Asti
8	44.8114	-91.4984	Eau Claire
8	44.7587	-108.7584	Powell
8	-44.6980	169.1449	Wanaka
8	44.6950	-73.4580	Plattsburgh
8	44.6500	10.9200	Modena
8	44.6459	22.6659	Drobeta-Turnu Severin
8	44.6201	41.9500	Nevinnomyssk
8	44.6100	40.1200	Maykop
8	44.6000	-79.4167	Orillia
8	44.5893	-75.6953	Brockville
8	44.5652	-80.9447	Owen Sound
8	44.5519	-69.6458	Waterville
8	44.4687	39.7287	Apsheronsk
8	44.3508	-103.7658	Lead
8	44.3000	-78.3333	Peterborough
8	44.2905	-93.2680	Faribault
8	44.2700	123.9900	Changling
8	44.2687	-88.4005	Appleton
8	44.2600	-72.5758	Montpelier
8	44.2200	17.9200	Zenica
8	44.1667	-77.3833	Belleville
8	44.1636	-93.9992	Mankato
8	44.1623	133.2823	Arsenyev
8	44.1616	79.9801	Zharkent
8	44.1599	43.4699	Georgievsk
8	44.0800	43.0900	Pyatigorsk
8	44.0519	-122.9780	Springfield
8	44.0400	-64.7200	Liverpool
8	-44.0327	-176.3508	Waitangi
8	44.0266	-116.9619	Ontario
8	44.0200	20.9200	Kragujevac
8	43.9851	-90.5039	Tomah
8	43.9100	42.7200	Kislovodsk
8	43.8800	-78.8500	Oshawa
8	43.8014	-91.2394	La Crosse
8	43.7543	44.6544	Mozdok
8	43.7508	-87.7144	Sheboygan
8	43.6478	-93.3687	Albert Lea
8	43.5945	-83.8889	Bay City
8	43.5300	-5.6700	Gijón
8	43.5200	5.4500	Aix-en-Provence
8	43.5165	68.5199	Kentau
8	43.4733	-1.5616	Biarritz
8	43.4500	-80.5000	Kitchener
8	43.3691	77.4438	Esik
8	43.3341	76.8288	Boralday
8	43.2700	26.9294	Shumen
8	-43.2500	-65.3300	Trelew
8	43.2333	0.0833	Tarbes
8	43.2100	23.5625	Vratsa
8	43.1453	-95.1472	Spencer
8	43.1349	133.1349	Partizansk
8	43.0830	-73.7850	Saratoga Springs
8	43.0117	-88.2314	Waukesha
8	42.9700	-81.2500	London
8	42.9666	-82.4000	Sarnia
8	42.8823	129.5128	Yanji
8	42.8500	-2.6700	Vitoria
8	42.8330	-108.7326	Lander
8	42.8306	73.8857	Kara Balta
8	42.8299	75.2846	Tokmak
8	-42.7700	-65.0400	Puerto Madryn
8	42.7000	2.9000	Perpignan
8	42.6826	-89.0216	Janesville
8	42.6794	26.3300	Sliven
8	42.6513	77.0811	Cholpon Ata
8	-42.6371	-73.7940	Chonchi
8	42.6100	23.0227	Pernik
8	42.5800	-5.5700	León
8	42.5358	-113.7919	Burley
8	42.5225	-70.8831	Salem
8	42.5068	-94.1803	Ft. Dodge
8	-42.4808	-73.7623	Castro
8	42.4482	-73.2598	Pittsfield
8	42.4047	59.4517	Khujayli
8	-42.4012	173.6897	Kaikoura
8	42.3211	-85.1797	Battle Creek
8	42.3167	59.1667	Koneurgench
8	42.2697	-89.0697	Rockford
8	42.2500	42.7300	Kutaisi
8	42.2325	43.9750	Tskhinvali
8	42.2293	20.7501	Prizren
8	42.1899	69.8799	Lenger
8	42.1540	24.7540	Plovdiv
8	42.1200	-72.5800	Springfield
8	42.1166	-86.4542	Benton Harbor
8	42.1014	-102.8702	Alliance
8	-42.0500	-71.1666	El Maitén
8	42.0483	-87.7000	Evanston
8	42.0395	-88.2899	Elgin
8	42.0092	20.9701	Tetovo
8	41.9033	12.4534	Vatican City
8	41.9000	126.4300	Baishan
8	41.8100	120.7600	Beipiao
8	-41.7605	-73.1947	Calbuco
8	41.7002	-73.9214	Poughkeepsie
8	41.6833	-86.2500	South Bend
8	41.6829	-85.9688	Elkhart
8	41.6800	125.7500	Tonghua
8	41.6611	-91.5300	Iowa City
8	41.6561	-70.9447	New Bedford
8	41.5550	-8.4213	Braga
8	41.5507	69.6807	Iskandar
8	41.5500	-73.0500	Waterbury
8	41.5494	113.5339	Shangdu
8	41.5400	2.4500	Mataró
8	41.5300	-88.1067	Joliet
8	41.4934	-90.5346	Rock Island
8	41.4550	69.5600	Chirchiq
8	41.4263	75.9911	Naryn
8	41.4067	27.3552	Lüleburgaz
8	41.3747	-83.6514	Bowling Green
8	41.3555	-72.1000	New London
8	-41.3300	-72.9900	Puerto Varas
8	41.3200	16.2700	Barletta
8	-41.3000	-69.5833	Ingeniero Jacobacci
8	-41.2805	174.0166	Picton
8	41.2411	-77.0014	Williamsport
8	-41.2037	174.9123	Lower Hutt
8	41.2000	32.6000	Karabük
8	41.1454	126.2958	Manpo
8	-41.1219	174.8524	Porirua
8	41.1215	20.0838	Elbasan
8	41.0955	111.4408	Wuchuan
8	41.0600	14.3374	Caserta
8	41.0533	-73.5392	Stamford
8	-41.0333	-70.2666	Comallo
8	41.0307	73.2058	Kok Yangak
8	41.0208	40.5219	Rize
8	41.0129	-92.4148	Ottumwa
8	40.9478	-90.3711	Galesburg
8	40.9412	24.4018	Kavala
8	40.9223	-98.3580	Grand Island
8	40.9200	-74.1700	Paterson
8	-40.9034	174.9989	Paraparaumu
8	40.8847	107.1400	Hanggin Houqi
8	40.8486	25.8744	Alexandroupoli
8	40.8255	125.8008	Chosan
8	40.8175	128.1553	Kimhyonggwon
8	40.8128	44.4883	Vanadzor
8	40.7894	43.8475	Gyumri
8	40.7583	-82.5155	Mansfield
8	40.7519	-80.3194	Beaver Falls
8	40.7007	-99.0811	Kearney
8	40.6850	46.3500	Ganca
8	40.6172	47.1500	Yevlax
8	40.6000	-75.5000	Allentown
8	40.5944	115.0243	Xuanhua
8	40.5800	49.6300	Sumqayt
8	40.5583	-85.6592	Marion
8	40.5200	34.9500	Corum
8	40.5186	-78.3950	Altoona
8	40.4957	68.7907	Guliston
8	40.4774	19.4982	Vlorë
8	40.4192	-104.7400	Greeley
8	40.4172	-86.8782	Lafayette
8	-40.3400	-72.9600	Río Bueno
8	40.2922	70.4272	Konibodom
8	-40.2900	-73.0900	La Unión
8	40.2833	-7.5000	Covilhã
8	40.1937	-92.5828	Kirksville
8	-40.1000	-64.4333	General Conesa
8	40.0378	-76.3058	Lancaster
8	39.9403	-82.0133	Zanesville
8	39.9200	-83.8000	Springfield
8	39.9007	66.2608	Kattaqorgon
8	39.8300	97.7300	Yumen
8	39.8289	-84.8903	Richmond
8	39.7192	-82.6053	Lancaster
8	39.7103	-111.8355	Nephi
8	39.6959	-104.8085	Aurora
8	39.6416	-77.7203	Hagerstown
8	39.6259	121.9960	Wafangdian
8	39.5842	32.1472	Polatlı
8	-39.5795	174.2780	Hawera
8	39.5466	-107.3247	Glenwood Springs
8	39.5401	115.7900	Zhuozhou
8	-39.4833	-62.6833	Pedro Luro
8	39.4666	-87.4139	Terre Haute
8	39.4362	53.1226	Celeken
8	39.4236	125.9390	Sunchon
8	39.4200	29.9300	Kütahya
8	39.4007	67.2607	Urgut
8	39.3813	127.2517	Munchon
8	-39.3700	-72.6300	Loncoche
8	39.3700	22.9500	Volos
8	39.3485	-101.7110	Goodland
8	39.3078	-123.7994	Mendocino
8	39.2833	-80.3369	Clarksburg
8	-39.2800	-72.2300	Villarica
8	39.2667	-81.5616	Parkersburg
8	-39.2666	-65.6833	Choele Choel
8	39.2320	117.7770	Hangu
8	-39.2166	-73.2123	Toltén
8	39.1940	-96.5924	Manhattan
8	39.1581	-75.5247	Dover
8	39.1136	-94.6301	Kansas City
8	39.0911	-94.4153	Independence
8	39.0833	17.1233	Crotone
8	39.0282	127.5186	Anbyon
8	-39.0200	-67.6100	General Roca
8	-38.9889	175.8142	Turangi
8	38.9783	-76.4925	Annapolis
8	38.9755	56.2778	Serdar
8	38.9598	-95.2552	Lawrence
8	-38.9400	-69.2400	Cutral Có
8	-38.8800	-62.0800	Punta Alta
8	38.8794	-99.3222	Hays
8	38.7725	-112.0833	Richfield
8	-38.7400	-72.9600	Nueva Imperial
8	38.6800	39.2300	Elâzığ
8	38.6666	16.1000	Vibo Valentia
8	38.6031	-76.9389	St. Charles
8	38.5066	42.2816	Tatvan
8	38.4829	47.0629	Ahar
8	38.4494	-78.8692	Harrisonburg
8	-38.4333	-71.2333	Lonquimay
8	-38.3700	-60.2699	Tres Arroyos
8	38.3109	-85.8213	New Albany
8	38.2772	67.8872	Denow
8	38.2517	125.1021	Changyon
8	-38.2245	175.8705	Tokoroa
8	38.1150	15.6414	Reggio di Calabria
8	38.1119	-122.2581	Vallejo
8	38.0833	-3.6334	Linares
8	38.0670	-117.2290	Tonopah
8	38.0655	-97.9235	Hutchinson
8	38.0517	58.2100	Buzmeyin
8	37.9752	-100.8641	Garden City
8	37.9640	126.5644	Kaesong
8	-37.9600	-72.4300	Collipulli
8	37.9500	23.7000	Piraeus
8	-37.8894	175.4703	Cambridge
8	37.8747	127.7342	Chuncheon
8	37.8739	-122.2712	Berkeley
8	37.8700	113.5700	Yangquan
8	37.8500	27.8500	Aydın
8	37.8373	68.7713	Qurghonteppa
8	-37.8333	-58.2500	Balcarce
8	-37.8022	-72.7055	Angol
8	-37.8000	-67.6833	25 de Mayo
8	37.7939	-80.3035	White Sulphur Springs
8	37.7700	30.5300	Isparta
8	37.7200	115.7000	Hengshui
8	-37.6700	-72.0200	Santa Bárbara
8	37.6100	36.9450	Kahramanmaraş
8	37.5744	43.7408	Hakkâri
8	37.5406	-122.3032	San Mateo
8	37.5300	45.0000	Urmia
8	-37.4800	-73.3400	Curanilahue
8	37.4700	57.3200	Bojnurd
8	-37.4666	-61.9166	Coronel Suárez
8	37.4100	140.3800	Kōriyama
8	37.3786	60.4960	Tejen
8	37.3551	127.9396	Wonju
8	37.3481	126.8595	Ansan
8	37.3327	-87.5022	Madisonville
8	37.3058	-89.5181	Cape Girardeau
8	37.2294	-80.4142	Blacksburg
8	37.2278	-77.4022	Petersburg
8	37.2164	28.3639	Muğla
8	-37.2015	174.9033	Pukekohe
8	-37.1384	175.5853	Thames
8	37.1289	-84.0834	London
8	37.0750	41.2184	Nusaybin
8	37.0300	-76.3500	Hampton
8	37.0300	41.2300	Al Qamishli
8	-37.0299	-73.1600	Coronel
8	36.9353	127.6897	Eumseong
8	36.9300	14.7300	Ragusa
8	36.8655	-87.4886	Hopkinsville
8	36.8000	34.6200	Icel
8	36.7542	-108.1861	Farmington
8	36.7472	-95.9806	Bartlesville
8	-36.7167	-73.1167	Talcahuano
8	36.7000	137.2300	Toyama
8	36.6700	137.0000	Takaoka
8	36.6700	48.5000	Zanjan
8	36.6580	65.7383	Sheberghan
8	36.6439	127.5012	Cheongju
8	36.5888	37.0441	Izaz
8	36.5500	139.8700	Utsunomiya
8	36.5483	-82.5619	Kingsport
8	36.5266	37.9563	Manbij
8	36.5166	-4.8833	Marbella
8	36.4833	40.7500	Al Hasakah
8	36.4229	54.9629	Shahrud
8	36.3955	-97.8781	Enid
8	36.3927	139.0727	Maebashi
8	-36.3300	-57.6900	Dolores
8	36.3133	-82.3536	Johnson City
8	-36.2800	-72.5300	Quirihue
8	36.2200	58.8200	Neyshabur
8	36.1354	-97.0683	Stillwater
8	36.1319	-5.4527	Algeciras
8	36.0608	-102.5186	Dalhart
8	36.0571	-90.5029	Paragould
8	36.0000	-78.9200	Durham
8	35.9900	119.3801	Zhucheng
8	-35.9751	-72.3136	Cauquenes
8	35.9511	68.7011	Pol-e Khomri
8	35.9410	126.9454	Iksan
8	35.9380	-77.7908	Rocky Mount
8	35.9297	36.6317	Idlib
8	35.9177	139.4911	Kawagoe
8	-35.8507	-71.5914	Linares
8	35.8428	129.2117	Gyeongju
8	35.8367	38.5481	Madinat ath Thawrah
8	35.7619	-119.2431	Delano
8	35.6708	-80.4745	Salisbury
8	35.6577	139.3261	Hachiōji
8	35.6266	-120.6900	Paso Robles
8	35.6150	-87.0353	Columbia
8	35.6000	103.2000	Linxia
8	35.5970	-105.2225	Las Vegas
8	35.5400	35.7800	Latakia
8	35.5300	139.7050	Kawasaki
8	35.5122	24.0156	Hania
8	-35.4460	-60.8900	Nueve de Julio
8	-35.4300	-60.1800	Veinticinco de Mayo
8	35.3166	51.6466	Varamin
8	35.3000	47.0200	Sanandaj
8	-35.2285	173.9507	Kerikeri
8	35.2229	-89.8411	Barlett
8	35.2191	128.5836	Changwon
8	35.1250	33.9500	Famagusta
8	-35.1099	173.2727	Kaitaia
8	35.0064	135.8674	Ōtsu
8	-34.9700	-54.9500	Punta del Este
8	34.9689	-90.0035	Southaven
8	34.9494	-81.9323	Spartanburg
8	34.9330	-95.7660	McAlester
8	-34.9100	-54.9600	Maldonado
8	-34.9000	-60.0400	Chivilcoy
8	-34.8800	-61.5399	Lincoln
8	34.8219	-102.3986	Hereford
8	34.7997	-87.6772	Florence
8	34.7953	109.9378	Dali
8	34.7697	-84.9703	Dalton
8	34.6720	133.9171	Okayama
8	-34.6700	-54.1700	La Paloma
8	-34.6600	-59.4400	Mercedes
8	-34.6500	-60.4900	Chacabuco
8	34.6272	-79.0119	Lumberton
8	-34.5800	-70.9900	San Fernando
8	34.4983	-114.3083	Lake Havasu City
8	34.4868	62.5918	Karokh
8	-34.4700	-56.4000	Santa Lucía
8	34.4249	-100.2139	Childress
8	-34.3800	-72.0000	Pichilemu
8	34.3800	118.3500	Xinyi
8	-34.3700	-55.2300	Minas
8	34.3447	134.0448	Takamatsu
8	34.3418	73.1968	Mansehra
8	34.3200	48.8500	Malayer
8	34.3000	74.4667	Sopore
8	34.2000	72.0400	Mardan
8	-34.2000	-54.7500	Aiguá
8	34.1811	-97.1294	Ardmore
8	-34.1600	-58.9600	Campana
8	34.1511	-99.2904	Vernon
8	34.1495	73.1995	Abbottabad
8	34.0674	134.5525	Tokushima
8	33.9654	130.9454	Shimonoseki
8	33.9556	-84.5432	Marietta
8	33.9419	-117.3980	Riverside
8	33.9200	48.8000	Borujerd
8	33.8992	70.1008	Parachinar
8	33.7436	45.5464	Mandali
8	33.6027	71.4327	Kohat
8	-33.6000	-70.7000	San Bernardo
8	33.5833	36.4000	Douma
8	33.5700	114.0300	Luohe
8	33.5630	35.3688	Saida
8	33.5354	-112.1745	Glendale
8	-33.5200	-53.3700	Santa Vitória do Palmar
8	33.4968	-80.8622	Orangeburg
8	-33.4700	-55.1200	José Batlle y Ordóñez
8	-33.4200	151.3000	Central Coast
8	33.4200	43.3000	Ar Ramadi
8	33.4148	-111.8210	Mesa
8	-33.3300	-60.2400	San Nicolas
8	-33.2300	-54.3800	Treinta y Tres
8	-33.2300	-60.3500	Villa Constitución
8	-33.1500	-59.3400	Gualeguay
8	33.1336	-107.2529	Truth or Consequences
8	-33.0700	-68.4900	San Martín
8	33.0365	-85.0319	La Grange
8	-33.0249	-71.5571	Viña del Mar
8	-32.9300	-53.9500	Vergara
8	-32.8800	-71.2600	Quillota
8	32.8794	-111.7566	Casa Grande
8	32.8338	-109.7069	Safford
8	-32.8250	-68.8017	Las Heras
8	-32.8100	-56.5100	Paso de los Toros
8	32.7786	44.2900	Al Musayyib
8	-32.7500	-70.7200	San Felipe
8	32.6848	-97.0202	Arlington
8	32.6719	-117.0980	National City
8	-32.6100	-60.1800	Victoria
8	32.6097	-85.4808	Auburn
8	-32.6000	-62.6800	Bell Ville
8	-32.5931	-69.3460	Uspallata
8	32.5800	74.0800	Gujrat
8	32.5700	110.7800	Shiyan
8	32.5500	35.8500	Irbid
8	32.5200	74.5600	Sialkote
8	32.5200	111.5000	Danjiangkou
8	32.5005	-94.7403	Longview
8	-32.4800	-58.2400	Concepción del Uruguay
8	-32.4600	-71.2400	La Ligua
8	-32.4100	-63.2600	Villa María
8	32.4000	119.4300	Yangzhou
8	32.3642	-88.7036	Meridian
8	32.3515	-97.3925	Cleburne
8	32.2611	-107.7558	Deming
8	32.2432	-101.4752	Big Spring
8	-32.1833	-64.4833	Villa Rumipal
8	32.0700	36.1000	Az Zarqa
8	32.0392	35.7272	As Salt
8	31.9889	44.9240	Ad Diwaniyah
8	31.9800	49.2999	Masjed Soleyman
8	-31.7333	-60.5333	Paraná
8	31.7200	73.9900	Sheikhu Pura
8	31.7200	72.9800	Chiniot
8	-31.7100	-55.9800	Tacuarembó
8	31.7079	-98.9823	Brownwood
8	31.6974	-89.1393	Laurel
8	-31.6600	-64.4300	Alta Gracia
8	31.5406	35.0956	Al Khalil
8	31.5200	75.9800	Hoshiarpur
8	-31.4300	-62.0900	San Francisco
8	-31.4200	-64.5000	Villa Carlos Paz
8	31.4175	46.1772	Ash Shatrah
8	31.3833	130.8500	Kanoya
8	-31.3700	-51.9800	São Lourenço do Sul
8	-31.3500	-66.6000	Chepes
8	31.2700	113.6700	Anlu
8	-31.2500	-61.5000	Rafaela
8	31.2500	34.8300	Beer Sheva
8	31.2138	-82.3549	Waycross
8	-31.2000	-55.7500	Tranqueras
8	-31.1800	-71.0000	Combarbalá
8	31.1333	104.4000	Deyang
8	31.1000	-107.9800	Ascensión
8	31.1000	77.1666	Simla
8	31.0425	-104.8322	Van Horn
8	-30.8800	-55.5300	Santana do Livramento
8	30.7641	-116.0093	Vicente Guerrero
8	30.7542	-86.5726	Crestview
8	-30.7300	-57.3200	Baltasar Brum
8	30.6742	-96.3697	Bryan
8	30.6717	73.1118	Sahiwal
8	30.6258	-110.9680	Magdalena
8	30.4200	-109.6500	Nacozari de García
8	-30.4160	-56.4860	Artigas
8	30.3892	47.7080	Az Aubayr
8	-30.3800	-56.4599	Quaraí
8	30.3773	76.7918	Ambala
8	30.3607	-103.6650	Alpine
8	-30.3200	-54.3200	São Gabriel
8	30.3200	112.2300	Jingzhou
8	30.2750	-89.7811	Slidell
8	-30.2500	-54.9200	Rosário do Sul
8	30.2264	-93.2172	Lake Charles
8	30.1897	-82.6397	Lake City
8	30.1586	-85.6553	Panama City
8	-30.1000	145.9333	Bourke
8	-30.0300	-52.9100	Cachoeira do Sul
8	30.0036	-91.8183	New Iberia
8	29.9839	-90.1528	Metairie
8	-29.9200	-51.1800	Canoas
8	29.8831	-97.9411	San Marcos
8	-29.8800	-50.2700	Osório
8	29.8153	39.8664	Dawmat al Jandal
8	29.8014	52.8215	Marv Dasht
8	29.7558	-94.9677	Baytown
8	-29.7100	-52.4400	Santa Cruz do Sul
8	29.6978	-98.1263	New Braunfels
8	29.6609	-95.1477	Pasadena
8	29.6477	-81.6513	Palatka
8	29.5380	-81.2233	Palm Coast
8	29.4850	77.6950	Muzaffarnagar
8	29.4700	55.7300	Sirjan
8	29.4109	-94.9628	Texas City
8	-29.3600	-50.8100	Canela
8	29.3375	47.6581	Al Jahra
8	-29.2465	-177.9264	Raoul Island Station
8	29.1700	75.7250	Hisar
8	29.0769	48.0838	Al Ahmadi
8	29.0000	77.0200	Sonipat
8	28.9500	89.6333	Gyangze
8	-28.9400	-49.5000	Araranguá
8	28.9000	76.5800	Rohtak
8	-28.8666	-66.2333	Chumbicha
8	28.8500	121.1200	Linhai
8	28.8105	-81.8833	Leesburg
8	28.8100	76.1250	Bhiwani
8	28.7900	-81.2800	Sanford
8	28.7437	77.7628	Hapur
8	28.6500	121.2500	Huangyan
8	28.6400	79.8100	Pilibhit
8	-28.4800	-49.0200	Tubarão
8	-28.4800	-48.7800	Laguna
8	28.4789	-82.5477	Spring Hill
8	28.4500	77.0200	Gurgaon
8	28.4202	70.2952	Rahim Yar Khan
8	28.4104	77.8484	Bulandshahr
8	-28.4100	-54.9600	São Luiz Gonzaga
8	28.3300	-100.8500	Allende
8	-28.3000	-54.2800	Santo Ângelo
8	-28.2900	-52.8000	Carazinho
8	-28.1200	-58.7700	San Lorenzo
8	28.0833	-80.6083	Melbourne
8	-28.0666	-67.5666	Tinogasta
8	28.0300	79.0900	Budaun
8	28.0219	-81.7330	Winter Haven
8	27.9500	-101.2200	Nueva Rosita
8	27.7505	-98.0705	Alice
8	27.6666	85.3333	Lalitpur
8	-27.6300	-52.2700	Erechim
8	27.6000	78.0500	Hathras
8	-27.5833	-60.7167	Villa Ángela
8	27.5800	-109.9300	Esperanza
8	27.5516	80.6832	Sitapur
8	27.5000	77.6700	Mathura
8	-27.4900	-58.8100	Corrientes
8	-27.4800	-70.2800	Tierra Amarilla
8	27.4167	85.0334	Hetauda
8	-27.3472	-55.8739	Encarnación
8	27.3333	88.6166	Gangtok
8	-27.2300	-52.0300	Concórdia
8	-27.1700	-56.2500	Coronel Bogado
8	-27.1700	-51.5000	Joaçaba
8	27.1500	78.3949	Firozabad
8	-27.1300	-48.9300	Brusque
8	27.0000	-82.1057	Port Charlotte
8	26.9334	-105.6666	Hidalgo del Parral
8	-26.9200	-49.0900	Blumenau
8	-26.7900	-60.4500	Presidencia Roque Saenz Pena
8	-26.7700	-51.0200	Caçador
8	26.7500	94.2167	Jorhat
8	-26.6800	-57.1500	San Juan Bautista
8	-26.6800	153.0500	Sunshine Coast
8	26.5196	50.0115	Al-Qatif
8	-26.5166	-61.1666	Pampa del Infierno
8	26.5100	-100.1800	Sabinas Hidalgo
8	-26.4800	-52.0000	Palmas
8	-26.4800	-49.1000	Jaraguá do Sul
8	26.4500	74.6400	Ajmer
8	26.2914	50.1583	Az Zahran
8	26.2708	-80.2708	Coral Springs
8	26.2300	117.5800	Sanming
8	-26.2167	-65.2833	Trancas
8	26.2030	-98.2297	McAllen
8	-26.2000	-56.3800	Caazapá
8	-26.2000	-54.6000	Eldorado
8	26.1976	-97.6902	Harlingen
8	-26.1800	-50.4000	Canoinhas
8	-26.1000	-49.7900	Rio Negro
8	26.0800	-98.3000	Reynosa
8	-26.0200	-54.7699	Ñacunday
8	26.0133	-111.3517	Loreto
8	25.9700	113.4000	Zixing
8	25.8099	-80.1318	Miami Beach
8	-25.7600	-49.7300	Lapa
8	-25.6200	-57.1600	Paraguarí
8	25.5701	-103.5000	Gómez Palacio
8	-25.5700	-49.1800	São José dos Pinhais
8	25.5653	55.5533	Umm al Qaywayn
8	-25.5279	-48.5345	Paranaguá
8	-25.4700	-50.6600	Irati
8	25.4683	-80.4778	Homestead
8	-25.4500	-56.4400	Coronel Oviedo
8	25.4291	49.5659	Al Mubarraz
8	-25.4100	-57.2800	Ypacaraí
8	-25.3800	-51.4800	Guarapuava
8	25.3714	55.4065	Sharjah
8	-25.3400	-57.5200	San Lorenzo
8	-25.3333	-59.6833	Comandante Fontana
8	25.1900	-99.8400	Montemorelos
8	-25.0900	-57.5300	Villa Hayes
8	-25.0833	-64.1834	Joaquín V. González
8	-25.0500	-57.0900	Arroyos y Esteros
8	25.0400	-111.6600	Ciudad Constitución
8	25.0364	101.5456	Chuxiong
8	25.0333	98.4666	Tengchong
8	24.9889	121.3111	Taoyuan
8	24.9762	55.0107	Jabal Ali
8	24.9036	91.8736	Sylhet
8	-24.7900	-50.0100	Castro
8	24.7500	121.7500	Yilan
8	-24.6666	-65.0500	General Guemes
8	24.6360	-107.9162	Altata
8	24.5200	-104.7800	Canatlan
8	-24.4900	-47.8400	Registro
8	-24.3300	-50.6200	Telêmaco Borba
8	24.2500	89.9200	Tangail
8	-24.1800	-46.8000	Itanhaem
8	24.0943	38.0493	Yanbu al Bahr
8	-24.0900	-57.0800	San Pedro
8	-24.0900	-54.2700	Guaira
8	24.0737	45.2806	Al Quwayiyah
8	23.9167	120.6833	Nantou
8	-23.9100	-55.4600	Ype Jhu
8	-23.9000	-61.8500	Ingeniero Guillermo N. Juarez
8	23.7075	120.5439	Douliou
8	23.6800	116.6300	Chaozhou
8	-23.6528	-46.5278	Santo André
8	-23.5900	-48.0400	Itapetininga
8	-23.5500	-51.4700	Apucarana
8	23.4895	46.7564	Al Hillah
8	23.4611	120.2419	Puzi
8	-23.4300	-58.8600	Pozo Colorado
8	-23.4167	-66.4833	Susques
8	-23.4100	-51.4301	Arapongas
8	23.3619	103.4061	Mengzi
8	-23.3500	-47.8600	Tatuí
8	23.3032	57.9782	Alayat Samail
8	-23.2600	-47.3000	Itu
8	-23.2000	-65.3499	Humahuaca
8	-23.2000	-46.8800	Jundiaí
8	-23.2000	-45.8799	São José dos Campos
8	23.2000	-106.2300	Villa Unión
8	-23.1599	-49.9800	Jacarezinho
8	-23.1100	-48.9300	Avaré
8	23.0800	114.4000	Huizhou
8	-23.0503	-59.8499	Fortin Falcon
8	-22.9700	-49.8700	Ourinhos
8	-22.9527	-46.5334	Bragança Paulista
8	-22.9200	-45.4700	Pindamonhangaba
8	22.8911	-82.4991	San Antonio de los Baños
8	-22.8900	-42.0400	Cabo Frio
8	-22.8825	-43.1058	Niterói
8	22.8361	-82.0280	Güines
8	-22.8200	-45.1900	Guaratinguetá
8	-22.7964	-43.3056	Duque de Caxias
8	-22.7551	-43.4452	Nova Iguaçu
8	-22.7499	-47.3300	Americana
8	22.7334	-98.9500	Ciudad Mante
8	-22.7297	-47.6411	Piracicaba
8	-22.7167	-65.7000	Abra Pampa
8	-22.6400	-57.7900	Puerto Pinasco
8	-22.5600	-44.1700	Barra Mansa
8	-22.5500	-63.8100	Tartagal
8	-22.5300	-55.7300	Ponta Porã
8	22.5158	-79.4722	Caibarién
8	-22.4800	-62.3000	Doctor Pedro P. Peña
8	-22.4100	-47.5600	Rio Claro
8	-22.3800	-41.7900	Macaé
8	-22.3500	-69.6700	María Elena
8	22.3500	-102.8800	Villanueva
8	-22.3200	-68.9300	Chuquicamata
8	22.3189	-97.8361	Ciudad Madero
8	22.3158	-79.6555	Placetas
8	-22.2200	-45.9400	Pouso Alegre
8	-22.2200	-49.6600	Garça
8	-22.2100	-49.9500	Marília
8	-22.1200	-51.3900	Presidente Prudente
8	-22.0300	-63.7000	Yacuíba
8	-22.0200	-47.8900	São Carlos
8	22.0000	-99.6700	Cardenas
8	-21.9900	-47.4300	Pirassununga
8	-21.9800	-46.7900	São João da Boa Vista
8	21.9800	-99.0200	Ciudad Valles
8	-21.9300	-50.5200	Tupã
8	21.9300	-99.9800	Rio Verde
8	21.8400	-78.7619	Ciego de Ávila
8	21.8200	-105.2200	Santiago Ixcuintla
8	-21.7800	-46.5700	Poços de Caldas
8	-21.6100	-55.1800	Maracaju
8	-21.5300	-42.6400	Leopoldina
8	-21.5300	-64.1900	Entre Ríos
8	-21.4799	-56.1500	Jardim
8	-21.4799	-64.7700	San Lorenzo
8	-21.4100	-42.2000	Miracema
8	-21.4100	-50.0800	Penápolis
8	-21.2900	-46.7099	Guaxupé
8	21.2622	40.3823	At Taif
8	-21.2500	-48.3300	Jaboticabal
8	-21.2200	-43.7700	Barbacena
8	-21.1400	-48.9800	Catanduva
8	-21.1300	-44.2500	São João del Rei
8	-21.1300	-42.3900	Muriaé
8	21.1000	-89.2800	Motul
8	21.0200	75.8300	Bhusawal
8	-20.8900	-47.5900	Batatais
8	-20.8500	-41.1300	Cachoeiro de Itapemirim
8	-20.7900	-51.7200	Três Lagoas
8	-20.7665	-67.7833	Villa Martin
8	20.7197	70.9904	Diu
8	-20.7100	-46.6100	Passos
8	20.6760	-101.3509	Irapuato
8	-20.6700	-43.7900	Conselheiro Lafaiete
8	20.6562	58.8768	Hilf
8	-20.5500	-48.5800	Barretos
8	20.5300	-100.8000	Celaya
8	-20.5200	-62.2100	General Eugenio Alejandrino Garay
8	20.4800	-90.0800	Halachó
8	-20.4600	-45.4300	Formiga
8	-20.4600	-66.8300	Uyuni
8	-20.4500	-63.5300	Cuevo
8	20.3800	-100.0000	San Juan del Río
8	20.2666	73.0166	Silvassa
8	20.2172	-75.9988	Palma Soriano
8	20.2166	-96.7834	Nautla
8	20.2000	-89.2800	Tekax
8	20.1300	-88.9200	Peto
8	-20.0600	-44.5700	Itaúna
8	-20.0300	-48.9400	Frutal
8	20.0087	42.5987	Qal at Bishah
8	-19.9800	-43.8500	Nova Lima
8	-19.7900	-42.1400	Caratinga
8	19.7700	-104.3700	Autlan
8	-19.7300	-50.2000	Iturama
8	19.6800	-100.5700	Ciudad Hidalgo
8	-19.5600	-65.4500	Betanzos
8	19.5300	-96.9200	Xalapa
8	19.4100	-99.0300	Nezahualcoyotl
8	19.3200	-98.2300	Tlaxcala
8	19.3000	-70.2500	San Francisco de Macorís
8	19.2502	73.1602	Kalyan
8	19.2166	-70.5166	La Vega
8	-19.1800	-64.9200	Tarabuco
8	-19.1167	-70.1333	Cuya
8	19.0800	-102.3500	Apatzingán
8	-19.0660	-169.9136	Alofi
8	-18.9700	-49.4600	Ituiutaba
8	18.9000	-98.4500	Atlixco
8	18.8500	-97.1300	Orizaba
8	-18.7800	-42.9500	Guanhães
8	-18.6400	-48.2000	Araguari
8	-18.4700	-66.5700	Uncia
8	18.4666	-71.4166	Neiba
8	-18.4200	-66.6400	Llallagua
8	18.4000	-93.2300	Paraíso
8	18.3700	-99.5400	Iguala
8	-18.2400	-43.6100	Diamantina
8	18.2000	-98.0500	Acatlan
8	-18.1800	-47.9500	Catalão
8	-18.1800	-63.7700	Samaipata
8	17.9833	-76.9500	Spanish Town
8	17.9666	-77.2333	May Pen
8	17.9400	-94.7400	Jaltipan
8	-17.8400	-40.3500	Nanuque
8	17.8000	-91.5300	Balancán
8	-17.7300	-49.1100	Morrinhos
8	-17.5900	-65.9300	Cliza
8	-17.5500	-65.8400	Punata
8	17.5500	-99.5000	Chilpancingo
8	17.5065	44.1316	Najran
8	-17.4000	-66.2800	Quillacollo
8	-17.4000	-63.7300	San Carlos
8	-17.3600	-63.4000	Portachuelo
8	-17.3300	-67.7300	Sica Sica
8	17.2500	-100.6800	Tecpan
8	17.2000	-100.4300	Atoyac
8	-17.0200	-72.0200	Mollendo
8	-16.9800	-67.2200	Quime
8	16.9700	-88.2200	Dangriga
8	-16.8700	-64.7800	Puerto Villarroel
8	-16.7700	-47.6100	Cristalina
8	16.7500	-92.6334	San Cristobal de Las Casas
8	-16.6500	-49.5000	Trindade
8	-16.6500	-68.2999	Viacha
8	-16.4500	-51.1300	Iporá
8	16.4300	-95.0200	Juchitan
8	-16.3600	-49.5000	Inhumas
8	16.3300	-96.6000	Miahuatlán
8	-16.2800	-39.0300	Santa Cruz Cabrália
8	16.2000	-89.4400	San Luis
8	-16.1700	-40.7000	Almenara
8	-16.0833	-68.6666	Achacachi
8	-16.0500	-57.5100	Cáceres
8	-16.0200	-49.8100	Itaberaí
8	15.8307	-88.7562	Livingston
8	-15.7900	-68.6601	Sorata
8	-15.6500	-56.1400	Várzea Grande
8	-15.4700	-69.4300	Putina
8	15.4700	-90.3800	Cobán
8	15.3300	-92.6300	Escuintla
8	-15.3033	-49.6052	Ceres
8	-15.2500	-40.2500	Itapetinga
8	14.7700	-88.7800	Santa Rosa de Copán
8	14.7593	49.6092	Ash Shihr
8	-14.7000	-74.1300	Puquio
8	14.5575	44.3875	Dhamar
8	-14.4600	-72.0800	Santo Tomas
8	-14.4600	-67.5600	Rurrenabaque
8	-14.3000	-39.3300	Ubaitaba
8	14.2900	-89.9000	Jutiapa
8	-14.2100	-41.6700	Brumado
8	13.9759	44.1709	Ibb
8	13.8800	-88.6300	Sensuntepeque
8	-13.7600	-65.5800	Santa Ana
8	13.7200	-89.7300	Sonsonate
8	-13.5800	-63.5801	Baures
8	-13.5300	-39.9700	Jaguaquara
8	13.5300	-87.4900	Nacaome
8	13.4833	-88.1833	San Miguel
8	-13.3042	-72.1166	Urubamba
8	13.0900	-86.3600	Estelí
8	12.4700	-85.6600	Boaco
8	12.1100	-85.3800	Juigalpa
8	-11.9300	-76.7100	Chosica
8	-11.6400	-61.2100	Pimenta Bueno
8	-11.5200	-75.9400	La Oroya
8	-11.4100	-75.7300	Tarma
8	-11.2600	-74.6900	Satipo
8	11.2500	-85.8600	San Juan del Sur
8	-11.1100	-77.6200	Huacho
8	-11.0600	-77.6000	Huaura
8	10.9200	-74.7700	Soledad
8	-10.8300	-65.4100	Guayaramerín
8	10.6700	-63.2300	Carúpano
8	10.6400	-74.9200	Sabanalarga
8	10.4800	-73.2500	Valledupar
8	10.4300	-71.4500	Cabimas
8	10.4300	-85.1000	Cañas
8	10.4200	-67.0200	Los Teques
8	10.2805	-61.4594	San Fernando
8	10.2600	-75.3500	Arjona
8	10.1900	-70.0800	Carora
8	10.1700	-64.6800	Puerto la Cruz
8	10.1200	-66.7800	Ocumare del Tuy
8	10.0200	-84.2300	Alajuela
8	9.8700	-83.9300	Cartago
8	-9.4800	-35.8400	Rio Largo
8	-9.4400	-78.2100	Casma
8	9.4400	-64.4600	Anaco
8	-9.4166	-36.6166	Palmeira dos Índios
8	-9.4030	-38.2217	Paulo Afonso
8	9.3354	-82.2475	Bocas del Toro
8	9.3200	-70.6200	Valera
8	9.3000	-82.4000	Almirante
8	9.2300	-74.7400	Magangué
8	9.2100	-66.0200	Valle de la Pascua
8	9.0500	-69.7500	Guanare
8	-8.9322	-74.7052	Tournavista
8	8.6500	-83.1500	Golfito
8	8.6000	-70.2500	Barinas
8	-8.5486	-172.4977	Atafu
8	8.5100	-80.3600	Penonome
8	-8.4200	-37.0700	Arcoverde
8	-8.2900	-35.0300	Cabo de Santo Agostinho
8	-8.1100	-35.0200	Jaboatao
8	-8.0000	-34.8500	Olinda
8	7.9700	-80.4200	Chitré
8	7.9700	3.5900	Iseyin
8	-7.9000	-78.5700	Otuzco
8	-7.8475	-35.2539	Carpina
8	-7.8100	-78.0499	Huamachuco
8	7.6300	4.1800	Iwo
8	7.5190	-78.1660	Jaqué
8	7.2400	-70.7400	Guasdualito
8	7.0900	-73.8500	Barrancabermeja
8	-6.6300	-79.8000	Ferreñafe
8	-6.4300	-76.5200	Lamas
8	-6.3600	-39.3000	Iguatu
8	-6.2200	-36.0300	Santa Cruz
8	-6.1500	-79.7100	Motupe
8	5.9100	-55.0700	Nieuw Amsterdam
8	5.9000	-57.1700	Corriverton
8	-5.8100	-46.1500	Grajau
8	5.7200	-72.9400	Sogamoso
8	5.7166	-75.3166	Sonsón
8	-5.6500	-37.8000	Apodi
8	5.6300	-54.4100	Moengo
8	5.4300	-58.2500	Ituni
8	5.3800	-52.9600	Sinnamary
8	-5.2500	-44.5200	Presidente Dutra
8	-5.1200	-49.3000	Itupiranga
8	-5.1150	-42.8450	Timon
8	5.0200	-55.1700	Brownsweg
8	-4.9700	-39.0200	Quixadá
8	-4.9400	-37.9800	Russas
8	-4.8200	-42.1800	Campo Maior
8	4.7500	-75.9100	Cartago
8	4.7300	-52.3300	Roura
8	-4.5700	-73.7800	Nauta
8	-4.3500	-39.3100	Canindé
8	4.3100	-74.8100	Girardot
8	-4.2500	-42.3000	Barras
8	4.0900	-72.9600	Puerto López
8	-3.6900	-40.3500	Sobral
8	-3.6700	-79.6500	Piñas
8	-3.6600	-45.3900	Santa Inês
8	-3.4000	-44.3600	Itapecuru Mirim
8	3.3900	-59.8000	Lethem
8	-2.9400	-44.2600	Rosário
8	-2.9000	-40.8500	Camocim
8	-2.7400	-78.8400	Azogues
8	2.6900	-75.3300	Campoalegre
8	2.5700	-72.6400	San José del Guaviare
8	-2.5500	-44.0700	São José de Ribamar
8	-2.2000	-80.9800	Salinas
8	-2.1900	-78.8500	Alausí
8	-1.9500	-50.8200	Portel
8	-1.6100	-79.0100	Guaranda
8	-1.1900	-47.1800	Capanema
8	1.1500	-76.6300	Mocoa
8	1.0900	-77.6200	Túquerres
8	-0.9333	-91.0167	Puerto Villamil
8	-0.9000	-89.6000	Puerto Baquerizo Moreno
8	0.6100	-80.0200	Muisne
8	0.6100	-77.8400	San Gabriel
8	-0.3100	-78.4600	Sangolquí
9	64.5695	-21.8623	Borgarnes
9	62.2375	-6.5390	Klaksvík
9	53.6333	11.4167	Schwerin
9	52.8330	104.7000	Ust' Ordynskiy
9	50.6630	14.0810	Usti Nad Labem
9	50.2060	15.8120	Hradec Králové
9	49.9825	8.2732	Mainz
9	49.6260	63.4990	Turgay
9	43.6905	51.1417	Mangyshlak
9	43.2330	44.7830	Nazran
9	-42.4716	171.2231	Greymouth
9	39.7500	69.0000	Leninobod
9	36.8667	43.0000	Duhok
9	34.1940	43.8750	Samarra
9	32.3210	50.8540	Shahrekord
9	30.6590	51.5940	Yasuj
9	30.0000	40.1333	Sakakah
9	-25.3870	-57.1400	Caacupé
9	24.9575	121.2989	Bade
9	24.9439	121.2161	Pingzhen
9	24.9167	121.1500	Yangmei
9	24.8333	121.0119	Zhubei
9	-24.3770	26.1520	Mochudi
9	23.4500	120.3333	Taibao
9	22.6790	-12.7070	Fderik
9	-22.0300	-60.6100	Mariscal Estigarribia
9	19.7470	-14.3910	Akjoujt
9	18.3980	-88.3880	Corozal
9	17.1560	-89.0610	El Cayo
9	17.0580	-13.9090	Aleg
9	16.3300	-86.5190	Roatán
9	15.4920	73.8180	Panaji
9	15.4210	45.3340	Marib
9	14.5500	46.8000	'Ataq
9	13.9790	45.5740	Al Bayda
9	13.0910	-86.0000	Jinotega
9	12.5621	-81.6903	San Andrés
9	11.9690	-86.0950	Masaya
9	11.8460	-86.1950	Jinotepe
9	11.7992	9.3503	Dutse
9	11.7490	11.9660	Damaturu
9	11.1894	-84.7759	San Carlos
9	11.0333	-63.8833	La Asunción
9	10.3360	-68.7460	San Felipe
9	9.9920	-84.1200	Heredia
9	9.9010	-67.3540	San Juan De Los Morros
9	9.6580	-68.5900	San Carlos
9	9.5417	-78.9720	El Porvenir
9	9.3950	16.3050	Laï
9	9.2333	29.8333	Bentiu
9	8.1490	35.5370	Gore
9	7.0600	38.4770	Awasa
9	5.7970	-55.4810	Groningen
9	5.6000	-55.2000	Onverwacht
9	5.3470	-72.4060	Yopal
9	4.3200	21.1800	Mobaye
9	-1.4830	-77.9870	Puyo
9	0.8220	-77.7320	Tulcán
10	62.6340	17.9340	Härnösand
10	61.6900	27.2850	Mikkeli
10	61.1833	6.8500	Leikanger
10	60.9970	24.4720	Hämeenlinna
10	60.8760	26.7090	Kouvola
10	60.8200	11.0690	Hamar
10	60.6300	6.4410	Vossavangen
10	60.6130	15.6470	Falun
10	60.0970	19.9490	Mariehamn
10	59.9135	11.3472	Bærum
10	59.2640	10.4210	Tønsberg
10	58.9431	23.5414	Haapsalu
10	58.7520	16.9961	Nyköping
10	58.7050	13.8280	Mariestad
10	58.4648	8.7660	Arendal
10	58.3639	25.5900	Viljandi
10	58.3630	12.3300	Vannersborg
10	56.1628	15.5908	Karlskrona
10	55.9333	12.3167	Hillerød
10	55.7090	9.5350	Vejle
10	55.4330	11.5667	Sorø
10	54.2500	-6.9667	Muineachan
10	53.6333	-8.1833	Ros Comain
10	53.0000	6.5500	Assen
10	52.5240	6.0970	Zwolle
10	51.9880	5.9230	Arnhem
10	51.6833	5.3167	's-Hertogenbosch
10	51.5020	3.6100	Middelburg
10	50.9288	5.3385	Hasselt
10	50.8530	5.6770	Maastricht
10	50.4460	3.9390	Mons
10	50.2500	106.2000	Suchboatar
10	49.8833	6.1667	Diekirch
10	49.6833	5.8167	Arlon
10	49.6798	6.4256	Grevenmacher
10	48.1050	19.8260	Salgótarján
10	47.8950	20.3830	Eger
10	47.8333	16.5333	Eisenstadt
10	47.7920	22.8850	Satu Mare
10	47.7110	106.9470	Dzuunmod
10	47.7060	8.6330	Schaffhausen
10	47.5526	8.9049	Frauenfeld
10	47.5500	18.4330	Tatabánya
10	47.5167	9.7667	Bregenz
10	47.4830	7.7370	Liestal
10	47.4230	9.3620	Saint Gallen
10	47.3900	8.0340	Aarau
10	47.3833	9.2833	Herisau
10	47.3700	7.3450	Delémont
10	47.3333	9.4167	Appenzell
10	47.2631	29.1608	Dubăsari
10	47.2120	7.5370	Solothurn
10	47.1790	8.4870	Zug
10	47.1750	23.0630	Zalău
10	47.1380	24.5130	Bistrița
10	47.0910	17.9110	Veszprém
10	47.0500	9.0667	Glarus
10	47.0200	8.6480	Schwyz
10	46.9990	6.9230	Neuchâtel
10	46.9500	8.3833	Stans
10	46.9400	26.3830	Piatra-Neamt
10	46.8990	8.2430	Sarnen
10	46.8790	8.6380	Altdorf
10	46.8440	16.8400	Zalaegerszeg
10	46.8000	7.1500	Fribourg
10	46.6720	21.1010	Békéscsaba
10	46.6333	27.7333	Vaslui
10	46.3610	25.5240	Miercurea Cuic
10	46.3440	18.7130	Szekszárd
10	46.2390	7.3540	Sion
10	46.1970	9.0200	Bellinzona
10	46.0770	23.5800	Alba Lulia
10	45.8833	22.9167	Deva
10	45.8680	25.7930	Sfintu-Gheorghe
10	45.7370	7.3150	Aosta
10	45.2920	27.9690	Brăila
10	45.1100	24.3830	Rimnicu Vilcea
10	45.0450	23.2740	Târgu Jiu
10	44.9380	25.4590	Târgoviște
10	44.5700	27.3820	Slobozia
10	44.4350	24.3710	Slatina
10	43.9744	25.3299	Alexandria
10	43.9018	25.9663	Giurgiu
10	43.7272	15.9058	Šibenik
10	43.5340	26.5360	Razgrad
10	43.4140	23.2370	Montana
10	43.1380	24.7190	Lovec
10	42.3333	20.0833	Bajram Curri
10	42.0830	20.4340	Kukës
10	42.0333	19.8833	Pukë
10	42.0230	35.1530	Sinop
10	41.8080	-6.7550	Bragança
10	41.7880	19.6540	Lezhë
10	41.7833	19.8167	Rrëshen
10	41.7430	27.2260	Kırklareli
10	41.6962	-8.8441	Viana Do Castelo
10	41.6833	20.4333	Peshkopi
10	41.6260	20.0160	Burrel
10	41.5630	14.6560	Campobasso
10	41.5190	19.7970	Krujë
10	41.3890	33.7830	Kastamonu
10	41.2940	-7.7370	Vila Real
10	41.2000	20.3667	Librazhd
10	41.1830	41.8180	Artvin
10	41.1333	25.4167	Komatini
10	41.0708	47.4583	Oğuz
10	40.9922	45.6289	Tovuz
10	40.9814	47.8458	Qabala
10	40.9400	19.7160	Lushnjë
10	40.9130	38.3900	Giresun
10	40.9053	45.5564	Agdam
10	40.9000	20.6640	Pogradec
10	40.8756	45.1492	Ijevan
10	40.8667	20.2000	Gramsh
10	40.7667	30.4000	Sakarya
10	40.7300	19.5730	Fier
10	40.7100	19.9720	Berat
10	40.6570	-7.9100	Viseu
10	40.6420	15.7990	Potenza
10	40.6410	-8.6510	Aveiro
10	40.6167	20.7667	Korçë
10	40.6103	46.7897	Goranboy
10	40.6070	33.6210	Çankırı
10	40.5656	45.8161	Gadabay
10	40.5410	-7.2620	Guarda
10	40.5167	20.2333	Çorovodë
10	40.4640	39.4840	Gümüşhane
10	40.3810	23.4530	Polygyros
10	40.3589	45.1267	Gavarr
10	40.3333	20.6833	Ersekë
10	40.3060	36.5630	Tokat
10	40.3017	44.3592	Ashtarak
10	40.2833	20.0333	Tepelenë
10	40.2340	20.3520	Përmet
10	40.1500	29.9830	Bilecik
10	40.0790	20.1490	Gjirokastër
10	39.9539	44.5506	Artashat
10	39.8770	20.0000	Sarandë
10	39.8180	34.8150	Yozgat
10	39.8110	-7.4880	Castelo Branco
10	39.7611	45.3333	Yeghegnadzor
10	39.7390	-8.8050	Leiria
10	39.4880	125.4640	Sin-Ni
10	39.2900	-7.4230	Portalegre
10	39.2310	-8.6820	Santarém
10	39.1420	34.1710	Kırşehir
10	39.1167	39.5333	Tunceli
10	38.9120	-6.3380	Mérida
10	38.8990	22.4340	Lamia
10	38.8850	40.4980	Bingöl
10	38.6240	34.7240	Nevşehir
10	38.5600	-7.9060	Évora
10	38.5070	125.7620	Sariwon
10	38.3940	42.1230	Bitlis
10	38.0140	-7.8630	Beja
10	37.9760	34.6940	Niğde
10	37.9440	41.9330	Siirt
10	37.7167	30.2833	Burdur
10	36.8667	10.2000	L'Ariana
10	36.8220	5.7660	Jijel
10	36.7300	69.5400	Taloqan
10	36.7117	4.0461	Tizi-Ouzou
10	36.5000	8.7500	Jendouba
10	36.4660	7.4280	Guelma
10	36.4000	10.1470	Zaghouan
10	36.2610	68.0400	Aybak
10	36.2333	36.1167	Antakya
10	36.0833	9.3833	Siliana
10	36.0777	4.7647	Bordj Bou Arréridj
10	35.8500	7.1500	Oum el Bouaghi
10	35.7307	10.7673	Monastir
10	35.7000	4.5450	M'sila
10	35.4839	11.0409	Mahdia
10	35.3260	33.3330	Kyrenia
10	35.2167	8.7167	Kasserine
10	35.0167	9.5000	Sdid Bouzid
10	35.0167	69.3333	Mahmud-E Eraqi
10	34.9830	63.1333	Qala i Naw
10	34.9170	33.6360	Larnaka
10	34.8660	71.1500	Asadabad
10	34.7559	32.4225	Paphos
10	34.6500	70.1667	Mehtar Lam
10	-34.5380	-56.2840	Canelones
10	34.5167	65.2500	Chaghcharan
10	-34.4698	-57.8361	Colonia del Sacramento
10	34.4500	68.8000	Mayda Shahr
10	-34.0990	-56.2150	Florida
10	33.9667	68.9667	Baraki Barak
10	33.8333	35.5333	B'abda
10	33.6900	8.9710	Kebili
10	-33.5440	-56.9010	Trinidad
10	33.4000	10.4167	Medenine
10	33.3833	35.4500	Nabatiye et Tahta
10	-33.1390	-58.3040	Fray Bentos
10	33.0000	10.4667	Tataouine
10	32.8500	68.4167	Zareh Sharan
10	32.6333	65.8667	Tarin Kowt
10	32.6250	36.1050	Dar'a
10	32.2833	36.2333	Al Mafraq
10	31.9167	34.8667	Ramla
10	31.9029	35.2062	Ramallah
10	31.5830	64.3600	Lashkar Gah
10	31.3333	37.3333	An Nabk
10	31.1120	61.8870	Zaranj
10	31.1090	30.9360	Kafr el Sheikh
10	30.8333	35.6000	At Tafilah
10	30.5833	31.5167	Zagazig
10	30.5545	31.0070	Shibin el Kom
10	30.4667	31.1833	Benha
10	-30.4110	27.7160	Moyeni
10	30.1920	35.7360	Ma'an
10	-30.1590	27.4800	Mohales Hoek
10	-30.1173	28.7020	Qacha's Nek
10	29.3333	48.0000	Hawalli
10	29.3000	80.6000	Dandeldhura
10	-29.2910	29.0780	Mokhotlong
10	29.2500	82.2167	Jumla
10	-29.1530	27.7530	Teyateyaneng
10	-28.8780	28.0560	Hlotse
10	-28.7500	28.2500	Butha-Buthe
10	28.6950	80.5930	Dhangarhi
10	28.3500	82.1833	Salyan
10	28.2667	83.5833	Baglung
10	27.5842	89.8641	Punakha
10	27.5510	85.1300	Bhimphedi
10	27.5333	83.3833	Bhairawa
10	27.4333	89.9167	Wangdue Prodrang
10	27.4294	89.4168	Paro
10	27.3260	86.0870	Ramechhap
10	-26.9608	31.3101	Hlatikulu
10	26.9080	87.9260	Ilam
10	26.5333	86.7333	Rajbiraj
10	-26.4950	31.3880	Manzini
10	-26.4550	31.9520	Siteki
10	-25.9610	31.2470	Piggs Peak
10	22.6640	106.2680	Cao Bằng
10	22.6500	93.6167	Hakha
10	-22.4550	18.9630	Gobabis
10	22.1333	105.8333	Bắc Kạn
10	-21.9390	15.8530	Karibib
10	21.8800	95.9620	Sagaing
10	21.8460	106.7570	Lạng Sơn
10	21.8180	105.2110	Tuyên Quang
10	21.7400	103.3430	Luan Chau
10	21.7050	104.8750	Yên Bái
10	21.6833	102.1000	Phongsali
10	-21.4360	15.9510	Omaruru
10	21.3280	103.9100	Sơn La
10	20.9500	101.4167	Louang Namtha
10	20.9420	106.3310	Hai Duong
10	20.7820	97.0380	Taunggyi
10	20.4503	106.3330	Thái Bình
10	20.4167	104.0333	Xam Nua
10	20.2775	100.4128	Ban Houayxay
10	19.9318	-72.8295	Port-De-Paix
10	19.7902	-70.6902	Puerto Plata
10	19.6656	-71.8448	Fort-Liberté
10	19.6650	97.2060	Loikaw
10	-19.6400	17.3420	Otavi
10	19.5520	-71.0750	Mao
10	19.5480	-71.7050	Dajabón
10	19.5050	-71.3450	Sabaneta
10	19.3970	-70.5230	Moca
10	19.3830	-70.4167	Salcedo
10	19.3760	-69.8470	Nagua
10	19.3010	97.9690	Mae Hong Son
10	19.2120	-69.3320	Samaná
10	19.1430	-72.0040	Hinche
10	19.0590	-70.1520	Cotuí
10	18.9420	-70.4090	Bonao
10	18.8760	-71.7070	Comendador
10	18.8070	-69.7840	Monte Plata
10	18.7640	-69.2570	Hato Mayor
10	18.7640	-69.0350	El Seibo
10	18.6339	-74.1184	Jérémie
10	18.6160	-68.7080	Higuey
10	18.5740	99.0071	Lamphun
10	18.4930	-71.8510	Jimaní
10	18.4796	-77.6560	Falmouth
10	18.4540	-70.7290	Azua
10	18.4430	-78.1790	Lucea
10	18.4326	-77.1995	Saint Ann's Bay
10	18.4160	-70.1090	San Cristóbal
10	18.3770	-76.9000	Port Maria
10	18.2800	-70.3310	Baní
10	18.2350	-72.5370	Jacmel
10	18.1640	-77.9480	Savanna-la-Mar
10	18.1590	-76.3800	Port Antonio
10	18.0380	-71.7410	Pedernales
10	18.0333	-76.8000	Half Way Tree
10	18.0330	-77.5000	Mandeville
10	18.0310	-77.8520	Black River
10	17.8910	-76.3290	Port Morant
10	-16.9167	35.2667	Nsanje
10	16.8500	107.1333	Đông Hà
10	16.8500	97.6167	Pa-an
10	16.4730	99.5290	Kamphaeng Phet
10	16.4390	100.3490	Phichit
10	16.4280	103.5090	Kalasin
10	16.4190	101.1590	Phetchabun
10	16.1840	103.2980	Maha Sarakham
10	16.0510	103.6550	Roi Et
10	-16.0333	35.5000	Mulanje
10	15.7880	104.1510	Yasothon
10	15.7160	106.4270	Saravan
10	-15.7000	35.1833	Chiradzulu
10	-15.6167	34.5167	Mwanza
10	15.1790	100.1260	Chainat
10	-15.1762	35.3017	Machinga
10	15.1298	-87.1285	Yoro
10	15.1030	-90.3140	Salamá
10	15.0333	-91.1333	Santa Cruz Del Quiche
10	14.9720	-89.5290	Zacapa
10	14.9660	-91.8000	San Marcos
10	14.9223	-90.0162	El Progreso
10	14.9190	-88.2360	Santa Bárbara
10	14.9140	-91.3580	Totonicapán
10	14.8870	100.4010	Sing Buri
10	14.8833	105.8667	Champasak
10	-14.8167	34.6333	Ntcheu
10	14.8080	106.8390	Attapu
10	14.7970	-89.5440	Chiquimula
10	14.7730	-91.1830	Sololá
10	14.6620	-90.8200	Chimaltenango
10	14.6330	-89.9890	Jalapa
10	14.5833	-88.5833	Gracias
10	14.5833	100.4500	Ang Thong
10	14.5667	-90.7333	Antigua Guatemala
10	14.5371	-91.6770	Retalhuleu
10	14.4710	100.1290	Supham Buri
10	14.4500	-0.2333	Gorom Gorom
10	14.4370	-89.1820	Nueva Ocotepeque
10	-14.3667	34.3333	Dedza
10	14.3440	-16.4160	Fatick
10	14.3330	-88.1667	La Esperanza
10	14.3200	-87.6840	La Paz
10	14.2790	-90.2980	Cuilapa
10	14.2000	101.2160	Nakhon Nayok
10	14.0990	-1.6270	Djibo
10	14.0340	-0.0280	Dori
10	14.0095	-88.9067	Chalatenango
10	13.9440	-86.8510	Yuscarán
10	13.9190	-89.8450	Ahuachapán
10	13.8180	100.0640	Nakhon Pathom
10	13.8167	104.9667	Phnum Tbeng Meanchey
10	-13.8000	32.9000	Mchinji
10	13.7167	-88.9333	Cojutepeque
10	13.7000	-88.1000	San Francisco Gotera
10	13.6790	101.0760	Chachoengsao
10	13.6740	-89.2900	Nueva San Salvador
10	13.6410	-88.7850	San Vicente
10	13.6300	-86.4730	Ocotal
10	13.5510	-14.7670	Georgetown
10	13.5360	100.2740	Samut Sakhon
10	13.5230	105.9740	Stoeng Treng
10	13.5080	-88.8680	Zacatecoluca
10	13.5070	106.9810	Lumphat
10	13.4940	-16.0950	Kerewan
10	13.4760	-86.5830	Somoto
10	13.4549	-15.5433	Mansa Konko
10	13.4364	0.5304	Sebba
10	13.4130	100.0010	Samut Songkhram
10	13.3460	-88.4320	Usulután
10	13.3320	-87.8390	La Unión
10	13.3100	-14.2230	Basse Santa Su
10	13.0820	109.3160	Tuy Hòa
10	13.0690	-3.0700	Tougan
10	12.9690	-0.1380	Bogandé
10	12.9540	-2.2630	Yako
10	12.7290	-3.8600	Nouna
10	12.7120	104.8890	Kampong Thum
10	12.6570	-0.5690	Boulsa
10	12.5770	-1.2930	Ziniaré
10	12.4930	-15.2270	Farim
10	12.4800	-13.2960	Koundara
10	12.4690	106.0240	Kracheh
10	12.4550	-3.4640	Dédougou
10	12.4500	107.2000	Senmonorom
10	12.3335	-2.4669	Réo
10	12.2800	-14.2340	Gabú
10	12.2690	-16.1650	Cacheu
10	12.2430	-0.6110	Zorgo
10	12.2370	102.5090	Trat
10	12.1833	-4.0833	Solenzo
10	12.1770	-0.3560	Koupéla
10	12.0840	-12.3010	Mali
10	12.0770	1.7960	Diapaga
10	12.0640	-1.3340	Kombissiri
10	12.0550	0.3610	Fada Ngourma
10	-11.9000	33.6000	Mzimba
10	11.8030	99.8000	Prachuap Khiri Khan
10	11.7833	42.9000	Tadjoura
10	11.7730	-15.1950	Fulacunda
10	11.7540	-13.2130	Gaoual
10	11.6620	-1.0650	Manga
10	11.5544	-1.7736	Sapouy
10	11.4840	105.3240	Prey Veng
10	11.4520	104.5190	Kampong Spoe
10	11.4400	-11.6700	Tongue
10	11.3230	106.1470	Tây Ninh
10	11.2990	-10.7260	Dinguiraye
10	11.2730	-15.2542	Catió
10	11.1690	-1.1350	Pô
10	11.1040	42.3720	Dikhil
10	11.0940	-2.0980	Leo
10	11.0800	-12.4010	Pita
10	11.0800	105.8010	Svay Rieng
10	10.9740	-4.9080	Orodara
10	10.9691	106.6527	Thu Dau Mot
10	10.9520	-3.2480	Diébougou
10	10.9050	-13.0430	Télimélé
10	10.7480	-11.1090	Dabola
10	10.6560	-12.2720	Dalaba
10	10.6530	-9.8920	Kouroussa
10	10.5833	47.3333	Ceerigaabo
10	10.4670	105.6360	Cao Lãnh
10	10.3250	-3.1740	Gaoua
10	10.2560	105.9640	Vĩnh Long
10	10.2350	106.3750	Truc Giang
10	10.1850	-14.0430	Boffa
10	9.9620	98.6380	Ranong
10	9.9340	106.3340	Tra Vinh
10	9.4300	-13.0980	Forecariah
10	9.2610	0.7890	Bassar
10	-9.1092	143.2337	Daru
10	8.6870	-8.6570	Beyla
10	8.5690	81.2330	Trincomalee
10	8.5570	0.9850	Sotouboua
10	8.5540	-10.1510	Gueckedou
10	8.4510	98.5340	Phangnga
10	8.4333	47.3167	Laascaanood
10	8.4167	-9.7500	Voinjama
10	8.2800	-7.6840	Touba
10	8.0520	98.9120	Krabi
10	8.0330	79.8260	Puttalan
10	-7.9270	145.8380	Kerema
10	7.6150	100.0810	Phatthalung
10	7.3710	-8.6850	Sanniquellie
10	7.3360	-2.3360	Sunyani
10	6.9780	-5.7480	Bouaflé
10	6.8640	101.2500	Pattani
10	-6.7667	38.9167	Kibaha
10	6.6930	80.3860	Ratnapura
10	6.6167	100.0667	Satun
10	6.6150	1.7150	Lokossa
10	6.5520	-5.0190	Toumodi
10	6.5260	-10.3490	Kakata
10	6.4333	-10.6000	Bensonville
10	6.4330	100.1900	Kangar
10	-6.2280	155.5660	Arawa
10	-6.0230	144.9600	Kundiawa
10	-5.8790	39.2600	Mkokotoni
10	5.8390	-5.3600	Divo
10	-5.5500	150.1430	Kimbe
10	5.5320	7.4860	Umuahia
10	5.5320	46.3822	Dhuusa Mareeb
10	5.4930	7.0260	Owerri
10	-5.4900	143.7180	Wabag
10	5.4667	-3.2000	Aboisso
10	5.4650	-9.5780	Rivercess
10	-5.0635	39.7258	Wete
10	5.0360	7.9162	Uyo
10	4.6741	-8.2316	Barclayville
10	-4.3560	14.7620	Kinkala
10	4.1840	102.0420	Kuala Lipis
10	4.1833	43.8667	Hudur
10	-4.1640	13.5540	Madingou
10	4.1550	9.2310	Buea
10	-4.1333	29.8000	Makamba
10	-3.9310	29.9930	Rutana
10	-3.4810	30.2440	Ruyigi
10	3.4500	8.5500	Luba
10	3.3614	31.8097	Adjumani
10	3.3270	42.2270	Garbahaarey
10	-3.2610	29.6120	Muramvya
10	-3.1667	30.5167	Cankuzo
10	-3.1000	30.1630	Karusi
10	-3.0833	29.3667	Bubanza
10	3.0667	101.5500	Shah Alam
10	-2.9215	10.9973	Tchibanga
10	-2.9120	29.8250	Ngozi
10	-2.9000	29.5667	Kayanza
10	-2.6900	141.3040	Vanimo
10	-2.5847	30.0972	Kirundo
10	-2.4833	29.5667	Gikongoro
10	2.4758	31.1025	Nebbi
10	-2.1667	30.5333	Kibungo
10	2.1530	11.3300	Ebebiyín
10	-2.0500	29.3500	Kibuye
10	-2.0320	147.2800	Lorengau
10	1.8911	33.9661	Katakwi
10	1.7389	33.1594	Kaberamaido
10	1.6744	31.7150	Masindi
10	1.6450	7.4120	Santo António
10	1.4608	33.9361	Kumi
10	1.4500	10.5667	Evinayong
10	-1.3539	29.6983	Kisoro
10	1.3089	32.4564	Nakasongola
10	1.2500	34.3000	Sironko
10	1.1450	33.7094	Pallisa
10	1.0833	42.5833	Bu'aale
10	0.9472	33.1197	Kamuli
10	0.9161	31.7742	Kiboga
10	-0.8794	30.2642	Ntungamo
10	0.8000	31.0667	Kibale
10	-0.7570	28.5280	Buluko
10	0.7025	32.8886	Kayunga
10	0.6710	30.2750	Fort Portal
10	0.6092	33.4686	Iganga
10	0.5833	32.5333	Bombo
10	0.4544	34.0758	Busia
10	-0.4170	36.9510	Nyeri
10	-0.3089	32.2250	Kalangala
10	0.2250	32.3136	Mpigi
